Ticker,TickerType,Company,Traded,Transaction,Trade_Size_USD,Status,Subholding,Description,Name,Filed,Party,District,Chamber,Comments,Quiver_Upload_Time,excess_return,State,last_modified,traded_date,filed_date,ticker_clean,excess_return_30d,excess_return_90d,good_trade_30d,good_trade_90d
DVN,ST,DEVON ENERGY CORPORATION,"Friday, December 29, 2023",Purchase,"$1,001 - $15,000",NEW, HERN FAMILY FOUNDATION,DIVIDEND REINVESTMENT,Kevin Hern,2024-01-13,R, OK01,House,,2024-01-15,-2.48160917448996,Oklahoma,2024-01-15,2023-12-29,2024-01-13,DVN,-8.899569900442161,0.6146154535984216,False,True
TFC,Stock,Truist Financial Corp,"Friday, December 29, 2023",Sale (Partial),"$15,001 - $50,000",New,,,"Capito, Shelley Moore",2024-01-12,R,,Senate,,2024-01-12,-13.1826536139916,West Virginia,2024-01-12,2023-12-29,2024-01-12,TFC,0.14556392412843344,4.578378384938464,True,True
NOC,ST,NORTHROP GRUMMAN CORPORATION,"Friday, December 29, 2023",Purchase,"$15,001 - $50,000",NEW, MORGAN STANLEY - SELECT UMA ACCOUNT # 1,,Josh Gottheimer,2024-01-07,D, NJ05,House,,2024-01-09,-8.96799826716624,New Jersey,2024-01-09,2023-12-29,2024-01-07,NOC,-9.686612452283772,-7.910825423155221,False,False
SCHW,ST,CHARLES SCHWAB CORPORATION,"Friday, December 29, 2023",Sale,"$50,001 - $100,000",NEW, HILL 2012 TRUST (FORMERLY JAY F HILL TRUST),,James French Hill,2024-01-10,R, AR02,House,,2024-01-11,-10.1611615129057,Arkansas,2024-01-11,2023-12-29,2024-01-10,SCHW,10.378543145410147,5.012675166821157,True,True
PYPL,ST,"PAYPAL HOLDINGS, INC.","Friday, December 29, 2023",Sale,"$15,001 - $50,000",NEW, HILL 2012 TRUST (FORMERLY JAY F HILL TRUST),,James French Hill,2024-01-10,R, AR02,House,,2024-01-11,-5.25812700977575,Arkansas,2024-01-11,2023-12-29,2024-01-10,PYPL,-0.5121523023867702,1.0715492229016244,False,True
LMT,ST,LOCKHEED MARTIN CORPORATION,"Friday, December 29, 2023",Purchase,"$1,001 - $15,000",NEW, HERN FAMILY REVOCABLE TRUST > BROKERAGE INVESTMENT ACCOUNT,DIVIDEND REINVESTMENT,Kevin Hern,2024-01-13,R, OK01,House,,2024-01-15,-11.4464603329774,Oklahoma,2024-01-15,2023-12-29,2024-01-13,LMT,-8.88116658785365,-9.798380066619528,False,False
DVN,ST,DEVON ENERGY CORPORATION,"Friday, December 29, 2023",Purchase,"$15,001 - $50,000",NEW, HERN FAMILY REVOCABLE TRUST > BROKERAGE INVESTMENT ACCOUNT,DIVIDEND REINVESTMENT,Kevin Hern,2024-01-13,R, OK01,House,,2024-01-15,-2.48160917448996,Oklahoma,2024-01-15,2023-12-29,2024-01-13,DVN,-8.899569900442161,0.6146154535984216,False,True
BBY,ST,"BEST BUY CO., INC.","Thursday, December 28, 2023",Sale,"$1,001 - $15,000",NEW, MORGAN STANLEY ACTIVE ASSETS (6),,Jared Moskowitz,2024-01-22,D, FL23,House,,2024-01-23,-7.87636486927082,Florida,2024-01-23,2023-12-28,2024-01-22,BBY,9.548189591752642,5.37797893415497,True,True
DIS,ST,WALT DISNEY COMPANY,"Thursday, December 28, 2023",Sale,"$1,001 - $15,000",NEW, MORGAN STANLEY ACTIVE ASSETS (6),,Jared Moskowitz,2024-01-22,D, FL23,House,,2024-01-23,16.5229260156624,Florida,2024-01-23,2023-12-28,2024-01-22,DIS,-4.820348304977062,-24.103287780219173,False,False
ROP,ST,"ROPER TECHNOLOGIES, INC.","Thursday, December 28, 2023",Purchase,"$1,001 - $15,000",NEW, MORGAN STANLEY ACTIVE ASSETS (5),,Jared Moskowitz,2024-01-22,D, FL23,House,,2024-01-23,-7.09584970237676,Florida,2024-01-23,2023-12-28,2024-01-22,ROP,-1.231856920907215,-7.338361771312263,False,False
META,ST,"META PLATFORMS, INC. - CLASS A","Thursday, December 28, 2023",Purchase,"$1,001 - $15,000",NEW, MORGAN STANLEY ACTIVE ASSETS (5),,Jared Moskowitz,2024-01-22,D, FL23,House,,2024-01-23,27.7871319363108,Florida,2024-01-23,2023-12-28,2024-01-22,META,8.894149263386698,28.102369569683372,True,True
HRL,ST,HORMEL FOODS CORPORATION,"Thursday, December 28, 2023",Sale,"$1,001 - $15,000",NEW, MORGAN STANLEY ACTIVE ASSETS (5),,Jared Moskowitz,2024-01-22,D, FL23,House,,2024-01-23,-0.427654719233256,Florida,2024-01-23,2023-12-28,2024-01-22,HRL,7.31186284472205,0.6133210928342292,True,True
LLY,ST,ELI LILLY AND COMPANY,"Thursday, December 28, 2023",Purchase,"$1,001 - $15,000",NEW, MORGAN STANLEY ACTIVE ASSETS (5),,Jared Moskowitz,2024-01-22,D, FL23,House,,2024-01-23,22.5234594496518,Florida,2024-01-23,2023-12-28,2024-01-22,LLY,8.021596223285554,24.248483391006204,True,True
MDT,ST,MEDTRONIC PLC. ORDINARY SHARES,"Thursday, December 28, 2023",Sale,"$1,001 - $15,000",NEW, MORGAN STANLEY ACTIVE ASSETS (5),,Jared Moskowitz,2024-01-22,D, FL23,House,,2024-01-23,-6.30021841728884,Florida,2024-01-23,2023-12-28,2024-01-22,MDT,-2.6706497015955843,4.659485581367484,False,True
TMUS,ST,"T-MOBILE US, INC.","Thursday, December 28, 2023",Purchase,"$1,001 - $15,000",NEW, MORGAN STANLEY ACTIVE ASSETS (5),,Jared Moskowitz,2024-01-22,D, FL23,House,,2024-01-23,-5.51626160108135,Florida,2024-01-23,2023-12-28,2024-01-22,TMUS,-0.4179755604053037,-7.799015111780161,False,False
WST,ST,"WEST PHARMACEUTICAL SERVICES, INC.","Thursday, December 28, 2023",Purchase,"$1,001 - $15,000",NEW, MORGAN STANLEY ACTIVE ASSETS (6),,Jared Moskowitz,2024-01-22,D, FL23,House,,2024-01-23,1.89469725361556,Florida,2024-01-23,2023-12-28,2024-01-22,WST,1.3642147804021176,1.3118356337405768,True,True
CCI,ST,CROWN CASTLE INC.,"Thursday, December 28, 2023",Sale,"$1,001 - $15,000",NEW, TRUST ONE,SALE LOSS 45.9831 SHARES,Pete Sessions,2024-01-24,R, TX17,House,,2024-01-25,-16.2209179360984,Texas,2024-01-25,2023-12-28,2024-01-24,CCI,9.1891371744378,18.784524718143068,True,True
GOOG,ST,ALPHABET INC. - CLASS C CAPITAL STOCK,"Thursday, December 28, 2023",Purchase,"$1,001 - $15,000",NEW, MORGAN STANLEY ACTIVE ASSETS (6),,Jared Moskowitz,2024-01-22,D, FL23,House,,2024-01-23,-6.68561485967212,Florida,2024-01-23,2023-12-28,2024-01-22,GOOG,6.575391984153733,-2.1788445320853222,True,False
MRK,ST,"MERCK & COMPANY, INC. COMMON STOCK","Thursday, December 28, 2023",Purchase,"$1,001 - $15,000",NEW,,,Jared Moskowitz,2024-01-22,D, FL23,House,,2024-01-23,4.40641260464082,Florida,2024-01-23,2023-12-28,2024-01-22,MRK,8.478767541501186,11.403005465749239,True,True
DG,ST,DOLLAR GENERAL CORPORATION,"Thursday, December 28, 2023",Sale,"$1,001 - $15,000",NEW, MORGAN STANLEY ACTIVE ASSETS (6),,Jared Moskowitz,2024-01-22,D, FL23,House,,2024-01-23,4.78328695095384,Florida,2024-01-23,2023-12-28,2024-01-22,DG,4.394755669730587,-4.041993045588432,True,False
MRK,ST,"MERCK & COMPANY, INC. COMMON STOCK","Thursday, December 28, 2023",Purchase,"$1,001 - $15,000",NEW, MORGAN STANLEY ACTIVE ASSETS (6),,Jared Moskowitz,2024-01-22,D, FL23,House,,2024-01-23,4.40641260464082,Florida,2024-01-23,2023-12-28,2024-01-22,MRK,8.478767541501186,11.403005465749239,True,True
PFE,ST,"PFIZER, INC.","Thursday, December 28, 2023",Sale,"$1,001 - $15,000",NEW, MORGAN STANLEY ACTIVE ASSETS (6),,Jared Moskowitz,2024-01-22,D, FL23,House,,2024-01-23,-10.2679835922091,Florida,2024-01-23,2023-12-28,2024-01-22,PFE,7.572763529503012,13.23231054251024,True,True
CCI,ST,CROWN CASTLE INC.,"Thursday, December 28, 2023",Sale,"$1,001 - $15,000",NEW,,SALE LOSS,Pete Sessions,2023-12-28,R, TX17,House,,2023-12-30,-16.2209179360984,Texas,2023-12-30,2023-12-28,2023-12-28,CCI,9.1891371744378,18.784524718143068,True,True
TMUS,ST,"T-MOBILE US, INC.","Thursday, December 28, 2023",Purchase,"$1,001 - $15,000",NEW, MORGAN STANLEY ACTIVE ASSETS (6),,Jared Moskowitz,2024-01-22,D, FL23,House,,2024-01-23,-5.51626160108135,Florida,2024-01-23,2023-12-28,2024-01-22,TMUS,-0.4179755604053037,-7.799015111780161,False,False
DIS,ST,WALT DISNEY COMPANY,"Thursday, December 28, 2023",Sale,"$1,001 - $15,000",NEW, MORGAN STANLEY ACTIVE ASSETS (5),,Jared Moskowitz,2024-01-22,D, FL23,House,,2024-01-23,16.5229260156624,Florida,2024-01-23,2023-12-28,2024-01-22,DIS,-4.820348304977062,-24.103287780219173,False,False
D,Stock,Dominion Energy Inc,"Thursday, December 28, 2023",Sale (Full),"$1,001 - $15,000",New,,,"Peters, Gary",2024-01-25,D,,Senate,,2024-01-25,-5.65811099602295,Michigan,2024-01-25,2023-12-28,2024-01-25,D,6.486233442644441,6.621726899164493,True,True
HRL,ST,HORMEL FOODS CORPORATION,"Thursday, December 28, 2023",Sale,"$1,001 - $15,000",NEW, MORGAN STANLEY ACTIVE ASSETS (6),,Jared Moskowitz,2024-01-22,D, FL23,House,,2024-01-23,-0.427654719233256,Florida,2024-01-23,2023-12-28,2024-01-22,HRL,7.31186284472205,0.6133210928342292,True,True
META,ST,"META PLATFORMS, INC. - CLASS A","Thursday, December 28, 2023",Purchase,"$1,001 - $15,000",NEW, MORGAN STANLEY ACTIVE ASSETS (6),,Jared Moskowitz,2024-01-22,D, FL23,House,,2024-01-23,27.7871319363108,Florida,2024-01-23,2023-12-28,2024-01-22,META,8.894149263386698,28.102369569683372,True,True
GOOG,ST,ALPHABET INC. - CLASS C CAPITAL STOCK,"Thursday, December 28, 2023",Purchase,"$1,001 - $15,000",NEW, MORGAN STANLEY ACTIVE ASSETS (5),,Jared Moskowitz,2024-01-22,D, FL23,House,,2024-01-23,-6.68561485967212,Florida,2024-01-23,2023-12-28,2024-01-22,GOOG,6.575391984153733,-2.1788445320853222,True,False
DG,ST,DOLLAR GENERAL CORPORATION,"Thursday, December 28, 2023",Sale,"$1,001 - $15,000",NEW, MORGAN STANLEY ACTIVE ASSETS (5),,Jared Moskowitz,2024-01-22,D, FL23,House,,2024-01-23,4.78328695095384,Florida,2024-01-23,2023-12-28,2024-01-22,DG,4.394755669730587,-4.041993045588432,True,False
SYY,ST,SYSCO CORPORATION,"Thursday, December 28, 2023",Sale,"$1,001 - $15,000",NEW, MORGAN STANLEY ACTIVE ASSETS (6),,Jared Moskowitz,2024-01-22,D, FL23,House,,2024-01-23,3.47303942182119,Florida,2024-01-23,2023-12-28,2024-01-22,SYY,0.10636136682296016,-2.460958686316217,True,False
PFE,ST,"PFIZER, INC.","Thursday, December 28, 2023",Sale,"$1,001 - $15,000",NEW, MORGAN STANLEY ACTIVE ASSETS (5),,Jared Moskowitz,2024-01-22,D, FL23,House,,2024-01-23,-10.2679835922091,Florida,2024-01-23,2023-12-28,2024-01-22,PFE,7.572763529503012,13.23231054251024,True,True
SYY,ST,SYSCO CORPORATION,"Thursday, December 28, 2023",Sale,"$1,001 - $15,000",NEW, MORGAN STANLEY ACTIVE ASSETS (5),,Jared Moskowitz,2024-01-22,D, FL23,House,,2024-01-23,3.47303942182119,Florida,2024-01-23,2023-12-28,2024-01-22,SYY,0.10636136682296016,-2.460958686316217,True,False
LLY,ST,ELI LILLY AND COMPANY,"Thursday, December 28, 2023",Purchase,"$1,001 - $15,000",,,,Jared Moskowitz,2024-01-22,D, FL23,House,,2024-01-23,22.5234594496518,Florida,2024-01-23,2023-12-28,2024-01-22,LLY,8.021596223285554,24.248483391006204,True,True
SHW,ST,SHERWIN-WILLIAMS COMPANY,"Thursday, December 28, 2023",Sale,"$1,001 - $15,000",NEW, MORGAN STANLEY ACTIVE ASSETS (5),,Jared Moskowitz,2024-01-22,D, FL23,House,,2024-01-23,-0.340758154367697,Florida,2024-01-23,2023-12-28,2024-01-22,SHW,4.540915920726373,-1.1600167138512418,True,False
MDT,ST,MEDTRONIC PLC. ORDINARY SHARES,"Thursday, December 28, 2023",Sale,"$1,001 - $15,000",NEW, MORGAN STANLEY ACTIVE ASSETS (6),,Jared Moskowitz,2024-01-22,D, FL23,House,,2024-01-23,-6.30021841728884,Florida,2024-01-23,2023-12-28,2024-01-22,MDT,-2.6706497015955843,4.659485581367484,False,True
ADI,ST,"ANALOG DEVICES, INC.","Thursday, December 28, 2023",Purchase,"$1,001 - $15,000",NEW, MORGAN STANLEY ACTIVE ASSETS (5),,Jared Moskowitz,2024-01-22,D, FL23,House,,2024-01-23,-9.83254918400953,Florida,2024-01-23,2023-12-28,2024-01-22,ADI,-4.540750277485772,-13.175008006052503,False,False
SHW,ST,SHERWIN-WILLIAMS COMPANY,"Thursday, December 28, 2023",Sale,"$1,001 - $15,000",NEW, MORGAN STANLEY ACTIVE ASSETS (6),,Jared Moskowitz,2024-01-22,D, FL23,House,,2024-01-23,-0.340758154367697,Florida,2024-01-23,2023-12-28,2024-01-22,SHW,4.540915920726373,-1.1600167138512418,True,False
ROP,ST,"ROPER TECHNOLOGIES, INC.","Thursday, December 28, 2023",Purchase,"$1,001 - $15,000",NEW, MORGAN STANLEY ACTIVE ASSETS (6),,Jared Moskowitz,2024-01-22,D, FL23,House,,2024-01-23,-7.09584970237676,Florida,2024-01-23,2023-12-28,2024-01-22,ROP,-1.231856920907215,-7.338361771312263,False,False
TSCO,ST,TRACTOR SUPPLY COMPANY,"Thursday, December 28, 2023",Purchase,"$1,001 - $15,000",NEW, MORGAN STANLEY ACTIVE ASSETS (5),,Jared Moskowitz,2024-01-22,D, FL23,House,,2024-01-23,11.7904980643411,Florida,2024-01-23,2023-12-28,2024-01-22,TSCO,1.813005425974401,10.9057784982447,True,True
AMT,ST,AMERICAN TOWER CORPORATION,"Thursday, December 28, 2023",Sale,"$1,001 - $15,000",NEW, TRUST ONE,SOLD LOSS 21.1125 SHARES,Pete Sessions,2024-01-24,R, TX17,House,,2024-01-25,-16.4424805928983,Texas,2024-01-25,2023-12-28,2024-01-24,AMT,11.334412932558102,18.832638021785442,True,True
VZ,Stock,Verizon Communications Inc,"Wednesday, December 27, 2023",Sale (Full),"$1,001 - $15,000",New,,,"King, Angus",2024-01-16,I,,Senate,,2024-01-16,-1.48978681603906,Maine,2024-01-16,2023-12-27,2024-01-16,VZ,-11.354717486607369,-0.6625301270752892,False,False
VZ,Stock,Verizon Communications Inc,"Tuesday, December 26, 2023",Sale (Partial),"$15,001 - $50,000",New,,,"Tuberville, Tommy",2024-01-12,R,,Senate,,2024-01-12,-2.16630933432168,Alabama,2024-01-12,2023-12-26,2024-01-12,VZ,-10.332651107205848,0.2423654228002281,False,True
WMB,ST,"WILLIAMS COMPANIES, INC.","Tuesday, December 26, 2023",Purchase,"$1,001 - $15,000",NEW, HERN FAMILY REVOCABLE TRUST > BROKERAGE INVESTMENT ACCOUNT,DIVIDEND REINVESTMENT,Kevin Hern,2024-01-13,R, OK01,House,,2024-01-15,-2.17609435558132,Oklahoma,2024-01-15,2023-12-26,2024-01-13,WMB,-4.437083526230801,-0.48878164184538164,False,False
PODD,Stock,Insulet Corp,"Friday, December 22, 2023",Sale (Partial),"$1,001 - $15,000",New,,,"Mullin, Markwayne",2024-01-26,R,,Senate,,2024-01-28,-31.2531905481864,Oklahoma,2024-01-28,2023-12-22,2024-01-26,PODD,6.71003690458325,33.156630595333795,True,True
CTVA,Stock,Corteva Inc,"Friday, December 22, 2023",Sale (Partial),"$1,001 - $15,000",New,,,"Mullin, Markwayne",2024-01-26,R,,Senate,,2024-01-28,8.10040449756787,Oklahoma,2024-01-28,2023-12-22,2024-01-26,CTVA,7.261397117524748,-7.290007259180986,True,False
SHOP,Stock,Shopify Inc,"Friday, December 22, 2023",Sale (Partial),"$1,001 - $15,000",New,,,"Mullin, Markwayne",2024-01-26,R,,Senate,,2024-01-28,-7.5597876978204,Oklahoma,2024-01-28,2023-12-22,2024-01-26,SHOP,-2.4495240878237734,6.648204975626015,False,True
CELH,Stock,Celsius Holdings Inc,"Friday, December 22, 2023",Sale (Partial),"$1,001 - $15,000",New,,,"Mullin, Markwayne",2024-01-26,R,,Senate,,2024-01-28,77.6751871493226,Oklahoma,2024-01-28,2023-12-22,2024-01-26,CELH,-3.2209309912843764,-71.5140424191376,False,False
PYPL,Stock,"PayPal Holdings, Inc. - Common Stock","Friday, December 22, 2023",Sale (Partial),"$1,001 - $15,000",New,,,"Mullin, Markwayne",2024-01-26,R,,Senate,,2024-01-28,-6.34304457836127,Oklahoma,2024-01-28,2023-12-22,2024-01-26,PYPL,-1.0575693499682792,3.287117528879313,False,True
AAPL,ST,APPLE INC.,"Friday, December 22, 2023",Purchase,"$1,001 - $15,000",NEW, IRON GATE GA BROKERAGE PORTFOLIO > IGGA ROTH IRA (JM),,Blake Moore,2024-01-24,R, UT01,House,,2024-01-24,-18.813068527128,Utah,2024-01-24,2023-12-22,2024-01-24,AAPL,-1.8650882135173408,-21.72298780908658,False,False
NEE,ST,"NEXTERA ENERGY, INC.","Thursday, December 21, 2023",Sale,"$15,001 - $50,000",NEW," R.W. ALLEN & ASSOCIATES, INC.",,Richard W. Allen,2024-01-11,R, GA12,House,,2024-01-12,-7.42204175946859,Georgia,2024-01-12,2023-12-21,2024-01-11,NEE,6.798325394025262,5.704889152197312,True,True
DBSDY,ST,DBS GROUP HOLDINGS LTD ORD AMERICAN DEPOSITARY SHARES,"Thursday, December 21, 2023",Purchase,"$1,001 - $15,000",NEW, MORGAN STANLEY - SELECT UMA ACCOUNT # 1,,Josh Gottheimer,2024-01-07,D, NJ05,House,,2024-01-09,-0.263593468252791,New Jersey,2024-01-09,2023-12-21,2024-01-07,DBSDY,-2.6951748236780704,-1.0162161734839525,False,False
AMD,ST,"ADVANCED MICRO DEVICES, INC.","Wednesday, December 20, 2023",Sale,"$1,001 - $15,000",NEW, MORGAN STANLEY - SELECT UMA ACCOUNT # 1,,Josh Gottheimer,2024-01-07,D, NJ05,House,,2024-01-09,31.753137246979,New Jersey,2024-01-09,2023-12-20,2024-01-07,AMD,-25.600652156004557,-23.69918828625579,False,False
TPH,ST,"TRI POINTE HOMES, INC.","Wednesday, December 20, 2023",Purchase,"$1,001 - $15,000",NEW, MORGAN STANLEY - SELECT UMA ACCOUNT # 1,,Josh Gottheimer,2024-01-07,D, NJ05,House,,2024-01-09,-8.66431278112513,New Jersey,2024-01-09,2023-12-20,2024-01-07,TPH,0.22350549725280722,-7.073614035643061,True,False
MU,ST,"MICRON TECHNOLOGY, INC.","Wednesday, December 20, 2023",Purchase,"$1,001 - $15,000",NEW, PERSHING LLC,,Dwight Evans,2024-01-17,D, PA03,House,,2024-01-22,9.22120816987531,Pennsylvania,2024-01-22,2023-12-20,2024-01-17,MU,8.197694871756077,9.236331825231069,True,True
INTA,ST,"INTAPP, INC.","Wednesday, December 20, 2023",Purchase,"$1,001 - $15,000",NEW, MORGAN STANLEY - SELECT UMA ACCOUNT # 1,,Josh Gottheimer,2024-01-07,D, NJ05,House,,2024-01-09,-21.6662514302449,New Jersey,2024-01-09,2023-12-20,2024-01-07,INTA,13.255329575619257,-19.118619967233396,True,False
MA,ST,MASTERCARD INCORPORATED,"Wednesday, December 20, 2023",Sale,"$1,001 - $15,000",NEW, MORGAN STANLEY - SELECT UMA ACCOUNT # 1,,Josh Gottheimer,2024-01-07,D, NJ05,House,,2024-01-09,4.15963313957183,New Jersey,2024-01-09,2023-12-20,2024-01-07,MA,-1.1207533518870605,-5.1694387847847745,False,False
LRCX,Stock,Lam Research Corp,"Wednesday, December 20, 2023",Sale (Partial),"$1,001 - $15,000",New,,,"Boozman, John",2024-01-08,R,,Senate,,2024-01-08,11.27112071181,Arkansas,2024-01-08,2023-12-20,2024-01-08,LRCX,-6.445663700775572,-13.109556880154827,False,False
UMBF,ST,UMB FINANCIAL CORPORATION,"Wednesday, December 20, 2023",Purchase,"$1,001 - $15,000",NEW, MORGAN STANLEY - SELECT UMA ACCOUNT # 1,,Josh Gottheimer,2024-01-07,D, NJ05,House,,2024-01-09,-11.9175511882065,New Jersey,2024-01-09,2023-12-20,2024-01-07,UMBF,-4.089668869929019,-12.78197002136987,False,False
W,ST,WAYFAIR INC. CLASS A,"Wednesday, December 20, 2023",Purchase,"$1,001 - $15,000",NEW, MORGAN STANLEY TRUST ACCOUNT,,Jonathan Jackson,2024-01-12,D, IL01,House,,2024-01-15,-15.0777596853223,Illinois,2024-01-15,2023-12-20,2024-01-12,W,-16.2565881032684,-17.731345364739013,False,False
PFE,Stock,Pfizer Inc,"Wednesday, December 20, 2023",Purchase,"$1,001 - $15,000",New,,,"Boozman, John",2024-01-08,R,,Senate,,2024-01-08,-8.1598093580511,Arkansas,2024-01-08,2023-12-20,2024-01-08,PFE,-0.6583232567189512,-10.219758000148982,False,False
NOW,ST,"SERVICENOW, INC.","Wednesday, December 20, 2023",Purchase,"$1,001 - $15,000",NEW, PERSHING LLC,,Dwight Evans,2024-01-17,D, PA03,House,,2024-01-22,-2.05923571300492,Pennsylvania,2024-01-22,2023-12-20,2024-01-17,NOW,4.9611936071364715,-1.1191503669187197,True,False
COP,ST,CONOCOPHILLIPS,"Wednesday, December 20, 2023",Sale,"$1,001 - $15,000",NEW, MORGAN STANLEY - SELECT UMA ACCOUNT # 1,,Josh Gottheimer,2024-01-07,D, NJ05,House,,2024-01-09,-6.41092383191451,New Jersey,2024-01-09,2023-12-20,2024-01-07,COP,10.569332115222451,5.652105167733867,True,True
JPM,Stock,JP Morgan Chase & Company,"Tuesday, December 19, 2023",Sale (Partial),"$1,001 - $15,000",New,,,"Capito, Shelley Moore",2024-01-12,R,,Senate,,2024-01-12,5.70951793919579,West Virginia,2024-01-12,2023-12-19,2024-01-12,JPM,0.8750687860281992,-6.381021173918144,True,False
ADI,Stock,Analog Devices,"Tuesday, December 19, 2023",Sale (Partial),"$1,001 - $15,000",New,,,"Capito, Shelley Moore",2024-01-12,R,,Senate,,2024-01-12,-8.59111438756323,West Virginia,2024-01-12,2023-12-19,2024-01-12,ADI,4.236720589842458,11.33245321549422,True,True
ACN,Stock,Accenture Plc,"Tuesday, December 19, 2023",Sale (Partial),"$1,001 - $15,000",New,,,"Capito, Shelley Moore",2024-01-12,R,,Senate,,2024-01-12,2.42763082251002,West Virginia,2024-01-12,2023-12-19,2024-01-12,ACN,-5.018803504945968,-1.1329842362012288,False,False
MSFT,Stock,Microsoft Corp,"Tuesday, December 19, 2023",Sale (Partial),"$1,001 - $15,000",New,,,"Capito, Shelley Moore",2024-01-12,R,,Senate,,2024-01-12,4.30129545203791,West Virginia,2024-01-12,2023-12-19,2024-01-12,MSFT,-5.258004155494755,-3.8129030674490583,False,False
AAPL,Stock,Apple Inc,"Tuesday, December 19, 2023",Sale (Partial),"$1,001 - $15,000",New,,,"Capito, Shelley Moore",2024-01-12,R,,Senate,,2024-01-12,-19.6106288974916,West Virginia,2024-01-12,2023-12-19,2024-01-12,AAPL,4.483170058507879,19.781593834061983,True,True
KO,Stock,Coca-Cola Company,"Monday, December 18, 2023",Sale (Partial),"$1,001 - $15,000",New,,,"Capito, Shelley Moore",2024-01-12,R,,Senate,,2024-01-12,-6.45718009109527,West Virginia,2024-01-12,2023-12-18,2024-01-12,KO,-1.6719903780980427,6.744000022329932,False,True
MDLZ,Stock,Mondelez Intl Inc,"Monday, December 18, 2023",Sale (Partial),"$1,001 - $15,000",New,,,"Capito, Shelley Moore",2024-01-12,R,,Senate,,2024-01-12,-8.35056432173622,West Virginia,2024-01-12,2023-12-18,2024-01-12,MDLZ,-3.180751177796415,8.272904063046171,False,True
PFE,Stock,Pfizer Inc,"Monday, December 18, 2023",Sale (Partial),"$1,001 - $15,000",New,,,"Capito, Shelley Moore",2024-01-12,R,,Senate,,2024-01-12,-4.6622807459649,West Virginia,2024-01-12,2023-12-18,2024-01-12,PFE,-4.056564026998943,6.185695567935379,False,True
CVX,Stock Option,Chevron Corp,"Monday, December 18, 2023",Sale (Full),"$1,001 - $15,000",New,,Option Type: Call Strike price: $160.00  Expires: 06/21/2024,"Tuberville, Tommy",2024-01-12,R,,Senate,,2024-01-12,-3.99261364042159,Alabama,2024-01-12,2023-12-18,2024-01-12,CVX,4.354203992350147,4.7965451594838004,True,True
MSFT,Stock,Microsoft Corp,"Monday, December 18, 2023",Sale (Partial),"$1,001 - $15,000",New,,,"Capito, Shelley Moore",2024-01-12,R,,Senate,,2024-01-12,3.83129253003352,West Virginia,2024-01-12,2023-12-18,2024-01-12,MSFT,-4.542098364622071,-3.362403638040967,False,False
LIN,ST,LINDE PLC - ORDINARY SHARES,"Monday, December 18, 2023",Purchase,"$1,001 - $15,000",NEW, HERN FAMILY REVOCABLE TRUST > BROKERAGE INVESTMENT ACCOUNT,DIVIDEND REINVESTMENT,Kevin Hern,2024-01-13,R, OK01,House,,2024-01-15,6.5393655408475,Oklahoma,2024-01-15,2023-12-18,2024-01-13,LIN,-0.5459555144528228,5.310743377784832,False,True
CVX,Stock Option,Chevron Corp,"Monday, December 18, 2023",Sale (Full),"$1,001 - $15,000",New,,Option Type: Put Strike price: $145.00  Expires: 09/20/2024,"Tuberville, Tommy",2024-01-12,R,,Senate,,2024-01-12,-3.99261364042159,Alabama,2024-01-12,2023-12-18,2024-01-12,CVX,4.354203992350147,4.7965451594838004,True,True
UPS,ST,"UNITED PARCEL SERVICE, INC.","Friday, December 15, 2023",Sale,"$1,001 - $15,000",NEW,,,Michael C. Burgess,2024-01-08,R, TX26,House,,2024-01-09,-14.398114601028,Texas,2024-01-09,2023-12-15,2024-01-08,UPS,5.661914846052274,14.693261873798225,True,True
KO,ST,COCA-COLA COMPANY,"Friday, December 15, 2023",Purchase,"$1,001 - $15,000",NEW,,REINVEST SHARES,Lloyd Doggett,2024-01-08,D, TX37,House,,2024-01-09,-6.34048665447762,Texas,2024-01-09,2023-12-15,2024-01-08,KO,1.3805354737994158,-5.8967448496416885,True,False
NEE,ST,"NEXTERA ENERGY, INC.","Friday, December 15, 2023",Purchase,"$1,001 - $15,000",NEW, HERN FAMILY REVOCABLE TRUST > BROKERAGE INVESTMENT ACCOUNT,DIVIDEND REINVESTMENT,Kevin Hern,2024-01-13,R, OK01,House,,2024-01-15,-10.8337300852055,Oklahoma,2024-01-15,2023-12-15,2024-01-13,NEE,-2.861404888300123,-12.326058738326095,False,False
UPS,ST,"UNITED PARCEL SERVICE, INC.","Friday, December 15, 2023",Purchase,"$1,001 - $15,000",NEW,,,Michael C. Burgess,2024-01-08,R, TX26,House,,2024-01-09,-14.398114601028,Texas,2024-01-09,2023-12-15,2024-01-08,UPS,-5.661914846052274,-14.693261873798225,False,False
W,ST,WAYFAIR INC. CLASS A,"Friday, December 15, 2023",Purchase,"$15,001 - $50,000",NEW, MORGAN STANLEY TRUST ACCOUNT,,Jonathan Jackson,2024-01-12,D, IL01,House,,2024-01-15,-13.498282474415,Illinois,2024-01-15,2023-12-15,2024-01-12,W,-20.324190021041822,-11.571244180952778,False,False
HD,ST,"HOME DEPOT, INC.","Thursday, December 14, 2023",Purchase,"$1,001 - $15,000",NEW, HERN FAMILY REVOCABLE TRUST > BROKERAGE INVESTMENT ACCOUNT,DIVIDEND REINVESTMENT,Kevin Hern,2024-01-13,R, OK01,House,,2024-01-15,-2.27114049230955,Oklahoma,2024-01-15,2023-12-14,2024-01-13,HD,0.8979158990385816,-1.7192092343235377,True,False
KR,Stock,Kroger Company (The) Common Stock,"Thursday, December 14, 2023",Sale (Full),"$1,001 - $15,000",New,,,"Moran, Jerry",2024-01-17,R,,Senate,,2024-01-17,20.2478246008622,Kansas,2024-01-17,2023-12-14,2024-01-17,KR,-5.485592753530244,-19.208396342578983,False,False
RTX,ST,RTX CORPORATION,"Thursday, December 14, 2023",Purchase,"$1,001 - $15,000",NEW, HERN FAMILY REVOCABLE TRUST > BROKERAGE INVESTMENT ACCOUNT,DIVIDEND REINVESTMENT,Kevin Hern,2024-01-13,R, OK01,House,,2024-01-15,5.16343402069043,Oklahoma,2024-01-15,2023-12-14,2024-01-13,RTX,3.462835161912281,1.1829292173509032,True,True
VZ,Stock,Verizon Communications Inc. Common Stock,"Thursday, December 14, 2023",Sale (Full),"$1,001 - $15,000",New,,,"Moran, Jerry",2024-01-17,R,,Senate,,2024-01-17,-4.08186173082644,Kansas,2024-01-17,2023-12-14,2024-01-17,VZ,-2.7658950339277233,3.1339055370931623,False,True
META,Stock,"Meta Platforms, Inc. - Class A Common Stock","Thursday, December 14, 2023",Sale (Full),"$1,001 - $15,000",New,,,"Moran, Jerry",2024-01-17,R,,Senate,,2024-01-17,36.9415434081432,Kansas,2024-01-17,2023-12-14,2024-01-17,META,-9.308255858006742,-39.29891243665207,False,False
CSCO,Stock,"Cisco Systems, Inc. - Common Stock","Thursday, December 14, 2023",Sale (Full),"$1,001 - $15,000",New,,,"Moran, Jerry",2024-01-17,R,,Senate,,2024-01-17,-9.3912075767326,Kansas,2024-01-17,2023-12-14,2024-01-17,CSCO,-1.3422746975856548,8.089786226887652,False,True
MSFT,Stock,Microsoft Corporation - Common Stock,"Thursday, December 14, 2023",Sale (Full),"$1,001 - $15,000",New,,,"Moran, Jerry",2024-01-17,R,,Senate,,2024-01-17,5.43806669690295,Kansas,2024-01-17,2023-12-14,2024-01-17,MSFT,-5.667764276611553,-3.992031814952024,False,False
GOOG,Stock,Alphabet Cl C,"Thursday, December 14, 2023",Sale (Full),"$1,001 - $15,000",New,,,"Moran, Jerry",2024-01-17,R,,Senate,,2024-01-17,-1.62541994444012,Kansas,2024-01-17,2023-12-14,2024-01-17,GOOG,-7.184391787800148,3.761779458226022,False,True
VZ,Stock,Verizon Communications Inc. Common Stock,"Thursday, December 14, 2023",Sale (Full),"$1,001 - $15,000",New,,,"Moran, Jerry",2024-01-17,R,,Senate,,2024-01-17,-4.08186173082644,Kansas,2024-01-17,2023-12-14,2024-01-17,VZ,-2.7658950339277233,3.1339055370931623,False,True
CSCO,Stock,"Cisco Systems, Inc. - Common Stock","Thursday, December 14, 2023",Sale (Full),"$1,001 - $15,000",New,,,"Moran, Jerry",2024-01-17,R,,Senate,,2024-01-17,-9.3912075767326,Kansas,2024-01-17,2023-12-14,2024-01-17,CSCO,-1.3422746975856548,8.089786226887652,False,True
HD,ST,"HOME DEPOT, INC.","Thursday, December 14, 2023",Purchase,"$1,001 - $15,000",,,,Kevin Hern,2024-01-13,R, OK01,House,,2024-01-15,-2.27114049230955,Oklahoma,2024-01-15,2023-12-14,2024-01-13,HD,0.8979158990385816,-1.7192092343235377,True,False
ACI,ST,"ALBERTSONS COMPANIES, INC. CLASS A","Thursday, December 14, 2023",Purchase,"$15,001 - $50,000",NEW, MORGAN STANLEY TRUST ACCOUNT,,Jonathan Jackson,2024-01-12,D, IL01,House,,2024-01-15,-16.4056311901686,Illinois,2024-01-15,2023-12-14,2024-01-12,ACI,-2.4426657835174725,-16.82781537167093,False,False
AMZN,Stock,"Amazon.com, Inc. - Common Stock","Thursday, December 14, 2023",Sale (Full),"$1,001 - $15,000",New,,,"Moran, Jerry",2024-01-17,R,,Senate,,2024-01-17,9.95536413634397,Kansas,2024-01-17,2023-12-14,2024-01-17,AMZN,-2.9098607682472633,-10.321684661199203,False,False
LLY,Stock,Eli Lilly and Company,"Thursday, December 14, 2023",Purchase,"$1,001 - $15,000",New,,,"Whitehouse, Sheldon",2024-01-18,D,,Senate,,2024-01-18,23.1044279591401,Rhode Island,2024-01-18,2023-12-14,2024-01-18,LLY,9.632083630660727,22.65886310172953,True,True
CVX,Stock,Chevron Corporation Common Stock,"Thursday, December 14, 2023",Sale (Full),"$1,001 - $15,000",New,,,"Moran, Jerry",2024-01-17,R,,Senate,,2024-01-17,-4.61123825124155,Kansas,2024-01-17,2023-12-14,2024-01-17,CVX,5.14571616285493,6.803731088050191,True,True
AAPL,Stock,Apple Inc. - Common Stock,"Thursday, December 14, 2023",Sale (Full),"$1,001 - $15,000",New,,,"Moran, Jerry",2024-01-17,R,,Senate,,2024-01-17,-21.2262434472625,Kansas,2024-01-17,2023-12-14,2024-01-17,AAPL,8.292848772444028,23.063662755372714,True,True
USB,Stock,U.S. Bancorp Common Stock,"Thursday, December 14, 2023",Sale (Full),"$1,001 - $15,000",New,,,"Moran, Jerry",2024-01-17,R,,Senate,,2024-01-17,-15.5292990054999,Kansas,2024-01-17,2023-12-14,2024-01-17,USB,9.697657584671637,13.548212336503084,True,True
SCHW,ST,CHARLES SCHWAB CORPORATION,"Thursday, December 14, 2023",Purchase,"$50,001 - $100,000",NEW," R.W. ALLEN & ASSOCIATES, INC.",,Richard W. Allen,2024-01-11,R, GA12,House,,2024-01-12,-13.8572577873577,Georgia,2024-01-12,2023-12-14,2024-01-11,SCHW,-10.329712929422962,-14.81571123174974,False,False
HAL,Stock,Halliburton Company,"Thursday, December 14, 2023",Sale (Full),"$15,001 - $50,000",New,,,"Moran, Jerry",2024-01-17,R,,Senate,,2024-01-17,-3.23287791787748,Kansas,2024-01-17,2023-12-14,2024-01-17,HAL,7.615156963822544,7.661743415076927,True,True
CVS,Stock,CVS Health Corporation Common Stock,"Thursday, December 14, 2023",Sale (Full),"$1,001 - $15,000",New,,,"Moran, Jerry",2024-01-17,R,,Senate,,2024-01-17,-4.4530895391254,Kansas,2024-01-17,2023-12-14,2024-01-17,CVS,-2.949634170262616,8.652910297122073,False,True
JNJ,Stock,Johnson & Johnson Common Stock,"Thursday, December 14, 2023",Sale (Full),"$1,001 - $15,000",New,,,"Moran, Jerry",2024-01-17,R,,Senate,,2024-01-17,-7.5245678014193,Kansas,2024-01-17,2023-12-14,2024-01-17,JNJ,-1.3429930623645836,6.748460896025188,False,True
UPS,ST,"UNITED PARCEL SERVICE, INC.","Thursday, December 14, 2023",Purchase,"$1,001 - $15,000",NEW,,,Michael C. Burgess,2024-01-08,R, TX26,House,,2024-01-09,-13.8967322767281,Texas,2024-01-09,2023-12-14,2024-01-08,UPS,-5.313663673091151,-14.125927912399561,False,False
CI,Stock,The Cigna Group Common Stock,"Thursday, December 14, 2023",Sale (Full),"$1,001 - $15,000",New,,,"Moran, Jerry",2024-01-17,R,,Senate,,2024-01-17,9.52475514358657,Kansas,2024-01-17,2023-12-14,2024-01-17,CI,-1.7954815487436937,-7.3243808175240455,False,False
INTC,Stock,Intel Corporation - Common Stock,"Thursday, December 14, 2023",Sale (Full),"$1,001 - $15,000",New,,,"Moran, Jerry",2024-01-17,R,,Senate,,2024-01-17,-13.9816107966469,Kansas,2024-01-17,2023-12-14,2024-01-17,INTC,-3.1773553475394456,13.761038986897645,False,True
JNJ,Stock,Johnson & Johnson Common Stock,"Thursday, December 14, 2023",Sale (Full),"$1,001 - $15,000",New,,,"Moran, Jerry",2024-01-17,R,,Senate,,2024-01-17,-7.5245678014193,Kansas,2024-01-17,2023-12-14,2024-01-17,JNJ,-1.3429930623645836,6.748460896025188,False,True
CVX,Stock,Chevron Corp,"Thursday, December 14, 2023",Purchase,"$50,001 - $100,000",New,,,"Tuberville, Tommy",2024-01-12,R,,Senate,,2024-01-12,-4.61123825124155,Alabama,2024-01-12,2023-12-14,2024-01-12,CVX,-5.14571616285493,-6.803731088050191,False,False
META,Stock,"Meta Platforms, Inc. - Class A Common Stock","Thursday, December 14, 2023",Sale (Full),"$1,001 - $15,000",New,,,"Moran, Jerry",2024-01-17,R,,Senate,,2024-01-17,36.9415434081432,Kansas,2024-01-17,2023-12-14,2024-01-17,META,-9.308255858006742,-39.29891243665207,False,False
CMCSA,Stock,Comcast Corporation - Class A Common Stock,"Thursday, December 14, 2023",Sale (Full),"$1,001 - $15,000",New,,,"Moran, Jerry",2024-01-17,R,,Senate,,2024-01-17,-12.5487222790328,Kansas,2024-01-17,2023-12-14,2024-01-17,CMCSA,4.4560007938882045,12.4915646612892,True,True
KR,Stock,Kroger Company,"Thursday, December 14, 2023",Sale (Full),"$1,001 - $15,000",New,,,"Moran, Jerry",2024-01-17,R,,Senate,,2024-01-17,20.2478246008622,Kansas,2024-01-17,2023-12-14,2024-01-17,KR,-5.485592753530244,-19.208396342578983,False,False
CVS,Stock,CVS Health Corporation Common Stock,"Thursday, December 14, 2023",Sale (Full),"$1,001 - $15,000",New,,,"Moran, Jerry",2024-01-17,R,,Senate,,2024-01-17,-4.4530895391254,Kansas,2024-01-17,2023-12-14,2024-01-17,CVS,-2.949634170262616,8.652910297122073,False,True
UPS,ST,"UNITED PARCEL SERVICE, INC.","Thursday, December 14, 2023",Sale,"$1,001 - $15,000",NEW,,,Michael C. Burgess,2024-01-08,R, TX26,House,,2024-01-09,-13.8967322767281,Texas,2024-01-09,2023-12-14,2024-01-08,UPS,5.313663673091151,14.125927912399561,True,True
BAC,Stock,Bank of America Corp,"Thursday, December 14, 2023",Sale (Full),"$1,001 - $15,000",New,,,"Moran, Jerry",2024-01-17,R,,Senate,,2024-01-17,-4.02848152104324,Kansas,2024-01-17,2023-12-14,2024-01-17,BAC,6.3461837938790016,3.139714024743201,True,True
CMCSA,Stock,Comcast Corporation - Class A Common Stock,"Thursday, December 14, 2023",Sale (Full),"$1,001 - $15,000",New,,,"Moran, Jerry",2024-01-17,R,,Senate,,2024-01-17,-12.5487222790328,Kansas,2024-01-17,2023-12-14,2024-01-17,CMCSA,4.4560007938882045,12.4915646612892,True,True
PFE,Stock,"Pfizer, Inc. Common Stock","Thursday, December 14, 2023",Sale (Full),"$1,001 - $15,000",New,,,"Moran, Jerry",2024-01-17,R,,Senate,,2024-01-17,-1.43275023684503,Kansas,2024-01-17,2023-12-14,2024-01-17,PFE,-7.397393147485154,1.4464982369324364,False,True
BAC,Stock,Bank of America Corp,"Thursday, December 14, 2023",Sale (Full),"$1,001 - $15,000",New,,,"Moran, Jerry",2024-01-17,R,,Senate,,2024-01-17,-4.02848152104324,Kansas,2024-01-17,2023-12-14,2024-01-17,BAC,6.3461837938790016,3.139714024743201,True,True
USB,Stock,U.S. Bancorp Common Stock,"Thursday, December 14, 2023",Sale (Full),"$1,001 - $15,000",New,,,"Moran, Jerry",2024-01-17,R,,Senate,,2024-01-17,-15.5292990054999,Kansas,2024-01-17,2023-12-14,2024-01-17,USB,9.697657584671637,13.548212336503084,True,True
INTC,Stock,Intel Corporation - Common Stock,"Thursday, December 14, 2023",Sale (Full),"$1,001 - $15,000",New,,,"Moran, Jerry",2024-01-17,R,,Senate,,2024-01-17,-13.9816107966469,Kansas,2024-01-17,2023-12-14,2024-01-17,INTC,-3.1773553475394456,13.761038986897645,False,True
CI,Stock,The Cigna Group Common Stock,"Thursday, December 14, 2023",Sale (Full),"$1,001 - $15,000",New,,,"Moran, Jerry",2024-01-17,R,,Senate,,2024-01-17,9.52475514358657,Kansas,2024-01-17,2023-12-14,2024-01-17,CI,-1.7954815487436937,-7.3243808175240455,False,False
XOM,Stock,Exxon Mobil Corporation Common Stock,"Thursday, December 14, 2023",Sale (Full),"$1,001 - $15,000",New,,,"Moran, Jerry",2024-01-17,R,,Senate,,2024-01-17,1.1796252070315,Kansas,2024-01-17,2023-12-14,2024-01-17,XOM,4.813273558278364,1.618627647187254,True,True
CVX,Stock,Chevron Corporation Common Stock,"Thursday, December 14, 2023",Sale (Full),"$1,001 - $15,000",New,,,"Moran, Jerry",2024-01-17,R,,Senate,,2024-01-17,-4.61123825124155,Kansas,2024-01-17,2023-12-14,2024-01-17,CVX,5.14571616285493,6.803731088050191,True,True
HD,ST,"HOME DEPOT, INC.","Thursday, December 14, 2023",Purchase,"$1,001 - $15,000",NEW,,REINVEST SHARES,Lloyd Doggett,2024-01-08,D, TX37,House,,2024-01-09,-2.27114049230955,Texas,2024-01-09,2023-12-14,2024-01-08,HD,0.8979158990385816,-1.7192092343235377,True,False
ORCL,ST,ORACLE CORPORATION,"Thursday, December 14, 2023",Purchase,"$1,001 - $15,000",NEW, KEAN FAMILY PARTNERSHIP,,Thomas H. Kean Jr.,2024-01-26,R, NJ07,House,,2024-01-29,16.7923745323216,New Jersey,2024-01-29,2023-12-14,2024-01-26,ORCL,5.256876020917267,15.687121948092098,True,True
XOM,Stock,Exxon Mobil Corporation Common Stock,"Thursday, December 14, 2023",Sale (Full),"$1,001 - $15,000",New,,,"Moran, Jerry",2024-01-17,R,,Senate,,2024-01-17,1.1796252070315,Kansas,2024-01-17,2023-12-14,2024-01-17,XOM,4.813273558278364,1.618627647187254,True,True
GOOG,Stock,Alphabet Cl C,"Thursday, December 14, 2023",Sale (Full),"$1,001 - $15,000",New,,,"Moran, Jerry",2024-01-17,R,,Senate,,2024-01-17,-1.62541994444012,Kansas,2024-01-17,2023-12-14,2024-01-17,GOOG,-7.184391787800148,3.761779458226022,False,True
AAPL,Stock,Apple Inc. - Common Stock,"Thursday, December 14, 2023",Sale (Full),"$1,001 - $15,000",New,,,"Moran, Jerry",2024-01-17,R,,Senate,,2024-01-17,-21.2262434472625,Kansas,2024-01-17,2023-12-14,2024-01-17,AAPL,8.292848772444028,23.063662755372714,True,True
MSFT,Stock,Microsoft Corporation - Common Stock,"Thursday, December 14, 2023",Sale (Full),"$1,001 - $15,000",New,,,"Moran, Jerry",2024-01-17,R,,Senate,,2024-01-17,5.43806669690295,Kansas,2024-01-17,2023-12-14,2024-01-17,MSFT,-5.667764276611553,-3.992031814952024,False,False
ORCL,ST,ORACLE CORPORATION,"Thursday, December 14, 2023",Sale,"$1,001 - $15,000",NEW, MORGAN STANLEY - SELECT UMA ACCOUNT # 1,,Josh Gottheimer,2024-01-07,D, NJ05,House,,2024-01-09,16.7923745323216,New Jersey,2024-01-09,2023-12-14,2024-01-07,ORCL,-5.256876020917267,-15.687121948092098,False,False
CVX,Stock,Chevron Corp,"Wednesday, December 13, 2023",Purchase,"$100,001 - $250,000",New,,,"Tuberville, Tommy",2024-01-12,R,,Senate,,2024-01-12,-1.11268263654679,Alabama,2024-01-12,2023-12-13,2024-01-12,CVX,0.20912609362702117,-4.91204340526703,True,False
PPG,ST,"PPG INDUSTRIES, INC.","Tuesday, December 12, 2023",Purchase,"$1,001 - $15,000",NEW,,REINVEST SHARES,Lloyd Doggett,2024-01-08,D, TX37,House,,2024-01-09,-15.3238609545004,Texas,2024-01-09,2023-12-12,2024-01-08,PPG,-2.2386669546724303,-12.186815283450125,False,False
DIS,ST,WALT DISNEY COMPANY,"Tuesday, December 12, 2023",Sale,"$1,001 - $15,000",NEW, THE 2011 RANDALL R. KAPLAN LIVING TRUST > MV CAPITAL - BROKERAGE #2,,Kathy Manning,2024-01-12,D, NC06,House,,2024-01-15,12.7696853265995,North Carolina,2024-01-15,2023-12-12,2024-01-12,DIS,4.719182210710993,-13.110170490093243,True,False
DIS,ST,WALT DISNEY COMPANY,"Tuesday, December 12, 2023",Sale,"$15,001 - $50,000",NEW, KATHY MANNING GST FBO RANDALL KAPLAN > MANKAP FAMILY LLC > MV CAPITAL - BROKERAGE #2,,Kathy Manning,2024-01-12,D, NC06,House,,2024-01-15,12.7696853265995,North Carolina,2024-01-15,2023-12-12,2024-01-12,DIS,4.719182210710993,-13.110170490093243,True,False
EL,ST,"ESTEE LAUDER COMPANIES, INC.","Tuesday, December 12, 2023",Sale,"$15,001 - $50,000",NEW, KATHY MANNING GST FBO RANDALL KAPLAN > MANKAP FAMILY LLC > MV CAPITAL - BROKERAGE #2,,Kathy Manning,2024-01-12,D, NC06,House,,2024-01-15,-0.523060033404601,North Carolina,2024-01-15,2023-12-12,2024-01-12,EL,1.5492967827424042,-2.4750608925747875,True,False
PFE,ST,"PFIZER, INC.","Tuesday, December 12, 2023",Sale,"$1,001 - $15,000",NEW, MV CAPITAL - GST EXEMPT TRUST #2,,Kathy Manning,2024-01-12,D, NC06,House,,2024-01-15,-12.3970613442493,North Carolina,2024-01-15,2023-12-12,2024-01-12,PFE,3.570139882043455,10.947322394812243,True,True
MDT,ST,MEDTRONIC PLC. ORDINARY SHARES,"Tuesday, December 12, 2023",Sale,"$15,001 - $50,000",NEW, KATHY MANNING GST FBO RANDALL KAPLAN > MANKAP FAMILY LLC > MV CAPITAL - BROKERAGE #2,,Kathy Manning,2024-01-12,D, NC06,House,,2024-01-15,-5.79959128456797,North Carolina,2024-01-15,2023-12-12,2024-01-12,MDT,-5.813411438109428,3.444316703163075,False,True
MDT,ST,MEDTRONIC PLC. ORDINARY SHARES,"Tuesday, December 12, 2023",Sale,"$1,001 - $15,000",NEW, THE 2011 RANDALL R. KAPLAN LIVING TRUST > MV CAPITAL - BROKERAGE #2,,Kathy Manning,2024-01-12,D, NC06,House,,2024-01-15,-5.79959128456797,North Carolina,2024-01-15,2023-12-12,2024-01-12,MDT,-5.813411438109428,3.444316703163075,False,True
PFE,ST,"PFIZER, INC.","Tuesday, December 12, 2023",Sale,"$1,001 - $15,000",NEW,,,Kathy Manning,2024-01-12,D, NC06,House,,2024-01-15,-12.3970613442493,North Carolina,2024-01-15,2023-12-12,2024-01-12,PFE,3.570139882043455,10.947322394812243,True,True
PYPL,ST,"PAYPAL HOLDINGS, INC.","Tuesday, December 12, 2023",Sale,"$15,001 - $50,000",NEW, KATHY MANNING GST FBO RANDALL KAPLAN > MANKAP FAMILY LLC > MV CAPITAL - BROKERAGE #2,,Kathy Manning,2024-01-12,D, NC06,House,,2024-01-15,-3.43333171632164,North Carolina,2024-01-15,2023-12-12,2024-01-12,PYPL,-1.2369504067387682,8.191825273203035,False,True
EL,ST,"ESTEE LAUDER COMPANIES, INC.","Tuesday, December 12, 2023",Sale,"$1,001 - $15,000",NEW, THE 2011 RANDALL R. KAPLAN LIVING TRUST > MV CAPITAL - BROKERAGE #2,,Kathy Manning,2024-01-12,D, NC06,House,,2024-01-15,-0.523060033404601,North Carolina,2024-01-15,2023-12-12,2024-01-12,EL,1.5492967827424042,-2.4750608925747875,True,False
CFG,ST,"CITIZENS FINANCIAL GROUP, INC.","Tuesday, December 12, 2023",Sale,"$15,001 - $50,000",NEW, KATHY MANNING GST FBO RANDALL KAPLAN > MANKAP FAMILY LLC > MV CAPITAL - BROKERAGE #2,,Kathy Manning,2024-01-12,D, NC06,House,,2024-01-15,4.10361110839903,North Carolina,2024-01-15,2023-12-12,2024-01-12,CFG,-8.318632341483534,-6.607659709758229,False,False
EL,ST,"ESTEE LAUDER COMPANIES, INC.","Tuesday, December 12, 2023",Sale,"$1,001 - $15,000",NEW, MV CAPITAL - GST EXEMPT TRUST #2,,Kathy Manning,2024-01-12,D, NC06,House,,2024-01-15,-0.523060033404601,North Carolina,2024-01-15,2023-12-12,2024-01-12,EL,1.5492967827424042,-2.4750608925747875,True,False
UNH,ST,UNITEDHEALTH GROUP INCORPORATED COMMON STOCK,"Tuesday, December 12, 2023",Purchase,"$1,001 - $15,000",NEW, HERN FAMILY REVOCABLE TRUST > BROKERAGE INVESTMENT ACCOUNT,DIVIDEND REINVESTMENT,Kevin Hern,2024-01-13,R, OK01,House,,2024-01-15,-20.2178372253896,Oklahoma,2024-01-15,2023-12-12,2024-01-13,UNH,-4.047118482190626,-20.578664157274783,False,False
CFG,ST,"CITIZENS FINANCIAL GROUP, INC.","Tuesday, December 12, 2023",Sale,"$1,001 - $15,000",NEW, MV CAPITAL - GST EXEMPT TRUST #2,,Kathy Manning,2024-01-12,D, NC06,House,,2024-01-15,4.10361110839903,North Carolina,2024-01-15,2023-12-12,2024-01-12,CFG,-8.318632341483534,-6.607659709758229,False,False
DIS,ST,WALT DISNEY COMPANY,"Tuesday, December 12, 2023",Sale,"$1,001 - $15,000",NEW, MV CAPITAL - GST EXEMPT TRUST #2,,Kathy Manning,2024-01-12,D, NC06,House,,2024-01-15,12.7696853265995,North Carolina,2024-01-15,2023-12-12,2024-01-12,DIS,4.719182210710993,-13.110170490093243,True,False
CFG,ST,"CITIZENS FINANCIAL GROUP, INC.","Tuesday, December 12, 2023",Sale,"$1,001 - $15,000",NEW, THE 2011 RANDALL R. KAPLAN LIVING TRUST > MV CAPITAL - BROKERAGE #2,,Kathy Manning,2024-01-12,D, NC06,House,,2024-01-15,4.10361110839903,North Carolina,2024-01-15,2023-12-12,2024-01-12,CFG,-8.318632341483534,-6.607659709758229,False,False
MDT,ST,MEDTRONIC PLC. ORDINARY SHARES,"Tuesday, December 12, 2023",Sale,"$1,001 - $15,000",NEW, MV CAPITAL - GST EXEMPT TRUST #2,,Kathy Manning,2024-01-12,D, NC06,House,,2024-01-15,-5.79959128456797,North Carolina,2024-01-15,2023-12-12,2024-01-12,MDT,-5.813411438109428,3.444316703163075,False,True
PYPL,ST,"PAYPAL HOLDINGS, INC.","Tuesday, December 12, 2023",Sale,"$1,001 - $15,000",NEW, THE 2011 RANDALL R. KAPLAN LIVING TRUST > MV CAPITAL - BROKERAGE #2,,Kathy Manning,2024-01-12,D, NC06,House,,2024-01-15,-3.43333171632164,North Carolina,2024-01-15,2023-12-12,2024-01-12,PYPL,-1.2369504067387682,8.191825273203035,False,True
PYPL,ST,"PAYPAL HOLDINGS, INC.","Tuesday, December 12, 2023",Sale,"$1,001 - $15,000",NEW, MV CAPITAL - GST EXEMPT TRUST #2,,Kathy Manning,2024-01-12,D, NC06,House,,2024-01-15,-3.43333171632164,North Carolina,2024-01-15,2023-12-12,2024-01-12,PYPL,-1.2369504067387682,8.191825273203035,False,True
PFE,ST,"PFIZER, INC.","Tuesday, December 12, 2023",Sale,"$15,001 - $50,000",NEW, KATHY MANNING GST FBO RANDALL KAPLAN > MANKAP FAMILY LLC > MV CAPITAL - BROKERAGE #2,,Kathy Manning,2024-01-12,D, NC06,House,,2024-01-15,-12.3970613442493,North Carolina,2024-01-15,2023-12-12,2024-01-12,PFE,3.570139882043455,10.947322394812243,True,True
SBUX,Stock,Starbucks Corp,"Monday, December 11, 2023",Purchase,"$1,001 - $15,000",New,,,"Carper, Thomas R.",2024-01-03,D,,Senate,,2024-01-03,-18.8584823742319,Delaware,2024-01-03,2023-12-11,2024-01-03,SBUX,-8.191748156354794,-16.885369092359092,False,False
IBM,ST,INTERNATIONAL BUSINESS MACHINES CORPORATION,"Monday, December 11, 2023",Purchase,"$1,001 - $15,000",NEW,,REINVEST SHARES,Lloyd Doggett,2024-01-08,D, TX37,House,,2024-01-09,6.15003753338083,Texas,2024-01-09,2023-12-11,2024-01-08,IBM,-4.877634737681513,6.539437702895068,False,True
GTLS,ST,"CHART INDUSTRIES, INC.","Monday, December 11, 2023",Sale,"$1,001 - $15,000",NEW, MORGAN STANLEY - SELECT UMA ACCOUNT # 1,,Josh Gottheimer,2024-01-07,D, NJ05,House,,2024-01-09,2.04059415699774,New Jersey,2024-01-09,2023-12-11,2024-01-07,GTLS,1.5247609561656938,-3.7873865361594428,True,False
EW,ST,EDWARDS LIFESCIENCES CORPORATION,"Monday, December 11, 2023",Purchase,"$1,001 - $15,000",NEW, MORGAN STANLEY - SELECT UMA ACCOUNT # 1,,Josh Gottheimer,2024-01-07,D, NJ05,House,,2024-01-09,20.5848007439234,New Jersey,2024-01-09,2023-12-11,2024-01-07,EW,4.780187277155923,18.46559790802489,True,True
FLNG,Stock,Flex Lng Ltd,"Monday, December 11, 2023",Purchase,"$1,001 - $15,000",New,,,"Carper, Thomas R.",2024-01-03,D,,Senate,,2024-01-03,-20.88547639415,Delaware,2024-01-03,2023-12-11,2024-01-03,FLNG,2.5613099648427617,-20.616940876438473,True,False
VLO,Stock,Valero Energy Corp,"Monday, December 11, 2023",Purchase,"$1,001 - $15,000",New,,,"Carper, Thomas R.",2024-01-03,D,,Senate,,2024-01-03,21.8668757712781,Delaware,2024-01-03,2023-12-11,2024-01-03,VLO,-2.4385271794642005,11.195024453947443,False,True
ROK,ST,"ROCKWELL AUTOMATION, INC.","Monday, December 11, 2023",Purchase,"$1,001 - $15,000",NEW, HERN FAMILY REVOCABLE TRUST > BROKERAGE INVESTMENT ACCOUNT,DIVIDEND REINVESTMENT,Kevin Hern,2024-01-13,R, OK01,House,,2024-01-15,-10.3156227806404,Oklahoma,2024-01-15,2023-12-11,2024-01-13,ROK,4.479889204471266,-8.932392350145403,True,False
LOW,ST,"LOWE'S COMPANIES, INC.","Monday, December 11, 2023",Sale,"$1,001 - $15,000",NEW,,,Josh Gottheimer,2024-01-07,D, NJ05,House,,2024-01-09,7.9000140158447,New Jersey,2024-01-09,2023-12-11,2024-01-07,LOW,-3.238695123756874,-6.058691632394386,False,False
PFE,Stock,Pfizer Inc,"Monday, December 11, 2023",Sale (Full),"$1,001 - $15,000",New,,,"Whitehouse, Sheldon",2024-01-18,D,,Senate,,2024-01-18,-13.1493347565616,Rhode Island,2024-01-18,2023-12-11,2024-01-18,PFE,2.261156912479567,11.66217926107299,True,True
SHLS,ST,"SHOALS TECHNOLOGIES GROUP, INC. - CLASS A","Monday, December 11, 2023",Sale,"$1,001 - $15,000",NEW, MORGAN STANLEY - SELECT UMA ACCOUNT # 1,,Josh Gottheimer,2024-01-07,D, NJ05,House,,2024-01-09,-24.3155158645958,New Jersey,2024-01-09,2023-12-11,2024-01-07,SHLS,3.626495063939361,17.667872834809184,True,True
ALNY,ST,"ALNYLAM PHARMACEUTICALS, INC.","Monday, December 11, 2023",Sale,"$1,001 - $15,000",NEW, MORGAN STANLEY - SELECT UMA ACCOUNT # 1,,Josh Gottheimer,2024-01-07,D, NJ05,House,,2024-01-09,-23.3719453542211,New Jersey,2024-01-09,2023-12-11,2024-01-07,ALNY,-11.547199869818026,23.485648779063382,False,True
SSDOY,ST,SHISEIDO CO LTD ORD AMERICAN DEPOSITARY SHARES,"Monday, December 11, 2023",Sale,"$1,001 - $15,000",NEW, MORGAN STANLEY - SELECT UMA ACCOUNT # 1,,Josh Gottheimer,2024-01-07,D, NJ05,House,,2024-01-09,-4.20329953766493,New Jersey,2024-01-09,2023-12-11,2024-01-07,SSDOY,-7.315254671312044,5.8145002830545245,False,True
FNF,Stock,Fidelity National Financial,"Monday, December 11, 2023",Sale (Full),"$1,001 - $15,000",New,,,"Carper, Thomas R.",2024-01-03,D,,Senate,,2024-01-03,-6.18770332946281,Delaware,2024-01-03,2023-12-11,2024-01-03,FNF,-1.6705397520045073,2.4479779751435338,False,True
ON,ST,ON SEMICONDUCTOR CORPORATION,"Monday, December 11, 2023",Sale,"$1,001 - $15,000",NEW, MORGAN STANLEY - SELECT UMA ACCOUNT # 1,,Josh Gottheimer,2024-01-07,D, NJ05,House,,2024-01-09,-16.4104903508934,New Jersey,2024-01-09,2023-12-11,2024-01-07,ON,8.25652611901323,7.948669912562911,True,True
KD,ST,"KYNDRYL HOLDINGS, INC.","Monday, December 11, 2023",Sale,"$1,001 - $15,000",NEW, STEPHENS ADVANTAGE ACCOUNT,,Steve Cohen,2024-01-04,D, TN09,House,,2024-01-09,3.67872317146556,Tennessee,2024-01-09,2023-12-11,2024-01-04,KD,-8.468124490096152,-7.89504538673369,False,False
PTEN,ST,"PATTERSON-UTI ENERGY, INC.","Monday, December 11, 2023",Sale,"$1,001 - $15,000",NEW, MORGAN STANLEY - SELECT UMA ACCOUNT # 1,,Josh Gottheimer,2024-01-07,D, NJ05,House,,2024-01-09,-4.2476361027036,New Jersey,2024-01-09,2023-12-11,2024-01-07,PTEN,8.095771370110095,0.11059445208136953,True,True
MOS,Stock,Mosaic Company,"Monday, December 11, 2023",Sale (Partial),"$1,001 - $15,000",New,,,"Carper, Thomas R.",2024-01-03,D,,Senate,,2024-01-03,-21.2652452590125,Delaware,2024-01-03,2023-12-11,2024-01-03,MOS,9.668795826313604,22.533322166793468,True,True
TSM,Stock,Taiwan Semiconductor Manufacturing Company Ltd.,"Monday, December 11, 2023",Sale (Partial),"$1,001 - $15,000",New,,,"Carper, Thomas R.",2024-01-03,D,,Senate,,2024-01-03,24.9857354286343,Delaware,2024-01-03,2023-12-11,2024-01-03,TSM,3.631807678094623,-26.992300007517777,True,False
PNGAY,ST,PING AN INSURANCE,"Monday, December 11, 2023",Sale,"$1,001 - $15,000",NEW, MORGAN STANLEY - SELECT UMA ACCOUNT # 1,,Josh Gottheimer,2024-01-07,D, NJ05,House,,2024-01-09,-5.95797288789016,New Jersey,2024-01-09,2023-12-11,2024-01-07,PNGAY,9.624589457235611,4.230461257888729,True,True
XOM,ST,EXXON MOBIL CORPORATION,"Monday, December 11, 2023",Purchase,"$1,001 - $15,000",NEW, HERN FAMILY REVOCABLE TRUST > BROKERAGE INVESTMENT ACCOUNT,DIVIDEND REINVESTMENT,Kevin Hern,2024-01-13,R, OK01,House,,2024-01-15,0.989238189347894,Oklahoma,2024-01-15,2023-12-11,2024-01-13,XOM,-4.416773070603819,-1.2835970053997725,False,False
BAP,ST,CREDICORP LTD.,"Monday, December 11, 2023",Sale,"$1,001 - $15,000",NEW, MORGAN STANLEY - SELECT UMA ACCOUNT # 1,,Josh Gottheimer,2024-01-07,D, NJ05,House,,2024-01-09,27.8959396091316,New Jersey,2024-01-09,2023-12-11,2024-01-07,BAP,-15.050463004320292,-28.299260920440283,False,False
ALGM,ST,"ALLEGRO MICROSYSTEMS, INC.","Monday, December 11, 2023",Sale,"$1,001 - $15,000",NEW, MORGAN STANLEY - SELECT UMA ACCOUNT # 1,,Josh Gottheimer,2024-01-07,D, NJ05,House,,2024-01-09,-10.1935047719166,New Jersey,2024-01-09,2023-12-11,2024-01-07,ALGM,4.8721180714119345,-2.4749925373996007,True,False
EMR,ST,EMERSON ELECTRIC COMPANY,"Monday, December 11, 2023",Purchase,"$1,001 - $15,000",NEW, HERN FAMILY REVOCABLE TRUST > BROKERAGE INVESTMENT ACCOUNT,DIVIDEND REINVESTMENT,Kevin Hern,2024-01-13,R, OK01,House,,2024-01-15,12.5560565664121,Oklahoma,2024-01-15,2023-12-11,2024-01-13,EMR,2.145391892445714,11.494106442558238,True,True
HSHCY,ST,HAIER SMART HOME U/ADR,"Monday, December 11, 2023",Sale,"$1,001 - $15,000",NEW, MORGAN STANLEY - SELECT UMA ACCOUNT # 1,,Josh Gottheimer,2024-01-07,D, NJ05,House,,2024-01-09,1.04318045023529,New Jersey,2024-01-09,2023-12-11,2024-01-07,HSHCY,0.5230062309214079,-5.006730216365085,True,False
DHI,ST,"D.R. HORTON, INC.","Monday, December 11, 2023",Purchase,"$1,001 - $15,000",NEW, MORGAN STANLEY - SELECT UMA ACCOUNT # 1,,Josh Gottheimer,2024-01-07,D, NJ05,House,,2024-01-09,-1.49713732341775,New Jersey,2024-01-09,2023-12-11,2024-01-07,DHI,7.762283014647808,-0.7770325999183259,True,False
XNGSY,ST,ENN ENERGY HOLDINGS LTD UNSPONSORED ADR,"Monday, December 11, 2023",Sale,"$1,001 - $15,000",NEW, MORGAN STANLEY - SELECT UMA ACCOUNT # 1,,Josh Gottheimer,2024-01-07,D, NJ05,House,,2024-01-09,17.9497700818846,New Jersey,2024-01-09,2023-12-11,2024-01-07,XNGSY,-10.084024569531525,-15.128503456708152,False,False
BX,ST,BLACKSTONE INC.,"Friday, December 8, 2023",Purchase,"$15,001 - $50,000",NEW,,,Michael C. Burgess,2023-12-18,R, TX26,House,,2023-12-19,-0.119125305900635,Texas,,2023-12-08,2023-12-18,BX,5.222107887084859,-1.1457580506208487,True,False
ABBV,ST,ABBVIE INC.,"Friday, December 8, 2023",Sale,"$1,001 - $15,000",NEW,,,Michael C. Burgess,2023-12-18,R, TX26,House,,2023-12-19,8.02413456022434,Texas,,2023-12-08,2023-12-18,ABBV,-4.682130197370293,-8.950504695362294,False,False
VLO,ST,VALERO ENERGY CORPORATION,"Friday, December 8, 2023",Purchase,"$15,001 - $50,000",NEW,,,Michael C. Burgess,2023-12-18,R, TX26,House,,2023-12-19,22.2368605605656,Texas,,2023-12-08,2023-12-18,VLO,1.8632610267209637,9.409149210960921,True,True
PANW,ST,"PALO ALTO NETWORKS, INC.","Friday, December 8, 2023",Purchase,"$15,001 - $50,000",NEW,,,Michael C. Burgess,2023-12-18,R, TX26,House,,2023-12-19,-16.5831899892985,Texas,,2023-12-08,2023-12-18,PANW,-6.446013468986555,-16.007841057125248,False,False
CRT,ST,CROSS TIMBERS ROYALTY TRUST,"Friday, December 8, 2023",Purchase,"$1,001 - $15,000",NEW,,,Virginia Foxx,2024-01-04,R, NC05,House,,2024-01-09,-18.6480070347468,North Carolina,2024-01-09,2023-12-08,2024-01-04,CRT,-9.294770730103053,-21.36146100955758,False,False
BX,ST,BLACKSTONE INC.,"Friday, December 8, 2023",Sale,"$1,001 - $15,000",NEW,,,Michael C. Burgess,2023-12-18,R, TX26,House,,2023-12-19,-0.119125305900635,Texas,,2023-12-08,2023-12-18,BX,-5.222107887084859,1.1457580506208487,False,True
DEO,ST,DIAGEO PLC,"Thursday, December 7, 2023",Purchase,"$15,001 - $50,000",NEW,,PART OF MY SPOUSE'S RETIREMENT PORTFOLIO.,Earl Blumenauer,2024-01-04,D, OR03,House,,2024-01-09,-5.7860460611721,Oregon,2024-01-09,2023-12-07,2024-01-04,DEO,-2.12300206480156,-6.44025058931792,False,False
KO,Stock,Coca-Cola Company,"Thursday, December 7, 2023",Purchase,"$1,001 - $15,000",New,,,"Whitehouse, Sheldon",2024-01-18,D,,Senate,,2024-01-18,-9.66611136480484,Rhode Island,2024-01-18,2023-12-07,2024-01-18,KO,-1.5483247732470895,-9.94281710135725,False,False
BNTX,ST,BIONTECH SE - AMERICAN DEPOSITARY SHARES,"Thursday, December 7, 2023",Purchase,"$1,001 - $15,000",NEW, MORGAN STANLEY - SELECT UMA ACCOUNT # 1,,Josh Gottheimer,2024-01-07,D, NJ05,House,,2024-01-09,-20.8734848491335,New Jersey,2024-01-09,2023-12-07,2024-01-07,BNTX,5.886344776211727,-21.65780570529875,True,False
TGT,Stock,Target Corp,"Thursday, December 7, 2023",Sale (Full),"$15,001 - $50,000",New,,,"Whitehouse, Sheldon",2024-01-18,D,,Senate,,2024-01-18,9.86661452825785,Rhode Island,2024-01-18,2023-12-07,2024-01-18,TGT,-0.9569960951098411,-17.04570449134628,False,False
NVDA,ST,NVIDIA CORPORATION,"Wednesday, December 6, 2023",Purchase,$456.00,NEW, TRUST ONE,1 SHARE,Pete Sessions,2023-12-26,R, TX17,House,,2023-12-27,80.5542686508865,Texas,2023-12-27,2023-12-06,2023-12-26,NVDA,4.6473634752923765,77.28453739874321,True,True
ET,ST,ENERGY TRANSFER LP COMMON UNITS,"Wednesday, December 6, 2023",Sale,"$1,001 - $15,000",NEW, EQUITABLE RETIREMENT ACCOUNT,,Mark Dr Green,2024-01-17,R, TN07,House,,2024-01-17,1.31796303931534,Tennessee,2024-01-17,2023-12-06,2024-01-17,ET,-0.23562795637512846,0.21053498535388293,False,True
FANUY,ST,FANUC CORPORATION UNSPONSORED ADR,"Wednesday, December 6, 2023",Sale,"$1,001 - $15,000",NEW, MORGAN STANLEY - SELECT UMA ACCOUNT # 1,,Josh Gottheimer,2024-01-07,D, NJ05,House,,2024-01-09,-8.20459354687806,New Jersey,2024-01-09,2023-12-06,2024-01-07,FANUY,1.0865174329539373,3.337611878021396,True,True
CME,ST,CME GROUP INC. - CLASS A,"Wednesday, December 6, 2023",Sale,"$15,001 - $50,000",NEW,,,Michael C. Burgess,2023-12-18,R, TX26,House,,2023-12-19,-10.9633370586733,Texas,,2023-12-06,2023-12-18,CME,10.280191416301188,8.997771173687475,True,True
BNTX,ST,BIONTECH SE - AMERICAN DEPOSITARY SHARES,"Wednesday, December 6, 2023",Purchase,"$1,001 - $15,000",NEW, MORGAN STANLEY - SELECT UMA ACCOUNT # 1,,Josh Gottheimer,2024-01-07,D, NJ05,House,,2024-01-09,-21.223102410658,New Jersey,2024-01-09,2023-12-06,2024-01-07,BNTX,6.932527124689836,-22.311803743357718,True,False
SONY,ST,SONY GROUP CORPORATION AMERICAN DEPOSITARY SHARES,"Wednesday, December 6, 2023",Purchase,"$1,001 - $15,000",NEW, MORGAN STANLEY - SELECT UMA ACCOUNT # 1,,Josh Gottheimer,2024-01-07,D, NJ05,House,,2024-01-09,-13.6341026991006,New Jersey,2024-01-09,2023-12-06,2024-01-07,SONY,-0.060976178642202505,-14.734419550529898,False,False
MDT,ST,MEDTRONIC PLC. ORDINARY SHARES,"Tuesday, December 5, 2023",Purchase,"$15,001 - $50,000",NEW, MORGAN STANLEY SMITH BARNEY LLC IRA,,Debbie Dingell,2023-12-14,D, MI06,House,,2023-12-15,-5.98476397238912,Michigan,,2023-12-05,2023-12-14,MDT,3.822842007305982,-4.427171186892576,True,False
WFC,Stock,Wells Fargo & Company Common Stock,"Tuesday, December 5, 2023",Purchase,"$1,001 - $15,000",New,,,"McConnell, A. Mitchell Jr.",2023-12-18,R,,Senate,Dividend Reinvestment,2023-12-19,17.2538501578457,Kentucky,,2023-12-05,2023-12-18,WFC,8.10617254909829,13.099977436083554,True,True
JNJ,ST,JOHNSON & JOHNSON,"Tuesday, December 5, 2023",Purchase,"$1,001 - $15,000",NEW,,REINVEST SHARES,Lloyd Doggett,2024-01-08,D, TX37,House,,2024-01-09,-12.2445180828249,Texas,2024-01-09,2023-12-05,2024-01-08,JNJ,-1.348394778648765,-11.53032168764694,False,False
JNJ,ST,JOHNSON & JOHNSON,"Tuesday, December 5, 2023",Purchase,"$1,001 - $15,000",NEW, HERN FAMILY REVOCABLE TRUST > BROKERAGE INVESTMENT ACCOUNT,DIVIDEND REINVESTMENT,Kevin Hern,2024-01-13,R, OK01,House,,2024-01-15,-12.2445180828249,Oklahoma,2024-01-15,2023-12-05,2024-01-13,JNJ,-1.348394778648765,-11.53032168764694,False,False
BNTX,ST,BIONTECH SE - AMERICAN DEPOSITARY SHARES,"Tuesday, December 5, 2023",Purchase,"$1,001 - $15,000",NEW, MORGAN STANLEY - SELECT UMA ACCOUNT # 1,,Josh Gottheimer,2024-01-07,D, NJ05,House,,2024-01-09,-18.3510357334473,New Jersey,2024-01-09,2023-12-05,2024-01-07,BNTX,6.2013721660857835,-21.90439767164084,True,False
BLK,ST,"BLACKROCK, INC.","Monday, December 4, 2023",Sale,"$1,001 - $15,000",NEW, NORTHWESTERN MUTUAL - JOINT,,John Curtis,2023-12-15,R, UT03,House,,2023-12-18,-5.88336642192132,Utah,,2023-12-04,2023-12-15,BLK,-0.7097397039314668,1.9631417836735388,False,True
GS,ST,"GOLDMAN SACHS GROUP, INC.","Monday, December 4, 2023",Sale,"$1,001 - $15,000",NEW, NORTHWESTERN MUTUAL - JOINT,,John Curtis,2023-12-15,R, UT03,House,,2023-12-18,-1.15188163684275,Utah,,2023-12-04,2023-12-15,GS,-6.318455925491984,0.01293286164893992,False,True
EW,ST,EDWARDS LIFESCIENCES CORPORATION,"Monday, December 4, 2023",Sale,"$1,001 - $15,000",NEW, NORTHWESTERN MUTUAL - JOINT,,John Curtis,2023-12-15,R, UT03,House,,2023-12-18,21.4580570279103,Utah,,2023-12-04,2023-12-15,EW,-2.754891422042949,-13.507772301808064,False,False
TMUS,ST,"T-MOBILE US, INC.","Monday, December 4, 2023",Sale,"$1,001 - $15,000",NEW, NORTHWESTERN MUTUAL - JOINT,,John Curtis,2023-12-15,R, UT03,House,,2023-12-18,-6.0798647604588,Utah,,2023-12-04,2023-12-15,TMUS,-3.118450667490258,5.38212100551414,False,True
UNH,ST,UNITEDHEALTH GROUP INCORPORATED COMMON STOCK,"Monday, December 4, 2023",Sale,"$1,001 - $15,000",NEW, NORTHWESTERN MUTUAL - JOINT,,John Curtis,2023-12-15,R, UT03,House,,2023-12-18,-22.456508310569,Utah,,2023-12-04,2023-12-15,UNH,4.09477528441543,24.39245212853176,True,True
COP,ST,CONOCOPHILLIPS,"Monday, December 4, 2023",Sale,"$1,001 - $15,000",NEW, NORTHWESTERN MUTUAL - JOINT,,John Curtis,2023-12-15,R, UT03,House,,2023-12-18,-7.16549506011735,Utah,,2023-12-04,2023-12-15,COP,-1.7600763954432885,14.803378052847627,False,True
SPGI,ST,S&P GLOBAL INC.,"Monday, December 4, 2023",Sale,"$1,001 - $15,000",NEW, NORTHWESTERN MUTUAL - JOINT,,John Curtis,2023-12-15,R, UT03,House,,2023-12-18,-12.3017875343713,Utah,,2023-12-04,2023-12-15,SPGI,1.6181857045285186,11.985342963632451,True,True
NVDA,ST,NVIDIA CORPORATION,"Monday, December 4, 2023",Sale,"$1,001 - $15,000",NEW, NORTHWESTERN MUTUAL - JOINT,,John Curtis,2023-12-15,R, UT03,House,,2023-12-18,81.0283724832975,Utah,,2023-12-04,2023-12-15,NVDA,-1.569437927740358,-75.01288626042988,False,False
CMCSA,ST,COMCAST CORPORATION - CLASS A,"Monday, December 4, 2023",Sale,"$1,001 - $15,000",NEW, NORTHWESTERN MUTUAL - JOINT,,John Curtis,2023-12-15,R, UT03,House,,2023-12-18,-12.6960530768505,Utah,,2023-12-04,2023-12-15,CMCSA,2.420957490526865,15.135183107330796,True,True
DHR,ST,DANAHER CORPORATION,"Monday, December 4, 2023",Sale,"$1,001 - $15,000",NEW, NORTHWESTERN MUTUAL - JOINT,,John Curtis,2023-12-15,R, UT03,House,,2023-12-18,0.300133167739009,Utah,,2023-12-04,2023-12-15,DHR,-0.9527714381846408,-3.0533396766272203,False,False
GOOG,ST,ALPHABET INC. - CLASS C CAPITAL STOCK,"Monday, December 4, 2023",Sale,"$15,001 - $50,000",NEW, NORTHWESTERN MUTUAL - JOINT,,John Curtis,2023-12-15,R, UT03,House,,2023-12-18,-3.14235000614492,Utah,,2023-12-04,2023-12-15,GOOG,-4.493668326268629,9.54711866416902,False,True
LRCX,ST,LAM RESEARCH CORPORATION,"Monday, December 4, 2023",Sale,"$1,001 - $15,000",NEW, NORTHWESTERN MUTUAL - JOINT,,John Curtis,2023-12-15,R, UT03,House,,2023-12-18,16.1943971815672,Utah,,2023-12-04,2023-12-15,LRCX,-0.8293397354884879,-25.387220379193387,False,False
AAPL,ST,APPLE INC.,"Monday, December 4, 2023",Sale,"$1,001 - $15,000",NEW, NORTHWESTERN MUTUAL - JOINT,,John Curtis,2023-12-15,R, UT03,House,,2023-12-18,-20.8504520113269,Utah,,2023-12-04,2023-12-15,AAPL,5.689362428435906,19.844815099157042,True,True
SHW,ST,SHERWIN-WILLIAMS COMPANY,"Monday, December 4, 2023",Sale,"$1,001 - $15,000",NEW, NORTHWESTERN MUTUAL - JOINT,,John Curtis,2023-12-15,R, UT03,House,,2023-12-18,6.92498085940742,Utah,,2023-12-04,2023-12-15,SHW,-2.4846465227413628,-7.488334314139222,False,False
CVX,ST,CHEVRON CORPORATION,"Monday, December 4, 2023",Sale,"$1,001 - $15,000",NEW, NORTHWESTERN MUTUAL - JOINT,,John Curtis,2023-12-15,R, UT03,House,,2023-12-18,-4.60433488478401,Utah,,2023-12-04,2023-12-15,CVX,-2.1946022957257894,9.51201650320379,False,True
MNST,ST,MONSTER BEVERAGE CORPORATION,"Monday, December 4, 2023",Sale,"$1,001 - $15,000",NEW, MORGAN STANLEY - SELECT UMA ACCOUNT # 1,,Josh Gottheimer,2024-01-07,D, NJ05,House,,2024-01-09,-2.40604291327915,New Jersey,2024-01-09,2023-12-04,2024-01-07,MNST,-1.232213970317808,6.244129643611984,False,True
JPM,ST,JP MORGAN CHASE & CO.,"Monday, December 4, 2023",Sale,"$1,001 - $15,000",NEW, NORTHWESTERN MUTUAL - JOINT,,John Curtis,2023-12-15,R, UT03,House,,2023-12-18,8.47419981517046,Utah,,2023-12-04,2023-12-15,JPM,-5.488722924843881,-5.879346198587565,False,False
TMO,ST,THERMO FISHER SCIENTIFIC INC,"Monday, December 4, 2023",Sale,"$1,001 - $15,000",NEW, NORTHWESTERN MUTUAL - JOINT,,John Curtis,2023-12-15,R, UT03,House,,2023-12-18,5.95263758548922,Utah,,2023-12-04,2023-12-15,TMO,-3.8041492486895923,-5.142358141790115,False,False
AXP,ST,AMERICAN EXPRESS COMPANY,"Monday, December 4, 2023",Sale,"$1,001 - $15,000",NEW, NORTHWESTERN MUTUAL - JOINT,,John Curtis,2023-12-15,R, UT03,House,,2023-12-18,14.1187764761406,Utah,,2023-12-04,2023-12-15,AXP,-4.589168929912546,-14.074958235732193,False,False
RTX,ST,RTX CORPORATION,"Monday, December 4, 2023",Sale,"$1,001 - $15,000",NEW, NORTHWESTERN MUTUAL - JOINT,,John Curtis,2023-12-15,R, UT03,House,,2023-12-18,-0.187697033508682,Utah,,2023-12-04,2023-12-15,RTX,-0.028436496348716034,4.124113857340994,False,True
VLO,ST,VALERO ENERGY CORPORATION,"Monday, December 4, 2023",Sale,"$1,001 - $15,000",NEW, NORTHWESTERN MUTUAL - JOINT,,John Curtis,2023-12-15,R, UT03,House,,2023-12-18,17.471585194124,Utah,,2023-12-04,2023-12-15,VLO,-2.8019192989525044,-2.143509315156278,False,False
CAT,ST,"CATERPILLAR, INC.","Monday, December 4, 2023",Sale,"$1,001 - $15,000",NEW, NORTHWESTERN MUTUAL - JOINT,,John Curtis,2023-12-15,R, UT03,House,,2023-12-18,24.2237346517563,Utah,,2023-12-04,2023-12-15,CAT,-8.644755824881267,-20.654224635082063,False,False
ADBE,ST,ADOBE INC.,"Monday, December 4, 2023",Sale,"$1,001 - $15,000",NEW, NORTHWESTERN MUTUAL - JOINT,,John Curtis,2023-12-15,R, UT03,House,,2023-12-18,-30.5188726287574,Utah,,2023-12-04,2023-12-15,ADBE,8.375321180597195,18.337319319340185,True,True
COST,ST,COSTCO WHOLESALE CORPORATION,"Monday, December 4, 2023",Sale,"$1,001 - $15,000",NEW, NORTHWESTERN MUTUAL - JOINT,,John Curtis,2023-12-15,R, UT03,House,,2023-12-18,9.14759526812954,Utah,,2023-12-04,2023-12-15,COST,-4.658490951382843,-14.444283538965163,False,False
MA,ST,MASTERCARD INCORPORATED,"Monday, December 4, 2023",Sale,"$1,001 - $15,000",NEW, NORTHWESTERN MUTUAL - JOINT,,John Curtis,2023-12-15,R, UT03,House,,2023-12-18,4.58283093656961,Utah,,2023-12-04,2023-12-15,MA,0.3729744305772664,-2.481258815980114,True,False
LLY,ST,ELI LILLY AND COMPANY,"Monday, December 4, 2023",Sale,"$1,001 - $15,000",NEW, NORTHWESTERN MUTUAL - JOINT,,John Curtis,2023-12-15,R, UT03,House,,2023-12-18,16.7918077430115,Utah,,2023-12-04,2023-12-15,LLY,-2.5123058580702295,-22.99522008441317,False,False
PANW,ST,"PALO ALTO NETWORKS, INC.","Monday, December 4, 2023",Sale,"$1,001 - $15,000",NEW, NORTHWESTERN MUTUAL - JOINT,,John Curtis,2023-12-15,R, UT03,House,,2023-12-18,-13.5290941162191,Utah,,2023-12-04,2023-12-15,PANW,3.003688172375296,7.803549763258522,True,True
ZTS,ST,ZOETIS INC. CLASS A,"Monday, December 4, 2023",Sale,"$1,001 - $15,000",NEW, NORTHWESTERN MUTUAL - JOINT,,John Curtis,2023-12-15,R, UT03,House,,2023-12-18,-17.2202569188999,Utah,,2023-12-04,2023-12-15,ZTS,-2.980798803218354,9.128251067270376,False,True
EMR,ST,EMERSON ELECTRIC COMPANY,"Monday, December 4, 2023",Sale,"$1,001 - $15,000",NEW, NORTHWESTERN MUTUAL - JOINT,,John Curtis,2023-12-15,R, UT03,House,,2023-12-18,12.4077471313243,Utah,,2023-12-04,2023-12-15,EMR,-3.534857809585157,-10.889472340853402,False,False
CSX,ST,CSX CORPORATION,"Monday, December 4, 2023",Sale,"$1,001 - $15,000",NEW, NORTHWESTERN MUTUAL - JOINT,,John Curtis,2023-12-15,R, UT03,House,,2023-12-18,-2.14283119723181,Utah,,2023-12-04,2023-12-15,CSX,-0.016038495651859996,-1.7425601855796335,False,False
NKE,ST,"NIKE, INC.","Monday, December 4, 2023",Sale,"$1,001 - $15,000",NEW, NORTHWESTERN MUTUAL - JOINT,,John Curtis,2023-12-15,R, UT03,House,,2023-12-18,-25.4458493741996,Utah,,2023-12-04,2023-12-15,NKE,12.603132089693014,25.836253586469702,True,True
CRM,ST,"SALESFORCE, INC.","Monday, December 4, 2023",Sale,"$1,001 - $15,000",NEW, NORTHWESTERN MUTUAL - JOINT,,John Curtis,2023-12-15,R, UT03,House,,2023-12-18,5.44554428531482,Utah,,2023-12-04,2023-12-15,CRM,2.484092569504015,-13.244596793387986,True,False
DE,ST,DEERE & COMPANY,"Monday, December 4, 2023",Sale,"$1,001 - $15,000",NEW, NORTHWESTERN MUTUAL - JOINT,,John Curtis,2023-12-15,R, UT03,House,,2023-12-18,-8.05701890638781,Utah,,2023-12-04,2023-12-15,DE,-3.6642987720337583,13.502470756472572,False,True
HON,ST,HONEYWELL INTERNATIONAL INC.,"Monday, December 4, 2023",Sale,"$1,001 - $15,000",NEW, NORTHWESTERN MUTUAL - JOINT,,John Curtis,2023-12-15,R, UT03,House,,2023-12-18,-12.314231330733,Utah,,2023-12-04,2023-12-15,HON,-0.15565837612352418,11.836381942583852,False,True
HD,ST,"HOME DEPOT, INC.","Monday, December 4, 2023",Sale,"$1,001 - $15,000",NEW, NORTHWESTERN MUTUAL - JOINT,,John Curtis,2023-12-15,R, UT03,House,,2023-12-18,3.21087249608056,Utah,,2023-12-04,2023-12-15,HD,-1.4399501569318574,-5.110882036514175,False,False
BSX,ST,BOSTON SCIENTIFIC CORPORATION,"Monday, December 4, 2023",Sale,"$1,001 - $15,000",NEW, NORTHWESTERN MUTUAL - JOINT,,John Curtis,2023-12-15,R, UT03,House,,2023-12-18,8.94740180978689,Utah,,2023-12-04,2023-12-15,BSX,-2.21221175376487,-10.834821187834432,False,False
KO,ST,COCA-COLA COMPANY,"Monday, December 4, 2023",Sale,"$1,001 - $15,000",NEW, NORTHWESTERN MUTUAL - JOINT,,John Curtis,2023-12-15,R, UT03,House,,2023-12-18,-9.73982170105075,Utah,,2023-12-04,2023-12-15,KO,0.5816192560337052,10.162894548319557,True,True
PG,ST,PROCTER & GAMBLE COMPANY,"Monday, December 4, 2023",Sale,"$1,001 - $15,000",NEW, NORTHWESTERN MUTUAL - JOINT,,John Curtis,2023-12-15,R, UT03,House,,2023-12-18,-5.8473020768116,Utah,,2023-12-04,2023-12-15,PG,5.730067996750499,7.347758573661878,True,True
MSFT,ST,MICROSOFT CORPORATION,"Monday, December 4, 2023",Sale,"$15,001 - $50,000",NEW, NORTHWESTERN MUTUAL - JOINT,,John Curtis,2023-12-15,R, UT03,House,,2023-12-18,0.831687050783822,Utah,,2023-12-04,2023-12-15,MSFT,2.5593352749895715,-0.12177571969047563,True,False
SBUX,ST,STARBUCKS CORPORATION,"Monday, December 4, 2023",Sale,"$1,001 - $15,000",NEW, NORTHWESTERN MUTUAL - JOINT,,John Curtis,2023-12-15,R, UT03,House,,2023-12-18,-19.640396045327,Utah,,2023-12-04,2023-12-15,SBUX,7.432300925154611,17.546415132615344,True,True
AMZN,ST,"AMAZON.COM, INC.","Monday, December 4, 2023",Sale,"$15,001 - $50,000",NEW, NORTHWESTERN MUTUAL - JOINT,,John Curtis,2023-12-15,R, UT03,House,,2023-12-18,8.44607359217006,Utah,,2023-12-04,2023-12-15,AMZN,0.44862965399183885,-10.324235099871393,True,False
TXN,ST,TEXAS INSTRUMENTS INCORPORATED,"Monday, December 4, 2023",Sale,"$1,001 - $15,000",NEW, NORTHWESTERN MUTUAL - JOINT,,John Curtis,2023-12-15,R, UT03,House,,2023-12-18,-2.38428781653113,Utah,,2023-12-04,2023-12-15,TXN,-2.9656254189509124,2.7386650692721393,False,True
AMAT,ST,"APPLIED MATERIALS, INC.","Monday, December 4, 2023",Sale,"$1,001 - $15,000",NEW, NORTHWESTERN MUTUAL - JOINT,,John Curtis,2023-12-15,R, UT03,House,,2023-12-18,22.0020910213557,Utah,,2023-12-04,2023-12-15,AMAT,0.8101158885509996,-29.009516754386098,True,False
AMD,ST,"ADVANCED MICRO DEVICES, INC.","Monday, December 4, 2023",Sale,"$1,001 - $15,000",NEW, NORTHWESTERN MUTUAL - JOINT,,John Curtis,2023-12-15,R, UT03,House,,2023-12-18,49.1604195481454,Utah,,2023-12-04,2023-12-15,AMD,-11.17183585423842,-60.91724616447542,False,False
ELV,ST,"ELEVANCE HEALTH, INC.","Monday, December 4, 2023",Sale,"$1,001 - $15,000",NEW, NORTHWESTERN MUTUAL - JOINT,,John Curtis,2023-12-15,R, UT03,House,,2023-12-18,-5.77070711692407,Utah,,2023-12-04,2023-12-15,ELV,3.4951109352389653,7.879281396866467,True,True
FLNG,ST,FLEX LNG LTD. ORDINARY SHARES,"Monday, December 4, 2023",Purchase,"$1,001 - $15,000",NEW,,,Virginia Foxx,2024-01-04,R, NC05,House,,2024-01-09,-24.2953021988077,North Carolina,2024-01-09,2023-12-04,2024-01-04,FLNG,2.3936734098855217,-26.531227291690808,True,False
ABT,ST,ABBOTT LABORATORIES,"Monday, December 4, 2023",Sale,"$1,001 - $15,000",NEW, NORTHWESTERN MUTUAL - JOINT,,John Curtis,2023-12-15,R, UT03,House,,2023-12-18,-2.18465631441078,Utah,,2023-12-04,2023-12-15,ABT,-1.1615084213705495,-1.8372875202479433,False,False
CELH,ST,"CELSIUS HOLDINGS, INC.","Monday, December 4, 2023",Purchase,"$1,001 - $15,000",NEW, MORGAN STANLEY - SELECT UMA ACCOUNT # 1,,Josh Gottheimer,2024-01-07,D, NJ05,House,,2024-01-09,65.4490540417123,New Jersey,2024-01-09,2023-12-04,2024-01-07,CELH,2.774717644663127,53.57176410313893,True,True
META,ST,"META PLATFORMS, INC. - CLASS A","Monday, December 4, 2023",Sale,"$1,001 - $15,000",NEW, NORTHWESTERN MUTUAL - JOINT,,John Curtis,2023-12-15,R, UT03,House,,2023-12-18,39.2953338936829,Utah,,2023-12-04,2023-12-15,META,-4.685304725885797,-43.394629208871585,False,False
PEP,ST,"PEPSICO, INC.","Monday, December 4, 2023",Sale,"$1,001 - $15,000",NEW, NORTHWESTERN MUTUAL - JOINT,,John Curtis,2023-12-15,R, UT03,House,,2023-12-18,-14.6251550091886,Utah,,2023-12-04,2023-12-15,PEP,0.7022764429534201,14.508947552909724,True,True
V,ST,VISA INC.,"Monday, December 4, 2023",Sale,"$1,001 - $15,000",NEW, NORTHWESTERN MUTUAL - JOINT,,John Curtis,2023-12-15,R, UT03,House,,2023-12-18,-0.736090608250173,Utah,,2023-12-04,2023-12-15,V,1.563552819100722,2.0261328730305506,True,True
UNP,ST,UNION PACIFIC CORPORATION,"Monday, December 4, 2023",Sale,"$1,001 - $15,000",NEW, NORTHWESTERN MUTUAL - JOINT,,John Curtis,2023-12-15,R, UT03,House,,2023-12-18,-7.60279766014072,Utah,,2023-12-04,2023-12-15,UNP,-0.37991299388373534,3.913195454527285,False,True
CSCO,Stock,Cisco Systems Inc,"Friday, December 1, 2023",Purchase,"$1,001 - $15,000",New,,,"Capito, Shelley Moore",2024-01-12,R,,Senate,,2024-01-12,-10.4646985114728,West Virginia,2024-01-12,2023-12-01,2024-01-12,CSCO,0.9832782978405508,-11.124280826636069,True,False
SPGI,Stock,S&P Global Inc,"Friday, December 1, 2023",Purchase,"$1,001 - $15,000",New,,,"Capito, Shelley Moore",2024-01-12,R,,Senate,,2024-01-12,-11.2217960272079,West Virginia,2024-01-12,2023-12-01,2024-01-12,SPGI,0.1844515214227238,-9.406113427988894,True,False
COCO,ST,"THE VITA COCO COMPANY, INC.","Friday, December 1, 2023",Purchase,"$1,001 - $15,000",NEW, MORGAN STANLEY - SELECT UMA ACCOUNT # 1,,Josh Gottheimer,2024-01-07,D, NJ05,House,,2024-01-09,-21.1654484031009,New Jersey,2024-01-09,2023-12-01,2024-01-07,COCO,-9.018957443455067,-16.999288865045724,False,False
GOOG,ST,ALPHABET INC. - CLASS C CAPITAL STOCK,"Friday, December 1, 2023",Sale,"$1,001 - $15,000",NEW, MORGAN STANLEY - SELECT UMA ACCOUNT # 1,,Josh Gottheimer,2024-01-07,D, NJ05,House,,2024-01-09,-4.77557533878832,New Jersey,2024-01-09,2023-12-01,2024-01-07,GOOG,-1.45495590831628,6.072485053359844,False,True
CMCSA,Stock,Comcast Corp A,"Friday, December 1, 2023",Purchase,"$1,001 - $15,000",New,,,"Capito, Shelley Moore",2024-01-12,R,,Senate,,2024-01-12,-10.0870393210074,West Virginia,2024-01-12,2023-12-01,2024-01-12,CMCSA,0.23338934584404836,-9.401735957487055,True,False
CVX,Stock,Chevron Corp,"Friday, December 1, 2023",Purchase,"$1,001 - $15,000",New,,,"Capito, Shelley Moore",2024-01-12,R,,Senate,,2024-01-12,-3.9971242805066,West Virginia,2024-01-12,2023-12-01,2024-01-12,CVX,-0.0005903600946544074,-5.9459326316722905,False,False
CRM,ST,"SALESFORCE, INC.","Friday, December 1, 2023",Purchase,"$1,001 - $15,000",NEW, MORGAN STANLEY - SELECT UMA ACCOUNT # 1,,Josh Gottheimer,2024-01-07,D, NJ05,House,,2024-01-09,1.79010699867619,New Jersey,2024-01-09,2023-12-01,2024-01-07,CRM,-4.713964216862799,7.8589629676446116,False,True
PANW,ST,"PALO ALTO NETWORKS, INC.","Friday, December 1, 2023",Purchase,"$50,001 - $100,000",NEW, MORGAN STANLEY TRUST ACCOUNT,,Jonathan Jackson,2024-01-12,D, IL01,House,,2024-01-15,-16.1409136554401,Illinois,2024-01-15,2023-12-01,2024-01-12,PANW,-5.670125756044875,-6.05910826903191,False,False
MSFT,Stock,Microsoft Corp,"Thursday, November 30, 2023",Sale (Partial),"$1,001 - $15,000",New,,,"Capito, Shelley Moore",2023-12-11,R,,Senate,,2023-12-11,-2.16779049490239,West Virginia,2023-12-11,2023-11-30,2023-12-11,MSFT,5.953700901147396,3.385709646532553,True,True
IGSB,ST,ISHARES 1-5 YEAR INVESTMENT GRADE CORPORATE BOND ETF,"Thursday, November 30, 2023",Purchase,"$1,001 - $15,000",NEW, UNITED IRA,"11/30/23 BUY 65 SHARES OF ISHARES 1-5 YEAR INVESTMENT GRADE CORP BOND FUND, CUSIP 464288646, TICKER IGSB,",Carol Devine Miller,2023-12-07,R, WV01,House,,2023-12-08,-11.3566190943353,West Virginia,2023-12-08,2023-11-30,2023-12-07,IGSB,-2.904066695124974,-10.199517005842518,False,False
T,ST,AT&T INC.,"Wednesday, November 29, 2023",Sale,"$1,001 - $15,000",NEW, TRUST ONE,150 SOLD LOSS,Pete Sessions,2023-12-26,R, TX17,House,,2023-12-27,-7.90056820935198,Texas,2023-12-27,2023-11-29,2023-12-26,T,1.8732728404172727,8.342588355928093,True,True
NOW,ST,"SERVICENOW, INC.","Wednesday, November 29, 2023",Purchase,"$1,001 - $15,000",NEW, MORGAN STANLEY - SELECT UMA ACCOUNT # 1,,Josh Gottheimer,2023-12-08,D, NJ05,House,,2023-12-11,-2.93085269073413,New Jersey,2023-12-11,2023-11-29,2023-12-08,NOW,-0.7587388137965112,1.3983798225159605,False,True
GOOGL,ST,ALPHABET INC. - CLASS A,"Wednesday, November 29, 2023",Sale,"$1,001 - $15,000",NEW, MORGAN STANLEY - SELECT UMA ACCOUNT # 1,,Josh Gottheimer,2023-12-08,D, NJ05,House,,2023-12-11,-7.91627034952414,New Jersey,2023-12-11,2023-11-29,2023-12-08,GOOGL,1.33633016179322,8.712432092045264,True,True
CRT,ST,CROSS TIMBERS ROYALTY TRUST,"Wednesday, November 29, 2023",Purchase,"$1,001 - $15,000",NEW,,,Virginia Foxx,2023-12-05,R, NC05,House,,2023-12-08,-24.1236960296633,North Carolina,2023-12-06,2023-11-29,2023-12-05,CRT,-14.11559342672819,-20.788344595895225,False,False
PANW,ST,"PALO ALTO NETWORKS, INC.","Tuesday, November 28, 2023",Purchase,"$1,001 - $15,000",NEW, MORGAN STANLEY - SELECT UMA ACCOUNT # 1,,Josh Gottheimer,2023-12-08,D, NJ05,House,,2023-12-11,-10.8706282702167,New Jersey,2023-12-11,2023-11-28,2023-12-08,PANW,1.373090822062406,-2.318309782371708,True,False
TMO,ST,THERMO FISHER SCIENTIFIC INC,"Tuesday, November 28, 2023",Sale,"$1,001 - $15,000",NEW, MORGAN STANLEY - SELECT UMA ACCOUNT # 1,,Josh Gottheimer,2023-12-08,D, NJ05,House,,2023-12-11,7.78612650058441,New Jersey,2023-12-11,2023-11-28,2023-12-08,TMO,-4.660779036345786,-4.662841604564294,False,False
CRT,ST,CROSS TIMBERS ROYALTY TRUST,"Tuesday, November 28, 2023",Purchase,"$1,001 - $15,000",NEW,,,Virginia Foxx,2023-12-05,R, NC05,House,,2023-12-08,-27.3047571614479,North Carolina,2023-12-06,2023-11-28,2023-12-05,CRT,-16.50824283083644,-23.636932257619126,False,False
FLNG,ST,FLEX LNG LTD. ORDINARY SHARES,"Tuesday, November 28, 2023",Purchase,"$1,001 - $15,000",NEW,,,Virginia Foxx,2023-12-05,R, NC05,House,,2023-12-08,-25.4979002383998,North Carolina,2023-12-06,2023-11-28,2023-12-05,FLNG,-5.152550707965697,-26.21480411267868,False,False
ROK,ST,"ROCKWELL AUTOMATION, INC.","Monday, November 27, 2023",Sale,"$1,001 - $15,000",NEW, MORGAN STANLEY - SELECT UMA ACCOUNT # 1,,Josh Gottheimer,2023-12-08,D, NJ05,House,,2023-12-11,-8.91669357289805,New Jersey,2023-12-11,2023-11-27,2023-12-08,ROK,-9.73616968463842,8.917489528054734,False,True
WFC,Stock,Wells Fargo & Company,"Monday, November 27, 2023",Sale (Partial),"$1,001 - $15,000",New,,,"Capito, Shelley Moore",2023-12-19,R,,Senate,,2023-12-19,21.1425006582114,West Virginia,,2023-11-27,2023-12-19,WFC,-9.587859785995278,-14.417485609261572,False,False
PWR,ST,"QUANTA SERVICES, INC.","Monday, November 27, 2023",Purchase,"$1,001 - $15,000",NEW, MORGAN STANLEY - SELECT UMA ACCOUNT # 1,,Josh Gottheimer,2023-12-08,D, NJ05,House,,2023-12-11,18.1750472412786,New Jersey,2023-12-11,2023-11-27,2023-12-08,PWR,11.203707130935392,15.47828702853813,True,True
NOW,ST,"SERVICENOW, INC.","Wednesday, November 22, 2023",Purchase,"$1,001 - $15,000",NEW, MORGAN STANLEY - SELECT UMA ACCOUNT # 1,,Josh Gottheimer,2023-12-08,D, NJ05,House,,2023-12-11,-1.31721999132205,New Jersey,2023-12-11,2023-11-22,2023-12-08,NOW,-0.1807431995326736,3.228238883041601,False,True
WBD,ST,"WARNER BROS. DISCOVERY, INC. - SERIES A","Wednesday, November 22, 2023",Purchase,"$1,001 - $15,000",NEW, HILL 1998 TRUST (FORMERLY HILL FAMILY TRUST),,James French Hill,2023-12-13,R, AR02,House,,2023-12-14,-32.2923657893157,Arkansas,2023-12-14,2023-11-22,2023-12-13,WBD,1.3767866597842238,-16.41625831059145,True,False
V,ST,VISA INC.,"Wednesday, November 22, 2023",Purchase,"$50,001 - $100,000",NEW, HILL 1998 TRUST (FORMERLY HILL FAMILY TRUST),,James French Hill,2023-12-13,R, AR02,House,,2023-12-14,-0.848890110789274,Arkansas,2023-12-14,2023-11-22,2023-12-13,V,-2.4891718699465937,-0.7466824696952701,False,False
MMM,ST,3M COMPANY,"Wednesday, November 22, 2023",Purchase,"$15,001 - $50,000",NEW, HILL 1998 TRUST (FORMERLY HILL FAMILY TRUST),,James French Hill,2023-12-13,R, AR02,House,,2023-12-14,-2.3074212039829,Arkansas,2023-12-14,2023-11-22,2023-12-13,MMM,7.146527476245845,-12.915347425354929,True,False
PCH,ST,POTLATCHDELTIC CORPORATION,"Wednesday, November 22, 2023",Purchase,"$1,001 - $15,000",NEW, MARTHA M HILL - IRA,,James French Hill,2023-12-13,R, AR02,House,,2023-12-14,-18.4280211405419,Arkansas,2023-12-14,2023-11-22,2023-12-13,PCH,-0.6939237590761094,-17.125847160374242,False,False
CRM,ST,"SALESFORCE, INC.","Wednesday, November 22, 2023",Sale,"$1,001 - $15,000",NEW, MORGAN STANLEY - SELECT UMA ACCOUNT # 1,,Josh Gottheimer,2023-12-08,D, NJ05,House,,2023-12-11,19.086307599744,New Jersey,2023-12-11,2023-11-22,2023-12-08,CRM,-14.641230977610654,-18.751077509291413,False,False
MO,ST,"ALTRIA GROUP, INC.","Wednesday, November 22, 2023",Sale,"$50,001 - $100,000",NEW, HILL 2012 TRUST (FORMERLY JAY F HILL TRUST),,James French Hill,2023-12-13,R, AR02,House,,2023-12-14,-5.89850254540005,Arkansas,2023-12-14,2023-11-22,2023-12-13,MO,6.360593050266128,11.475102368574708,True,True
NVDA,OP,NVIDIA CORPORATION,"Wednesday, November 22, 2023",Purchase,"$1,000,001 - $5,000,000",NEW,,PURCHASED 50 CALL OPTIONS WITH A STRIKE PRICE OF $120 AND AN EXPIRATION DATE OF 12/20/24.,Nancy Pelosi,2023-12-21,D, CA11,House,,2023-12-22,67.8982496658545,California,,2023-11-22,2023-12-21,NVDA,-4.111531666502555,33.37208100737043,False,True
PCH,ST,POTLATCHDELTIC CORPORATION,"Wednesday, November 22, 2023",Purchase,"$1,001 - $15,000",NEW, J FRENCH HILL - IRA,,James French Hill,2023-12-13,R, AR02,House,,2023-12-14,-18.4280211405419,Arkansas,2023-12-14,2023-11-22,2023-12-13,PCH,-0.6939237590761094,-17.125847160374242,False,False
FIS,ST,"FIDELITY NATIONAL INFORMATION SERVICES, INC.","Wednesday, November 22, 2023",Purchase,"$15,001 - $50,000",NEW, HILL 1998 TRUST (FORMERLY HILL FAMILY TRUST),,James French Hill,2023-12-13,R, AR02,House,,2023-12-14,14.5838567992786,Arkansas,2023-12-14,2023-11-22,2023-12-13,FIS,5.777545139792517,6.47850403541792,True,True
MDLZ,Stock Option,"Mondelez International, Inc. - Class A Common Stoc","Wednesday, November 22, 2023",Purchase,"$1,001 - $15,000",New,,Option Type: Put Strike price: $70.00  Expires: 01/19/2024,"Tuberville, Tommy",2023-12-15,R,,Senate,,2023-12-15,-13.4400459513557,Alabama,,2023-11-22,2023-12-15,MDLZ,-4.737207075645388,-6.815036885952108,False,False
PCH,ST,POTLATCHDELTIC CORPORATION,"Wednesday, November 22, 2023",Purchase,"$15,001 - $50,000",NEW, HILL 1998 TRUST (FORMERLY HILL FAMILY TRUST),,James French Hill,2023-12-13,R, AR02,House,,2023-12-14,-18.4280211405419,Arkansas,2023-12-14,2023-11-22,2023-12-13,PCH,-0.6939237590761094,-17.125847160374242,False,False
PM,ST,PHILIP MORRIS INTERNATIONAL INC,"Wednesday, November 22, 2023",Sale,"$100,001 - $250,000",NEW, HILL 2012 TRUST (FORMERLY JAY F HILL TRUST),,James French Hill,2023-12-13,R, AR02,House,,2023-12-14,-11.9252942783828,Arkansas,2023-12-14,2023-11-22,2023-12-13,PM,5.283508995815344,13.648338671490034,True,True
INTC,ST,INTEL CORPORATION,"Wednesday, November 22, 2023",Purchase,"$1,001 - $15,000",NEW, J FRENCH HILL - REVOCABLE TRUST,,James French Hill,2023-12-13,R, AR02,House,,2023-12-14,-14.7635347260495,Arkansas,2023-12-14,2023-11-22,2023-12-13,INTC,5.5697326501256805,-7.2465766920496,True,False
MKL,ST,MARKEL GROUP INC.,"Wednesday, November 22, 2023",Purchase,"$50,001 - $100,000",NEW, J FRENCH HILL - REVOCABLE TRUST,,James French Hill,2023-12-13,R, AR02,House,,2023-12-14,-5.86138945114002,Arkansas,2023-12-14,2023-11-22,2023-12-13,MKL,-7.331208680548206,-7.539972443951259,False,False
CLF,Stock Option,Cleveland-Cliffs Inc,"Tuesday, November 21, 2023",Sale (Full),"$1,001 - $15,000",New,,Option Type: Call Strike price: $20.00  Expires: 07/19/2024,"Tuberville, Tommy",2023-12-15,R,,Senate,,2023-12-15,4.10139666727845,Alabama,,2023-11-21,2023-12-15,CLF,-19.08698852142221,-6.290146554952969,False,False
MNST,ST,MONSTER BEVERAGE CORPORATION,"Monday, November 20, 2023",Sale,"$1,001 - $15,000",NEW, MORGAN STANLEY - SELECT UMA ACCOUNT # 1,,Josh Gottheimer,2023-12-08,D, NJ05,House,,2023-12-11,-2.32614943913811,New Jersey,2023-12-11,2023-11-20,2023-12-08,MNST,4.159041824641719,8.356860488000727,True,True
ABBV,Stock Option,Abbvie Inc,"Monday, November 20, 2023",Sale (Full),"$1,001 - $15,000",New,,Option Type: Put Strike price: $130.00  Expires: 09/20/2024,"Tuberville, Tommy",2023-12-15,R,,Senate,,2023-12-15,16.0135210993482,Alabama,,2023-11-20,2023-12-15,ABBV,-6.3539909273266915,-17.654756584724616,False,False
CELH,ST,"CELSIUS HOLDINGS, INC.","Monday, November 20, 2023",Purchase,"$1,001 - $15,000",NEW, MORGAN STANLEY - SELECT UMA ACCOUNT # 1,,Josh Gottheimer,2023-12-08,D, NJ05,House,,2023-12-11,58.8693615179605,New Jersey,2023-12-11,2023-11-20,2023-12-08,CELH,-12.71454446221113,7.897791512332009,False,True
ASML,ST,ASML HOLDING N.V. - NEW YORK REGISTRY SHARES,"Thursday, November 16, 2023",Sale,"$15,001 - $50,000",NEW, MORGAN STANLEY TRUST ACCOUNT,,Jonathan Jackson,2023-12-04,D, IL01,House,,2023-12-06,24.4781905903713,Illinois,2023-12-05,2023-11-16,2023-12-04,ASML,-3.833801192226538,-24.851571348709946,False,False
MCK,ST,MCKESSON CORPORATION,"Thursday, November 16, 2023",Sale,"$1,001 - $15,000",NEW, MORGAN STANLEY - SELECT UMA ACCOUNT # 1,,Josh Gottheimer,2023-12-08,D, NJ05,House,,2023-12-11,4.77015956967797,New Jersey,2023-12-11,2023-11-16,2023-12-08,MCK,5.871982524006414,-0.26328123406920145,True,False
LLY,ST,ELI LILLY AND COMPANY,"Thursday, November 16, 2023",Purchase,"$1,001 - $15,000",NEW, MORGAN STANLEY - SELECT UMA ACCOUNT # 1,,Josh Gottheimer,2023-12-08,D, NJ05,House,,2023-12-11,14.4855027413015,New Jersey,2023-12-11,2023-11-16,2023-12-08,LLY,-6.680192776863791,17.708369417994028,False,True
CHX,ST,CHAMPIONX CORPORATION,"Thursday, November 16, 2023",Sale,"$15,001 - $50,000",NEW, MORGAN STANLEY TRUST ACCOUNT,,Jonathan Jackson,2023-12-04,D, IL01,House,,2023-12-06,-1.08127478356505,Illinois,2023-12-05,2023-11-16,2023-12-04,CHX,-1.1976120208521346,12.0546312871614,False,True
BMY,Stock Option,Bristol-Myers Squibb Company,"Thursday, November 16, 2023",Sale (Full),"$1,001 - $15,000",New,,Option Type: Put Strike price: $50.00  Expires: 06/21/2024,"Tuberville, Tommy",2023-12-15,R,,Senate,,2023-12-15,-10.6608798151889,Alabama,,2023-11-16,2023-12-15,BMY,4.169752955227435,14.757342825617037,True,True
AORT,Stock,"Artivion, Inc. Common Stock","Thursday, November 16, 2023",Purchase,"$50,001 - $100,000",New,,,"Smith, Tina",2023-11-20,D,,Senate,Underlying asset of Truchas Capital 401k Plan,2023-11-20,26.559021024585,Minnesota,2023-11-20,2023-11-16,2023-11-20,AORT,24.229305630092178,13.705611388554285,True,True
DASH,ST,"DOORDASH, INC.","Thursday, November 16, 2023",Purchase,"$1,001 - $15,000",NEW, MORGAN STANLEY - SELECT UMA ACCOUNT # 1,,Josh Gottheimer,2023-12-08,D, NJ05,House,,2023-12-11,23.6796749402173,New Jersey,2023-12-11,2023-11-16,2023-12-08,DASH,2.860233599779338,15.28497981830743,True,True
HON,ST,HONEYWELL INTERNATIONAL INC.,"Thursday, November 16, 2023",Sale,"$50,001 - $100,000",NEW, MORGAN STANLEY TRUST ACCOUNT,,Jonathan Jackson,2023-12-04,D, IL01,House,,2023-12-06,-9.95130520433377,Illinois,2023-12-05,2023-11-16,2023-12-04,HON,-2.3922567989216326,8.740462518151082,False,True
ACN,ST,ACCENTURE PLC CLASS A ORDINARY SHARES,"Wednesday, November 15, 2023",Purchase,"$1,001 - $15,000",NEW, HERN FAMILY REVOCABLE TRUST > BROKERAGE INVESTMENT ACCOUNT,DIVIDEND REINVESTMENT,Kevin Hern,2023-12-07,R, OK01,House,,2023-12-08,1.31366821109395,Oklahoma,2023-12-08,2023-11-15,2023-12-07,ACN,0.9258303746262353,1.4623204253316535,True,True
ARLP,ST,"ALLIANCE RESOURCE PARTNERS, L.P. - COMMON UNITS REPRESENTING LIMITED PARTNERSHIP INTERESTS","Wednesday, November 15, 2023",Purchase,"$1,001 - $15,000",NEW,,,Virginia Foxx,2023-12-05,R, NC05,House,,2023-12-08,-24.8819283070832,North Carolina,2023-12-06,2023-11-15,2023-12-05,ARLP,-18.38906195080029,-20.48137582261188,False,False
AMAT,Stock Option,Applied Materials,"Wednesday, November 15, 2023",Sale (Full),"$1,001 - $15,000",New,,Option Type: Put Strike price: $135.00  Expires: 09/20/2024,"Tuberville, Tommy",2023-12-15,R,,Senate,,2023-12-15,14.085268277414,Alabama,,2023-11-15,2023-12-15,AMAT,0.5687613242309375,-6.051962551347212,True,False
PG,ST,PROCTER & GAMBLE COMPANY,"Wednesday, November 15, 2023",Purchase,"$1,001 - $15,000",NEW,,REINVEST SHARES,Lloyd Doggett,2023-12-18,D, TX37,House,,2023-12-18,-7.19308638102031,Texas,,2023-11-15,2023-12-18,PG,-9.730502827835553,-6.79702885521738,False,False
INTA,ST,"INTAPP, INC.","Wednesday, November 15, 2023",Purchase,"$1,001 - $15,000",NEW, MORGAN STANLEY - SELECT UMA ACCOUNT # 1,,Josh Gottheimer,2023-12-08,D, NJ05,House,,2023-12-11,-28.1229080581301,New Jersey,2023-12-11,2023-11-15,2023-12-08,INTA,-5.810534084834584,-6.153896250780155,False,False
NWN,ST,NORTHWEST NATURAL HOLDING COMPANY,"Wednesday, November 15, 2023",Purchase,"$1,001 - $15,000",NEW,,DIVIDEND REINVESTMENT. PART OF MY SPOUSE'S RETIREMENT PORTFOLIO.,Earl Blumenauer,2023-12-04,D, OR03,House,,2023-12-06,-16.4742433201691,Oregon,2023-12-05,2023-11-15,2023-12-04,NWN,-1.939789615352261,-15.942231740522717,False,False
MMC,ST,"MARSH & MCLENNAN COMPANIES, INC.","Wednesday, November 15, 2023",Purchase,"$1,001 - $15,000",NEW, HERN FAMILY REVOCABLE TRUST > BROKERAGE INVESTMENT ACCOUNT,DIVIDEND REINVESTMENT,Kevin Hern,2023-12-07,R, OK01,House,,2023-12-08,-8.21526164041655,Oklahoma,2023-12-08,2023-11-15,2023-12-07,MMC,-9.080467196296915,-9.493595922667497,False,False
MSFT,OP,MICROSOFT CORPORATION,"Tuesday, November 14, 2023",Purchase,"$5,000,001 - $25,000,000",NEW, MORGAN STANLEY - PORTFOLIO MANAGEMENT ACTIVE ASSETS ACCOUNT,CALL OPTIONS; STRIKE PRICE $160; EXPIRES 06/21/2024,Josh Gottheimer,2023-12-08,D, NJ05,House,,2023-12-11,-1.55533533072008,New Jersey,2023-12-11,2023-11-14,2023-12-08,MSFT,-6.151319038533121,0.44741573414674995,False,True
MSFT,OP,MICROSOFT CORPORATION,"Tuesday, November 14, 2023",Sale,"$5,000,001 - $25,000,000",NEW, MORGAN STANLEY - PORTFOLIO MANAGEMENT ACTIVE ASSETS ACCOUNT,CALL OPTIONS; STRIKE PRICE $165; EXPIRES 01/17/2025,Josh Gottheimer,2023-12-08,D, NJ05,House,,2023-12-11,-1.55533533072008,New Jersey,2023-12-11,2023-11-14,2023-12-08,MSFT,6.151319038533121,-0.44741573414674995,True,False
MSFT,OP,MICROSOFT CORPORATION,"Tuesday, November 14, 2023",Sale,"$1,000,001 - $5,000,000",NEW, MORGAN STANLEY - PORTFOLIO MANAGEMENT ACTIVE ASSETS ACCOUNT,CALL OPTIONS; STRIKE PRICE $170; EXPIRES 01/17/2025,Josh Gottheimer,2023-12-08,D, NJ05,House,,2023-12-11,-1.55533533072008,New Jersey,2023-12-11,2023-11-14,2023-12-08,MSFT,6.151319038533121,-0.44741573414674995,True,False
OKE,ST,"ONEOK, INC.","Tuesday, November 14, 2023",Purchase,"$1,001 - $15,000",NEW, HERN FAMILY REVOCABLE TRUST > BROKERAGE INVESTMENT ACCOUNT,DIVIDEND REINVESTMENT,Kevin Hern,2023-12-07,R, OK01,House,,2023-12-08,3.12668685192399,Oklahoma,2023-12-08,2023-11-14,2023-12-07,OKE,-0.5976458201845336,-4.856994436403439,False,False
TXN,ST,TEXAS INSTRUMENTS INCORPORATED,"Tuesday, November 14, 2023",Purchase,"$1,001 - $15,000",NEW, HERN FAMILY FOUNDATION,DIVIDEND REINVESTMENT,Kevin Hern,2023-12-07,R, OK01,House,,2023-12-08,1.04781823968486,Oklahoma,2023-12-08,2023-11-14,2023-12-07,TXN,7.593336185308686,-4.266372730119938,True,False
MSFT,OP,MICROSOFT CORPORATION,"Tuesday, November 14, 2023",Purchase,"$1,000,001 - $5,000,000",NEW, MORGAN STANLEY - PORTFOLIO MANAGEMENT ACTIVE ASSETS ACCOUNT,CALL OPTIONS; STRIKE PRICE $170; EXPIRES 06/21/2024,Josh Gottheimer,2023-12-08,D, NJ05,House,,2023-12-11,-1.55533533072008,New Jersey,2023-12-11,2023-11-14,2023-12-08,MSFT,-6.151319038533121,0.44741573414674995,False,True
OKE,ST,"ONEOK, INC.","Tuesday, November 14, 2023",Purchase,"$1,001 - $15,000",NEW, HERN FAMILY FOUNDATION,DIVIDEND REINVESTMENT,Kevin Hern,2023-12-07,R, OK01,House,,2023-12-08,3.12668685192399,Oklahoma,2023-12-08,2023-11-14,2023-12-07,OKE,-0.5976458201845336,-4.856994436403439,False,False
D,ST,"DOMINION ENERGY, INC.","Monday, November 13, 2023",Sale,"$1,001 - $15,000",NEW, TIAA JOINT,,Gerald E. Connolly,2023-11-14,D, VA11,House,,2023-11-15,-8.77647634250415,Virginia,2023-11-16,2023-11-13,2023-11-14,D,-4.394417824616892,12.284390545928092,False,True
LLY,ST,ELI LILLY AND COMPANY,"Monday, November 13, 2023",Purchase,"$1,001 - $15,000",NEW, MORGAN STANLEY - SELECT UMA ACCOUNT # 1,,Josh Gottheimer,2023-12-08,D, NJ05,House,,2023-12-11,6.87792700778756,New Jersey,2023-12-11,2023-11-13,2023-12-08,LLY,-9.181650385796026,6.493808400324408,False,True
MEDP,ST,"MEDPACE HOLDINGS, INC.","Monday, November 13, 2023",Purchase,"$1,001 - $15,000",NEW, CP - INV,,Michael Patrick Guest,2023-12-11,R, MS03,House,,2023-12-12,27.6116976861294,Mississippi,2023-12-12,2023-11-13,2023-12-11,MEDP,1.0036709818709744,3.6888319532718983,True,True
ULTA,ST,"ULTA BEAUTY, INC.","Monday, November 13, 2023",Purchase,"$1,001 - $15,000",NEW, CP - INV,,Michael Patrick Guest,2023-12-11,R, MS03,House,,2023-12-12,21.0451340868687,Mississippi,2023-12-12,2023-11-13,2023-12-11,ULTA,19.57989537499152,20.624472808093874,True,True
REGN,ST,"REGENERON PHARMACEUTICALS, INC.","Monday, November 13, 2023",Sale,"$1,001 - $15,000",NEW, MORGAN STANLEY - SELECT UMA ACCOUNT # 1,,Josh Gottheimer,2023-12-08,D, NJ05,House,,2023-12-11,4.84844727361039,New Jersey,2023-12-11,2023-11-13,2023-12-08,REGN,-3.269385566000005,-5.038935130093369,False,False
EVVTY,ST,EVOLUTION AB UNSP/ADR,"Monday, November 13, 2023",Purchase,"$1,001 - $15,000",NEW, CP - INV,,Michael Patrick Guest,2023-12-11,R, MS03,House,,2023-12-12,22.5366591666659,Mississippi,2023-12-12,2023-11-13,2023-12-11,EVVTY,12.54930236094902,18.250469711854976,True,True
EXAS,ST,EXACT SCIENCES CORPORATION,"Monday, November 13, 2023",Sale,"$1,001 - $15,000",NEW, MORGAN STANLEY - SELECT UMA ACCOUNT # 1,,Josh Gottheimer,2023-12-08,D, NJ05,House,,2023-12-11,-18.841690395464,New Jersey,2023-12-11,2023-11-13,2023-12-08,EXAS,-7.5406838916987295,9.07602616921599,False,True
DT,ST,"DYNATRACE, INC.","Monday, November 13, 2023",Purchase,"$1,001 - $15,000",NEW, CP - INV,,Michael Patrick Guest,2023-12-11,R, MS03,House,,2023-12-12,-27.4742588893117,Mississippi,2023-12-12,2023-11-13,2023-12-11,DT,-0.3762756852532023,-11.849484042689173,False,False
UBER,ST,"UBER TECHNOLOGIES, INC.","Monday, November 13, 2023",Purchase,"$1,001 - $15,000",NEW, CP - INV,,Michael Patrick Guest,2023-12-11,R, MS03,House,,2023-12-12,29.4067184615562,Mississippi,2023-12-12,2023-11-13,2023-12-11,UBER,11.926340101888355,18.47849204389329,True,True
GOOG,ST,ALPHABET INC. - CLASS C CAPITAL STOCK,"Friday, November 10, 2023",Sale,"$1,001 - $15,000",NEW, MORGAN STANLEY - SELECT UMA ACCOUNT # 1,,Josh Gottheimer,2023-12-08,D, NJ05,House,,2023-12-11,-10.0424523525072,New Jersey,2023-12-11,2023-11-10,2023-12-08,GOOG,4.215438896161294,3.3802881293538034,True,True
AORT,Stock,"Artivion, Inc. Common Stock","Friday, November 10, 2023",Purchase,"$50,001 - $100,000",New,,,"Smith, Tina",2023-11-20,D,,Senate,Underlying asset of Truchas Capital 401k Plan,2023-11-20,32.0700580964537,Minnesota,2023-11-20,2023-11-10,2023-11-20,AORT,30.641004471624413,14.260072114094546,True,True
MNST,ST,MONSTER BEVERAGE CORPORATION,"Thursday, November 9, 2023",Sale,"$1,001 - $15,000",NEW, MORGAN STANLEY - SELECT UMA ACCOUNT # 1,,Josh Gottheimer,2023-12-08,D, NJ05,House,,2023-12-11,-8.15391612528347,New Jersey,2023-12-11,2023-11-09,2023-12-08,MNST,6.000971886959472,12.393519883005721,True,True
PYPL,ST,"PAYPAL HOLDINGS, INC.","Thursday, November 9, 2023",Sale,"$1,001 - $15,000",NEW,,PART OF MY SPOUSE'S RETIREMENT PORTFOLIO.,Earl Blumenauer,2023-12-04,D, OR03,House,,2023-12-06,-2.1148674099159,Oregon,2023-12-05,2023-11-09,2023-12-04,PYPL,-2.4415853842416846,-1.608045013006909,False,False
ASML,ST,ASML HOLDING N.V. - NEW YORK REGISTRY SHARES,"Thursday, November 9, 2023",Sale,"$1,001 - $15,000",NEW, MORGAN STANLEY - SELECT UMA ACCOUNT # 1,,Josh Gottheimer,2023-12-08,D, NJ05,House,,2023-12-11,30.3339444642482,New Jersey,2023-12-11,2023-11-09,2023-12-08,ASML,-5.651548322856592,-30.5035495638309,False,False
CLF,Stock Option,Cleveland-Cliffs Inc,"Thursday, November 9, 2023",Sale (Full),"$1,001 - $15,000",New,,Option Type: Call Strike price: $20.00  Expires: 01/17/2025,"Tuberville, Tommy",2023-12-15,R,,Senate,,2023-12-15,2.29127573897236,Alabama,,2023-11-09,2023-12-15,CLF,0.9141414743638165,-5.417340535055648,True,False
MSFT,Stock Option,Microsoft Corporation - Common Stock,"Thursday, November 9, 2023",Sale (Full),"$1,001 - $15,000",New,,Option Type: Put Strike price: $305.00  Expires: 09/20/2024,"Tuberville, Tommy",2023-12-15,R,,Senate,,2023-12-15,-2.45243021148391,Alabama,,2023-11-09,2023-12-15,MSFT,3.3861827853075788,0.10509828776075203,True,True
CRM,ST,"SALESFORCE, INC.","Wednesday, November 8, 2023",Sale,"$1,001 - $15,000",NEW, MORGAN STANLEY - SELECT UMA ACCOUNT # 1,,Josh Gottheimer,2023-12-08,D, NJ05,House,,2023-12-11,22.1688961283478,New Jersey,2023-12-11,2023-11-08,2023-12-08,CRM,-13.547186303997893,-22.124844961013125,False,False
ABBV,ST,ABBVIE INC.,"Wednesday, November 8, 2023",Sale,"$1,001 - $15,000",NEW, MORGAN STANLEY - SELECT UMA ACCOUNT # 1,,Josh Gottheimer,2023-12-08,D, NJ05,House,,2023-12-11,8.22717954763744,New Jersey,2023-12-11,2023-11-08,2023-12-08,ABBV,-0.04863201015397056,-8.970902890508947,False,False
NOW,ST,"SERVICENOW, INC.","Wednesday, November 8, 2023",Purchase,"$1,001 - $15,000",NEW, MORGAN STANLEY - SELECT UMA ACCOUNT # 1,,Josh Gottheimer,2023-12-08,D, NJ05,House,,2023-12-11,1.94882095904867,New Jersey,2023-12-11,2023-11-08,2023-12-08,NOW,6.737849156256459,11.287826181004057,True,True
ADBE,ST,ADOBE INC.,"Wednesday, November 8, 2023",Purchase,"$1,001 - $15,000",NEW, MORGAN STANLEY - SELECT UMA ACCOUNT # 1,,Josh Gottheimer,2023-12-08,D, NJ05,House,,2023-12-11,-32.8773553207384,New Jersey,2023-12-11,2023-11-08,2023-12-08,ADBE,-0.8359353158440497,-9.308877584981289,False,False
CELH,Stock,Celsius Holdings Inc,"Wednesday, November 8, 2023",Purchase,"$1,001 - $15,000",New,,,"Whitehouse, Sheldon",2023-12-07,D,,Senate,,2023-12-08,38.4497721050705,Rhode Island,2023-12-08,2023-11-08,2023-12-07,CELH,-19.877142275630344,-19.65982904397191,False,False
TMUS,ST,"T-MOBILE US, INC.","Tuesday, November 7, 2023",Purchase,"$15,001 - $50,000",NEW, MORGAN STANLEY TRUST ACCOUNT,,Jonathan Jackson,2023-12-04,D, IL01,House,,2023-12-06,-7.13261003829925,Illinois,2023-12-05,2023-11-07,2023-12-04,TMUS,1.5407882586411903,-2.777800018919918,True,False
X,Stock Option,United States Steel Corp,"Tuesday, November 7, 2023",Purchase,"$1,001 - $15,000",New,,Option Type: Put Strike price: $20.00  Expires: 06/21/2024,"Tuberville, Tommy",2023-12-15,R,,Senate,,2023-12-15,-3.44722009821808,Alabama,,2023-11-07,2023-12-15,X,0.38738082201645874,20.227484030853994,True,True
EOG,ST,"EOG RESOURCES, INC.","Friday, November 3, 2023",Purchase,"$15,001 - $50,000",NEW, MATT MILLER INVESTMENT MANAGEMENT ACCOUNT,"11/3/23 BUY 247 SHARES OF EOG RESOURCES, INC, CUSIP 26875P101, TICKER EOG, AT A PRICE OF $125.6342/SHARE.",Carol Devine Miller,2023-12-07,R, WV01,House,,2023-12-08,-21.8573090341459,West Virginia,2023-12-08,2023-11-03,2023-12-07,EOG,-8.87760834350556,-24.711230215420755,False,False
UNP,ST,"A PRICE OF $8.61/SHARE, RESULTING IN A GAIN OF $99.76 UNION PACIFIC CORPORATION","Friday, November 3, 2023",Sale,"$15,001 - $50,000",NEW, MATT MILLER INVESTMENT MANAGEMENT ACCOUNT,"11/3/23 SOLD 150 SHARES OF UNION PACIFIC CORP, CUSIP 907818108, TICKER UNP, AT A PRICE OF $207.3597/SHARE,",Carol Devine Miller,2023-12-07,R, WV01,House,,2023-12-08,-2.5821447957655,West Virginia,2023-12-08,2023-11-03,2023-12-07,UNP,-5.411181048269653,-4.93797825887754,False,False
MPW,ST,"MEDICAL PROPERTIES TRUST, INC. COMMON STOCK","Friday, November 3, 2023",Sale,$257.49,NEW, TRUST ONE,SOLD 50 LOSS,Pete Sessions,2023-11-07,R, TX17,House,,2023-11-09,-36.9332891736504,Texas,2023-11-16,2023-11-03,2023-11-07,MPW,6.686249072312278,52.75363717646905,True,True
CELH,ST,"CELSIUS HOLDINGS, INC.","Thursday, November 2, 2023",Purchase,"$1,001 - $15,000",NEW, MORGAN STANLEY - SELECT UMA ACCOUNT # 1,,Josh Gottheimer,2023-12-08,D, NJ05,House,,2023-12-11,53.271155160522,New Jersey,2023-12-11,2023-11-02,2023-12-08,CELH,-8.879354743708301,-19.82379030358562,False,False
LOW,ST,"LOWE'S COMPANIES, INC.","Thursday, November 2, 2023",Sale,"$1,001 - $15,000",NEW,,SOLD 30,Pete Sessions,2023-11-07,R, TX17,House,,2023-11-09,7.18637642983621,Texas,2023-11-16,2023-11-02,2023-11-07,LOW,-0.9720223336253886,2.6948304641731147,False,True
ANET,ST,"ARISTA NETWORKS, INC.","Wednesday, November 1, 2023",Purchase,"$1,001 - $15,000",NEW, MORGAN STANLEY - SELECT UMA ACCOUNT # 1,,Josh Gottheimer,2023-12-08,D, NJ05,House,,2023-12-11,10.7136355758859,New Jersey,2023-12-11,2023-11-01,2023-12-08,ANET,-5.667733168424882,12.775197054185238,False,True
MSFT,ST,MICROSOFT CORPORATION,"Wednesday, November 1, 2023",Sale,"$15,001 - $50,000",NEW,,SOLD 132.5121 SHARES,Pete Sessions,2023-11-07,R, TX17,House,,2023-11-09,-0.683586171362379,Texas,2023-11-16,2023-11-01,2023-11-07,MSFT,0.2006447094285324,-1.8520978811446875,True,False
ARCC,ST,ARES CAPITAL CORPORATION - CLOSED END FUND,"Wednesday, November 1, 2023",Sale,"$1,001 - $15,000",NEW,,SOLD 250,Pete Sessions,2023-11-07,R, TX17,House,,2023-11-09,-15.8007960398186,Texas,2023-11-16,2023-11-01,2023-11-07,ARCC,4.61457369521685,8.81392028269692,True,True
WBD,ST,"WARNER BROS. DISCOVERY, INC. - SERIES A","Wednesday, November 1, 2023",Sale,$476.63,NEW,,SOLD 48 LOSS,Pete Sessions,2023-11-07,R, TX17,House,,2023-11-09,-36.2896212381279,Texas,2023-11-16,2023-11-01,2023-11-07,WBD,-3.982157923743701,16.015190570269013,False,True
ANET,ST,"ARISTA NETWORKS, INC.","Wednesday, November 1, 2023",Purchase,"$1,001 - $15,000",NEW, CP - INV,,Michael Patrick Guest,2023-11-20,R, MS03,House,,2023-11-22,10.7136355758859,Mississippi,2023-11-21,2023-11-01,2023-11-20,ANET,-5.667733168424882,12.775197054185238,False,True
AAPL,ST,APPLE INC.,"Wednesday, November 1, 2023",Sale,"$1,001 - $15,000",NEW,,SOLD 25.0346,Pete Sessions,2023-11-07,R, TX17,House,,2023-11-09,-21.7878393217056,Texas,2023-11-16,2023-11-01,2023-11-07,AAPL,-1.5083654731535834,8.126011118551823,False,True
VZ,ST,VERIZON COMMUNICATIONS INC.,"Tuesday, October 31, 2023",Sale,"$1,001 - $15,000",NEW, IRA TWO,SOLD 163 LOSS,Pete Sessions,2023-11-07,R, TX17,House,,2023-11-09,-9.93322997892077,Texas,2023-11-16,2023-10-31,2023-11-07,VZ,-0.1910990584600203,-2.193131165747486,False,False
WBD,ST,"WARNER BROS. DISCOVERY, INC. - SERIES A","Tuesday, October 31, 2023",Sale,"$1,001 - $15,000",NEW, HT IRA,SOLD 319 LOSS,Pete Sessions,2023-11-07,R, TX17,House,,2023-11-09,-36.4287817123215,Texas,2023-11-16,2023-10-31,2023-11-07,WBD,3.7871392353941324,11.971925267863304,True,True
CLF,Stock Option,Cleveland-Cliffs Inc,"Tuesday, October 31, 2023",Sale (Full),"$1,001 - $15,000",New,,Option Type: Call Strike price: $17.00  Expires: 06/21/2024,"Tuberville, Tommy",2023-11-16,R,,Senate,,2023-11-20,-4.5850374829404,Alabama,2023-11-17,2023-10-31,2023-11-16,CLF,6.653330841795957,4.930641414879311,True,True
HPQ,Stock,HP Inc. Common Stock,"Tuesday, October 31, 2023",Sale (Full),"$15,001 - $50,000",New,,,"Tuberville, Tommy",2023-11-16,R,,Senate,,2023-11-20,-6.8106628204667,Alabama,2023-11-17,2023-10-31,2023-11-16,HPQ,-2.513901253053441,6.4530952602041,False,True
LMT,ST,LOCKHEED MARTIN CORPORATION,"Tuesday, October 31, 2023",Sale,"$100,001 - $250,000",NEW, HT IRA,SOLD 233 GAIN,Pete Sessions,2023-11-07,R, TX17,House,,2023-11-09,-26.4838136459609,Texas,2023-11-16,2023-10-31,2023-11-07,LMT,10.429017746837864,23.362509165365076,True,True
PG,ST,PROCTER & GAMBLE COMPANY,"Tuesday, October 31, 2023",Sale,"$100,001 - $250,000",NEW, HT IRA,SOLD 740 GAIN,Pete Sessions,2023-11-07,R, TX17,House,,2023-11-09,-14.7791210341285,Texas,2023-11-16,2023-10-31,2023-11-07,PG,6.591721356188351,13.419273830911171,True,True
CCI,ST,CROWN CASTLE INC.,"Tuesday, October 31, 2023",Sale,"$1,001 - $15,000",NEW,,,Pete Sessions,2023-11-07,R, TX17,House,,2023-11-09,-8.5886282945033,Texas,2023-11-16,2023-10-31,2023-11-07,CCI,-17.216720283782006,0.3293974105641251,False,True
MCD,ST,MCDONALD'S CORPORATION,"Tuesday, October 31, 2023",Sale,"$100,001",,,,Pete Sessions,2023-11-07,R, TX17,House,,2023-11-09,-15.8713754062315,Texas,2023-11-16,2023-10-31,2023-11-07,MCD,1.41516798451784,6.008775931893062,True,True
JPM,ST,JP MORGAN CHASE & CO.,"Tuesday, October 31, 2023",Purchase,"$1,001 - $15,000",NEW, HERN FAMILY REVOCABLE TRUST > BROKERAGE INVESTMENT ACCOUNT,DIVIDEND REINVESTMENT,Kevin Hern,2023-11-17,R, OK01,House,,2023-11-20,14.5031293282062,Oklahoma,2023-11-21,2023-10-31,2023-11-17,JPM,3.321397980727969,6.707442606490721,True,True
ET,ST,ENERGY TRANSFER LP COMMON UNITS,"Tuesday, October 31, 2023",Sale,"$15,001 - $50,000",NEW, HT IRA,SOLD 2682 LOSS,Pete Sessions,2023-11-07,R, TX17,House,,2023-11-09,-5.69028227463067,Texas,2023-11-16,2023-10-31,2023-11-07,ET,3.2905443620430352,7.01082886282991,True,True
T,ST,AT&T INC.,"Tuesday, October 31, 2023",Sale,"$15,001 - $50,000",NEW, HT IRA,SOLD 1321 LOSS,Pete Sessions,2023-11-07,R, TX17,House,,2023-11-09,-11.6299889557822,Texas,2023-11-16,2023-10-31,2023-11-07,T,1.3205231818624652,5.492136827845928,True,True
BP,ST,BP P.L.C.,"Tuesday, October 31, 2023",Sale,"$15,001 - $50,000",NEW, HT IRA,SOLD 436.637 LOSS,Pete Sessions,2023-11-07,R, TX17,House,,2023-11-09,-19.8565764743325,Texas,2023-11-16,2023-10-31,2023-11-07,BP,9.710711867496546,20.102176138131878,True,True
CLF,Stock Option,Cleveland-Cliffs Inc,"Tuesday, October 31, 2023",Sale (Full),"$1,001 - $15,000",New,,Option Type: Call Strike price: $17.00  Expires: 06/21/2024,"Tuberville, Tommy",2023-11-16,R,,Senate,,2023-11-20,-4.5850374829404,Alabama,2023-11-17,2023-10-31,2023-11-16,CLF,6.653330841795957,4.930641414879311,True,True
GWW,ST,"W.W. GRAINGER, INC.","Monday, October 30, 2023",Purchase,"$1,001 - $15,000",NEW, MORGAN STANLEY - SELECT UMA ACCOUNT # 1,,Josh Gottheimer,2023-11-11,D, NJ05,House,,2023-11-13,13.8698697324948,New Jersey,2023-11-16,2023-10-30,2023-11-11,GWW,-2.374377145153206,5.1618447868367,False,True
AAPL,ST,APPLE INC.,"Monday, October 30, 2023",Purchase,"$1,001 - $15,000",NEW, MORGAN STANLEY - SELECT UMA ACCOUNT # 1,,Josh Gottheimer,2023-11-11,D, NJ05,House,,2023-11-13,-21.7161223183756,New Jersey,2023-11-16,2023-10-30,2023-11-11,AAPL,1.9945164376042879,-5.675678725120736,True,False
HPQ,Stock,HP Inc. Common Stock,"Monday, October 30, 2023",Purchase,"$15,001 - $50,000",New,,,"Tuberville, Tommy",2023-11-16,R,,Senate,,2023-11-20,-6.79997280332817,Alabama,2023-11-17,2023-10-30,2023-11-16,HPQ,1.9139516169657034,-6.4922677295431885,True,False
LULU,ST,LULULEMON ATHLETICA INC.,"Monday, October 30, 2023",Purchase,"$15,001 - $50,000",NEW, MORGAN STANLEY TRUST ACCOUNT,,Jonathan Jackson,2023-11-16,D, IL01,House,,2023-11-18,-4.40154303335926,Illinois,2023-11-17,2023-10-30,2023-11-16,LULU,2.6854418990923445,4.769128609919249,True,True
SHW,ST,SHERWIN-WILLIAMS COMPANY,"Monday, October 30, 2023",Sale,"$1,001 - $15,000",NEW, MORGAN STANLEY - SELECT UMA ACCOUNT # 1,,Josh Gottheimer,2023-11-11,D, NJ05,House,,2023-11-13,19.0700708976038,New Jersey,2023-11-16,2023-10-30,2023-11-11,SHW,-7.058896541235127,-12.602267143931666,False,False
EL,ST,"ESTEE LAUDER COMPANIES, INC.","Monday, October 30, 2023",Sale,"$1,001 - $15,000",NEW, MORGAN STANLEY - SELECT UMA ACCOUNT # 1,,Josh Gottheimer,2023-11-11,D, NJ05,House,,2023-11-13,-6.06476250102825,New Jersey,2023-11-16,2023-10-30,2023-11-11,EL,11.061899765938632,12.373967176134638,True,True
MSFT,ST,MICROSOFT CORPORATION,"Friday, October 27, 2023",Purchase,"$1,001 - $15,000",NEW, MORGAN STANLEY - SELECT UMA ACCOUNT # 1,,Josh Gottheimer,2023-11-11,D, NJ05,House,,2023-11-13,1.69521860375631,New Jersey,2023-11-16,2023-10-27,2023-11-11,MSFT,4.278515202795452,3.8923879621495683,True,True
HDB,ST,HDFC BANK LIMITED,"Friday, October 27, 2023",Purchase,"$1,001 - $15,000",NEW, MORGAN STANLEY - SELECT UMA ACCOUNT # 1,,Josh Gottheimer,2023-11-11,D, NJ05,House,,2023-11-13,-26.5181339371816,New Jersey,2023-11-16,2023-10-27,2023-11-11,HDB,-5.973236001138038,-18.688646840922218,False,False
ISRG,ST,"INTUITIVE SURGICAL, INC.","Friday, October 27, 2023",Sale,"$1,001 - $15,000",NEW, MORGAN STANLEY - SELECT UMA ACCOUNT # 1,,Josh Gottheimer,2023-11-11,D, NJ05,House,,2023-11-13,28.4503212199681,New Jersey,2023-11-16,2023-10-27,2023-11-11,ISRG,-11.1054113249766,-25.92106716365801,False,False
ALGN,ST,"ALIGN TECHNOLOGY, INC.","Friday, October 27, 2023",Sale,"$1,001 - $15,000",NEW, MORGAN STANLEY - SELECT UMA ACCOUNT # 1,,Josh Gottheimer,2023-11-11,D, NJ05,House,,2023-11-13,40.0675132977945,New Jersey,2023-11-16,2023-10-27,2023-11-11,ALGN,-2.999454705529936,-18.407310203505855,False,False
INSW,ST,"INTERNATIONAL SEAWAYS, INC.","Friday, October 27, 2023",Purchase,"$1,001 - $15,000",NEW, CP - INV,,Michael Patrick Guest,2023-11-20,R, MS03,House,,2023-11-22,-18.7140756987851,Mississippi,2023-11-21,2023-10-27,2023-11-20,INSW,-15.779967892965985,-13.238375053378704,False,False
ON,ST,ON SEMICONDUCTOR CORPORATION,"Friday, October 27, 2023",Purchase,"$1,001 - $15,000",NEW, MORGAN STANLEY - SELECT UMA ACCOUNT # 1,,Josh Gottheimer,2023-11-11,D, NJ05,House,,2023-11-13,-34.9221564325615,New Jersey,2023-11-16,2023-10-27,2023-11-11,ON,-28.286074694748663,-31.833117025400036,False,False
ALGM,ST,"ALLEGRO MICROSYSTEMS, INC.","Friday, October 27, 2023",Purchase,"$1,001 - $15,000",NEW, MORGAN STANLEY - SELECT UMA ACCOUNT # 1,,Josh Gottheimer,2023-11-11,D, NJ05,House,,2023-11-13,-25.0358587426442,New Jersey,2023-11-16,2023-10-27,2023-11-11,ALGM,-10.879799063389195,-19.119516137222924,False,False
META,ST,"META PLATFORMS, INC. - CLASS A","Thursday, October 26, 2023",Sale,"$1,001 - $15,000",NEW, MORGAN STANLEY - SELECT UMA ACCOUNT # 1,,Josh Gottheimer,2023-11-11,D, NJ05,House,,2023-11-13,43.8730567376114,New Jersey,2023-11-16,2023-10-26,2023-11-11,META,-6.0868584480490595,-17.81849808373415,False,False
UEC,ST,URANIUM ENERGY CORP.,"Wednesday, October 25, 2023",Purchase,"$1,001 - $15,000",NEW, CP - INV,,Michael Patrick Guest,2023-11-20,R, MS03,House,,2023-11-22,-13.2735523770783,Mississippi,2023-11-21,2023-10-25,2023-11-20,UEC,3.101255661623581,21.549324344460217,True,True
GOOG,ST,ALPHABET INC. - CLASS C CAPITAL STOCK,"Wednesday, October 25, 2023",Sale,"$1,001 - $15,000",NEW, MORGAN STANLEY - SELECT UMA ACCOUNT # 1,,Josh Gottheimer,2023-11-11,D, NJ05,House,,2023-11-13,-10.2544235898496,New Jersey,2023-11-16,2023-10-25,2023-11-11,GOOG,-0.21943830800779107,-1.186047027444137,False,False
HTGC,ST,"HERCULES CAPITAL, INC.","Wednesday, October 25, 2023",Purchase,"$1,001 - $15,000",NEW,,,Virginia Foxx,2023-11-07,R, NC05,House,,2023-11-09,-3.53110168010942,North Carolina,2023-11-16,2023-10-25,2023-11-07,HTGC,-5.8704369012945845,-1.8382516629167345,False,False
CSCO,ST,"CISCO SYSTEMS, INC.","Tuesday, October 24, 2023",Sale,"$1,001 - $15,000",NEW,,,HON. GREG STANTON,2023-11-09,D, AZ04,House,,2023-11-09,-28.4597648100293,Arizona,2023-11-20,2023-10-24,2023-11-09,CSCO,16.10910749320148,16.906565152060637,True,True
ZTS,ST,ZOETIS INC. CLASS A,"Tuesday, October 24, 2023",Sale,"$1,001 - $15,000",NEW,,,HON. GREG STANTON,2023-11-09,D, AZ04,House,,2023-11-09,-17.50197407553,Arizona,2023-11-20,2023-10-24,2023-11-09,ZTS,-0.4955205287924924,-0.21871049292305766,False,False
VZ,ST,VERIZON COMMUNICATIONS INC.,"Tuesday, October 24, 2023",Sale,"$1,001 - $15,000",NEW,,,HON. GREG STANTON,2023-11-09,D, AZ04,House,,2023-11-09,-5.63190846739517,Arizona,2023-11-20,2023-10-24,2023-11-09,VZ,-1.7298756661130898,-1.2034948450547756,False,False
GILD,ST,"GILEAD SCIENCES, INC.","Tuesday, October 24, 2023",Sale,"$1,001 - $15,000",NEW,,,HON. GREG STANTON,2023-11-09,D, AZ04,House,,2023-11-09,-26.4700775710663,Arizona,2023-11-20,2023-10-24,2023-11-09,GILD,10.881652877351344,13.83181528615025,True,True
ACN,ST,ACCENTURE PLC CLASS A ORDINARY SHARES,"Tuesday, October 24, 2023",Sale,"$1,001 - $15,000",NEW,,,HON. GREG STANTON,2023-11-09,D, AZ04,House,,2023-11-09,5.75248267441254,Arizona,2023-11-20,2023-10-24,2023-11-09,ACN,-5.4798714429404205,-9.829623314789915,False,False
T,ST,AT&T INC.,"Tuesday, October 24, 2023",Sale,"$1,001 - $15,000",NEW,,,HON. GREG STANTON,2023-11-09,D, AZ04,House,,2023-11-09,-10.9755957537346,Arizona,2023-11-20,2023-10-24,2023-11-09,T,2.9585637872018955,6.012381577586612,True,True
COP,ST,CONOCOPHILLIPS,"Tuesday, October 24, 2023",Sale,"$1,001 - $15,000",NEW,,,HON. GREG STANTON,2023-11-09,D, AZ04,House,,2023-11-09,-20.6880725396459,Arizona,2023-11-20,2023-10-24,2023-11-09,COP,11.055396963245734,24.10256233566611,True,True
MSFT,ST,MICROSOFT CORPORATION,"Tuesday, October 24, 2023",Sale,"$15,001 - $50,000",NEW,,,HON. GREG STANTON,2023-11-09,D, AZ04,House,,2023-11-09,5.2224345750848,Arizona,2023-11-20,2023-10-24,2023-11-09,MSFT,-6.8521487817286175,-5.771783737534442,False,False
UNP,ST,UNION PACIFIC CORPORATION,"Tuesday, October 24, 2023",Sale,"$1,001 - $15,000",NEW,,,HON. GREG STANTON,2023-11-09,D, AZ04,House,,2023-11-09,-1.93035458148835,Arizona,2023-11-20,2023-10-24,2023-11-09,UNP,-1.83337714751044,-4.146153719049384,False,False
PANW,ST,"PALO ALTO NETWORKS, INC.","Tuesday, October 24, 2023",Sale,"$1,001 - $15,000",NEW,,PURCHASE OF THIS STOCK FELL BELOW THE $1000 REPORTING THRESHOLD. THE SALE OF THE STOCK WAS ABOVE $1000 AND IS,HON. GREG STANTON,2023-11-09,D, AZ04,House,,2023-11-09,-8.82594349006056,Arizona,2023-11-20,2023-10-24,2023-11-09,PANW,1.7792101765015333,-22.934502772209342,True,False
INTC,ST,INTEL CORPORATION,"Tuesday, October 24, 2023",Sale,"$1,001 - $15,000",NEW,,,HON. GREG STANTON,2023-11-09,D, AZ04,House,,2023-11-09,2.50951834245648,Arizona,2023-11-20,2023-10-24,2023-11-09,INTC,-19.75156905910591,-25.214356002063344,False,False
TMO,ST,THERMO FISHER SCIENTIFIC INC,"Tuesday, October 24, 2023",Sale,"$1,001 - $15,000",NEW,,,HON. GREG STANTON,2023-11-09,D, AZ04,House,,2023-11-09,6.70820069695688,Arizona,2023-11-20,2023-10-24,2023-11-09,TMO,0.24077610465280674,-6.568859354174106,True,False
CB,ST,CHUBB LIMITED,"Tuesday, October 24, 2023",Sale,"$1,001 - $15,000",NEW,,,HON. GREG STANTON,2023-11-09,D, AZ04,House,,2023-11-09,0.448587457259755,Arizona,2023-11-20,2023-10-24,2023-11-09,CB,-0.040793444915543375,1.155669799682224,False,True
V,ST,VISA INC.,"Tuesday, October 24, 2023",Sale,"$1,001 - $15,000",NEW,,,HON. GREG STANTON,2023-11-09,D, AZ04,House,,2023-11-09,-0.140900521189089,Arizona,2023-11-20,2023-10-24,2023-11-09,V,-1.0369967130428703,-1.386299511295186,False,False
GS,ST,"GOLDMAN SACHS GROUP, INC.","Tuesday, October 24, 2023",Sale,"$1,001 - $15,000",NEW,,,HON. GREG STANTON,2023-11-09,D, AZ04,House,,2023-11-09,8.66065446993964,Arizona,2023-11-20,2023-10-24,2023-11-09,GS,-6.022669283845339,-14.815850831795906,False,False
PEP,ST,"PEPSICO, INC.","Tuesday, October 24, 2023",Sale,"$1,001 - $15,000",NEW,,,HON. GREG STANTON,2023-11-09,D, AZ04,House,,2023-11-09,-19.2401985680708,Arizona,2023-11-20,2023-10-24,2023-11-09,PEP,2.9102795767193435,12.389742616622158,True,True
DIS,ST,WALT DISNEY COMPANY,"Tuesday, October 24, 2023",Sale,"$1,001 - $15,000",NEW,,,HON. GREG STANTON,2023-11-09,D, AZ04,House,,2023-11-09,14.8352489105061,Arizona,2023-11-20,2023-10-24,2023-11-09,DIS,-9.01456296098553,-0.9746352397452807,False,False
SBUX,ST,STARBUCKS CORPORATION,"Tuesday, October 24, 2023",Sale,"$1,001 - $15,000",NEW,,,HON. GREG STANTON,2023-11-09,D, AZ04,House,,2023-11-09,-25.5189693702054,Arizona,2023-11-20,2023-10-24,2023-11-09,SBUX,-1.2867834106638387,15.828233716831297,False,True
WFC,ST,WELLS FARGO & COMPANY,"Tuesday, October 24, 2023",Sale,"$1,001 - $15,000",NEW,,,HON. GREG STANTON,2023-11-09,D, AZ04,House,,2023-11-09,25.6472831627046,Arizona,2023-11-20,2023-10-24,2023-11-09,WFC,-1.9296194695244129,-9.358781503051894,False,False
AMD,ST,"ADVANCED MICRO DEVICES, INC.","Tuesday, October 24, 2023",Sale,"$1,001 - $15,000",NEW,,,HON. GREG STANTON,2023-11-09,D, AZ04,House,,2023-11-09,67.1586036823283,Arizona,2023-11-20,2023-10-24,2023-11-09,AMD,-12.963791795252666,-51.227424003564416,False,False
AMAT,ST,"APPLIED MATERIALS, INC.","Tuesday, October 24, 2023",Sale,"$1,001 - $15,000",NEW,,,HON. GREG STANTON,2023-11-09,D, AZ04,House,,2023-11-09,26.4941237733101,Arizona,2023-11-20,2023-10-24,2023-11-09,AMAT,-4.108335815477648,-10.568989641679805,False,False
UPS,ST,"UNITED PARCEL SERVICE, INC.","Tuesday, October 24, 2023",Sale,"$1,001 - $15,000",NEW,,,HON. GREG STANTON,2023-11-09,D, AZ04,House,,2023-11-09,-18.050808061981,Arizona,2023-11-20,2023-10-24,2023-11-09,UPS,5.522293333200312,7.975259577423222,True,True
TXN,ST,TEXAS INSTRUMENTS INCORPORATED,"Tuesday, October 24, 2023",Sale,"$1,001 - $15,000",NEW,,,HON. GREG STANTON,2023-11-09,D, AZ04,House,,2023-11-09,-3.33865512311864,Arizona,2023-11-20,2023-10-24,2023-11-09,TXN,2.7972972462611434,-4.806636579372059,True,False
PLD,ST,"PROLOGIS, INC.","Tuesday, October 24, 2023",Sale,"$1,001 - $15,000",NEW,,,HON. GREG STANTON,2023-11-09,D, AZ04,House,,2023-11-09,6.1002196978195,Arizona,2023-11-20,2023-10-24,2023-11-09,PLD,-2.790648538038454,-12.397914067218574,False,False
MCD,ST,MCDONALD'S CORPORATION,"Tuesday, October 24, 2023",Sale,"$1,001 - $15,000",NEW,,,HON. GREG STANTON,2023-11-09,D, AZ04,House,,2023-11-09,-12.2623069744372,Arizona,2023-11-20,2023-10-24,2023-11-09,MCD,-2.485191910694806,-1.800889547388218,False,False
LRCX,ST,LAM RESEARCH CORPORATION,"Tuesday, October 24, 2023",Sale,"$1,001 - $15,000",NEW,,,HON. GREG STANTON,2023-11-09,D, AZ04,House,,2023-11-09,29.9090593707327,Arizona,2023-11-20,2023-10-24,2023-11-09,LRCX,-11.450271819313906,-23.808634597689004,False,False
MDT,ST,MEDTRONIC PLC. ORDINARY SHARES,"Tuesday, October 24, 2023",Sale,"$1,001 - $15,000",NEW,,,HON. GREG STANTON,2023-11-09,D, AZ04,House,,2023-11-09,-4.62914048972051,Arizona,2023-11-20,2023-10-24,2023-11-09,MDT,-2.404344452342788,-5.973884148216535,False,False
NVDA,ST,NVIDIA CORPORATION,"Tuesday, October 24, 2023",Sale,"$1,001 - $15,000",NEW,,,HON. GREG STANTON,2023-11-09,D, AZ04,House,,2023-11-09,80.4060783423935,Arizona,2023-11-20,2023-10-24,2023-11-09,NVDA,-2.082699991481629,-22.433590988833775,False,False
ABT,ST,ABBOTT LABORATORIES,"Tuesday, October 24, 2023",Sale,"$1,001 - $15,000",NEW,,,HON. GREG STANTON,2023-11-09,D, AZ04,House,,2023-11-09,1.04894134024525,Arizona,2023-11-20,2023-10-24,2023-11-09,ABT,-1.1640369345119472,-6.250788374150207,False,False
SPGI,ST,S&P GLOBAL INC.,"Tuesday, October 24, 2023",Sale,"$1,001 - $15,000",NEW,,,HON. GREG STANTON,2023-11-09,D, AZ04,House,,2023-11-09,0.754974026838685,Arizona,2023-11-20,2023-10-24,2023-11-09,SPGI,-11.964997744999263,-13.550312596057235,False,False
COST,ST,COSTCO WHOLESALE CORPORATION,"Tuesday, October 24, 2023",Sale,"$1,001 - $15,000",NEW,,,HON. GREG STANTON,2023-11-09,D, AZ04,House,,2023-11-09,10.7297202042864,Arizona,2023-11-20,2023-10-24,2023-11-09,COST,0.17569349230099895,-11.300980969023477,True,False
AXON,ST,"AXON ENTERPRISE, INC.","Tuesday, October 24, 2023",Sale,"$1,001 - $15,000",NEW,,,HON. GREG STANTON,2023-11-09,D, AZ04,House,,2023-11-09,23.4500870284346,Arizona,2023-11-20,2023-10-24,2023-11-09,AXON,0.26363546176968455,-7.527428442428152,True,False
BMY,ST,BRISTOL-MYERS SQUIBB COMPANY,"Tuesday, October 24, 2023",Sale,"$1,001 - $15,000",NEW,,,HON. GREG STANTON,2023-11-09,D, AZ04,House,,2023-11-09,-27.4986704455802,Arizona,2023-11-20,2023-10-24,2023-11-09,BMY,18.67004117296459,25.861516317668976,True,True
ADBE,ST,ADOBE INC.,"Tuesday, October 24, 2023",Sale,"$1,001 - $15,000",NEW,,,HON. GREG STANTON,2023-11-09,D, AZ04,House,,2023-11-09,-29.492438816387,Arizona,2023-11-20,2023-10-24,2023-11-09,ADBE,-7.465619736756635,2.323016704919545,False,True
PFE,ST,"PFIZER, INC.","Tuesday, October 24, 2023",Sale,"$1,001 - $15,000",NEW,,,HON. GREG STANTON,2023-11-09,D, AZ04,House,,2023-11-09,-28.9458182292249,Arizona,2023-11-20,2023-10-24,2023-11-09,PFE,7.107146565250644,21.156910823885656,True,True
AMGN,ST,AMGEN INC.,"Tuesday, October 24, 2023",Sale,"$1,001 - $15,000",NEW,,,HON. GREG STANTON,2023-11-09,D, AZ04,House,,2023-11-09,-23.3887738012235,Arizona,2023-11-20,2023-10-24,2023-11-09,AMGN,11.197823404466423,1.8621224082760568,True,True
LIN,ST,LINDE PLC ORDINARY SHARES,"Tuesday, October 24, 2023",Sale,"$1,001 - $15,000",NEW,,,HON. GREG STANTON,2023-11-09,D, AZ04,House,,2023-11-09,6.72968060074778,Arizona,2023-11-20,2023-10-24,2023-11-09,LIN,-5.4493973379546645,3.5137416045172287,False,True
BLK,ST,"BLACKROCK, INC.","Tuesday, October 24, 2023",Sale,"$1,001 - $15,000",NEW,,,HON. GREG STANTON,2023-11-09,D, AZ04,House,,2023-11-09,10.2841046755852,Arizona,2023-11-20,2023-10-24,2023-11-09,BLK,-11.884222645136088,-15.469105124003747,False,False
LOW,ST,"LOWE'S COMPANIES, INC.","Tuesday, October 24, 2023",Sale,"$1,001 - $15,000",NEW,,,HON. GREG STANTON,2023-11-09,D, AZ04,House,,2023-11-09,10.6426092557471,Arizona,2023-11-20,2023-10-24,2023-11-09,LOW,0.44822044752472756,-3.8618737249446866,True,False
DE,ST,DEERE & COMPANY,"Tuesday, October 24, 2023",Sale,"$1,001 - $15,000",NEW,,,HON. GREG STANTON,2023-11-09,D, AZ04,House,,2023-11-09,-18.134413061981,Arizona,2023-11-20,2023-10-24,2023-11-09,DE,8.241966572629867,11.240186386127359,True,True
AAPL,ST,APPLE INC.,"Tuesday, October 24, 2023",Sale,"$15,001 - $50,000",NEW,,,HON. GREG STANTON,2023-11-09,D, AZ04,House,,2023-11-09,-21.2358897805319,Arizona,2023-11-20,2023-10-24,2023-11-09,AAPL,-2.193490885155036,2.399279958151368,False,True
INTU,ST,INTUIT INC.,"Tuesday, October 24, 2023",Sale,"$1,001 - $15,000",NEW,,,HON. GREG STANTON,2023-11-09,D, AZ04,House,,2023-11-09,2.90144089702339,Arizona,2023-11-20,2023-10-24,2023-11-09,INTU,-4.178772416687582,-10.480727754053065,False,False
JPM,ST,JP MORGAN CHASE & CO.,"Tuesday, October 24, 2023",Sale,"$1,001 - $15,000",NEW,,,HON. GREG STANTON,2023-11-09,D, AZ04,House,,2023-11-09,14.0389079562002,Arizona,2023-11-20,2023-10-24,2023-11-09,JPM,-1.4252998934604078,-6.310009184333687,False,False
J,ST,JACOBS SOLUTIONS INC.,"Tuesday, October 24, 2023",Sale,"$1,001 - $15,000",NEW,,,HON. GREG STANTON,2023-11-09,D, AZ04,House,,2023-11-09,-8.23949930082155,Arizona,2023-11-20,2023-10-24,2023-11-09,J,14.150382618529168,13.261029095898413,True,True
CMCSA,ST,COMCAST CORPORATION - CLASS A,"Tuesday, October 24, 2023",Sale,"$1,001 - $15,000",NEW,,,HON. GREG STANTON,2023-11-09,D, AZ04,House,,2023-11-09,-22.3507706227366,Arizona,2023-11-20,2023-10-24,2023-11-09,CMCSA,9.362025868649237,13.82194478424461,True,True
ABBV,ST,ABBVIE INC.,"Tuesday, October 24, 2023",Sale,"$1,001 - $15,000",NEW,,,HON. GREG STANTON,2023-11-09,D, AZ04,House,,2023-11-09,0.81436868724651,Arizona,2023-11-20,2023-10-24,2023-11-09,ABBV,12.558970729950792,1.1492938239362926,True,True
SYK,ST,STRYKER CORPORATION,"Tuesday, October 24, 2023",Sale,"$1,001 - $15,000",NEW,,,HON. GREG STANTON,2023-11-09,D, AZ04,House,,2023-11-09,12.1237897308674,Arizona,2023-11-20,2023-10-24,2023-11-09,SYK,-3.445289185944267,-3.9982325945845387,False,False
WMT,ST,WALMART INC.,"Tuesday, October 24, 2023",Sale,"$1,001 - $15,000",NEW,,,HON. GREG STANTON,2023-11-09,D, AZ04,House,,2023-11-09,-9.25321805068792,Arizona,2023-11-20,2023-10-24,2023-11-09,WMT,11.74147100317967,14.71689881485112,True,True
PG,ST,PROCTER & GAMBLE COMPANY,"Tuesday, October 24, 2023",Sale,"$1,001 - $15,000",NEW,,,HON. GREG STANTON,2023-11-09,D, AZ04,House,,2023-11-09,-13.104664843366,Arizona,2023-11-20,2023-10-24,2023-11-09,PG,6.349849456041512,15.551001913872186,True,True
MMC,ST,"MARSH & MCLENNAN COMPANIES, INC.","Tuesday, October 24, 2023",Sale,"$1,001 - $15,000",NEW,,,HON. GREG STANTON,2023-11-09,D, AZ04,House,,2023-11-09,-11.5769465373531,Arizona,2023-11-20,2023-10-24,2023-11-09,MMC,1.0137627127265736,9.184274678215164,True,True
QCOM,ST,QUALCOMM INCORPORATED,"Tuesday, October 24, 2023",Sale,"$1,001 - $15,000",NEW,,,HON. GREG STANTON,2023-11-09,D, AZ04,House,,2023-11-09,32.084505668029,Arizona,2023-11-20,2023-10-24,2023-11-09,QCOM,-9.446802853781634,-25.55758899535061,False,False
JNJ,ST,JOHNSON & JOHNSON,"Tuesday, October 24, 2023",Sale,"$1,001 - $15,000",NEW,,,HON. GREG STANTON,2023-11-09,D, AZ04,House,,2023-11-09,-16.1674547912326,Arizona,2023-11-20,2023-10-24,2023-11-09,JNJ,6.497398392898512,6.757707469790586,True,True
NEE,ST,"NEXTERA ENERGY, INC.","Tuesday, October 24, 2023",Sale,"$1,001 - $15,000",NEW,,,HON. GREG STANTON,2023-11-09,D, AZ04,House,,2023-11-09,-11.764555181482,Arizona,2023-11-20,2023-10-24,2023-11-09,NEE,2.9286179345388463,11.051493159166226,True,True
CVX,ST,CHEVRON CORPORATION,"Tuesday, October 24, 2023",Sale,"$1,001 - $15,000",NEW,,,HON. GREG STANTON,2023-11-09,D, AZ04,House,,2023-11-09,-21.4653061646255,Arizona,2023-11-20,2023-10-24,2023-11-09,CVX,14.837979958084546,23.229351510804708,True,True
TJX,ST,"TJX COMPANIES, INC.","Tuesday, October 24, 2023",Sale,"$1,001 - $15,000",NEW,,,HON. GREG STANTON,2023-11-09,D, AZ04,House,,2023-11-09,-11.71995602713,Arizona,2023-11-20,2023-10-24,2023-11-09,TJX,6.767092125046625,7.852072878751959,True,True
ISRG,ST,"INTUITIVE SURGICAL, INC.","Tuesday, October 24, 2023",Sale,"$1,001 - $15,000",NEW,,,HON. GREG STANTON,2023-11-09,D, AZ04,House,,2023-11-09,22.0971290824355,Arizona,2023-11-20,2023-10-24,2023-11-09,ISRG,-7.306458282788997,-21.290624000159617,False,False
META,ST,"META PLATFORMS, INC. - CLASS A","Tuesday, October 24, 2023",Sale,"$1,001 - $15,000",NEW,,,HON. GREG STANTON,2023-11-09,D, AZ04,House,,2023-11-09,34.1241142424406,Arizona,2023-11-20,2023-10-24,2023-11-09,META,-0.8791114273189127,-7.959961305359342,False,False
NKE,ST,"NIKE, INC.","Tuesday, October 24, 2023",Sale,"$1,001 - $15,000",NEW,,,HON. GREG STANTON,2023-11-09,D, AZ04,House,,2023-11-09,-26.0302648599074,Arizona,2023-11-20,2023-10-24,2023-11-09,NKE,4.998334896153156,18.58257171575484,True,True
AMZN,ST,"AMAZON.COM, INC.","Tuesday, October 24, 2023",Sale,"$1,001 - $15,000",NEW,,,HON. GREG STANTON,2023-11-09,D, AZ04,House,,2023-11-09,14.9089559359713,Arizona,2023-11-20,2023-10-24,2023-11-09,AMZN,-6.804081732448353,-6.2050485062101535,False,False
AVGO,ST,BROADCOM INC.,"Tuesday, October 24, 2023",Sale,"$1,001 - $15,000",NEW,,,HON. GREG STANTON,2023-11-09,D, AZ04,House,,2023-11-09,19.4577539789896,Arizona,2023-11-20,2023-10-24,2023-11-09,AVGO,-3.757915350550034,-24.328363971930745,False,False
IBM,ST,INTERNATIONAL BUSINESS MACHINES CORPORATION,"Tuesday, October 24, 2023",Sale,"$1,001 - $15,000",NEW,,,HON. GREG STANTON,2023-11-09,D, AZ04,House,,2023-11-09,17.90443375448,Arizona,2023-11-20,2023-10-24,2023-11-09,IBM,-5.2834730827331144,-11.23991055187885,False,False
MA,ST,MASTERCARD INCORPORATED,"Tuesday, October 24, 2023",Sale,"$1,001 - $15,000",NEW,,,HON. GREG STANTON,2023-11-09,D, AZ04,House,,2023-11-09,2.21898505520176,Arizona,2023-11-20,2023-10-24,2023-11-09,MA,0.7232414910640861,0.5331773430239606,True,True
GOOG,ST,ALPHABET INC. - CLASS C CAPITAL STOCK,"Tuesday, October 24, 2023",Sale,"$1,001 - $15,000",NEW,,,HON. GREG STANTON,2023-11-09,D, AZ04,House,,2023-11-09,-19.3000721155468,Arizona,2023-11-20,2023-10-24,2023-11-09,GOOG,8.693157988002486,8.773304988501017,True,True
HD,ST,"HOME DEPOT, INC.","Tuesday, October 24, 2023",Sale,"$1,001 - $15,000",NEW,,,HON. GREG STANTON,2023-11-09,D, AZ04,House,,2023-11-09,10.9759805925133,Arizona,2023-11-20,2023-10-24,2023-11-09,HD,-2.330678544995002,-11.710859430207332,False,False
TMUS,ST,"T-MOBILE US, INC.","Tuesday, October 24, 2023",Sale,"$1,001 - $15,000",NEW,,,HON. GREG STANTON,2023-11-09,D, AZ04,House,,2023-11-09,-6.06118277056043,Arizona,2023-11-20,2023-10-24,2023-11-09,TMUS,1.7300448314208072,-2.333609978150153,True,False
UNH,ST,UNITEDHEALTH GROUP INCORPORATED COMMON STOCK,"Tuesday, October 24, 2023",Sale,"$1,001 - $15,000",NEW,,,HON. GREG STANTON,2023-11-09,D, AZ04,House,,2023-11-09,-27.2735799931483,Arizona,2023-11-20,2023-10-24,2023-11-09,UNH,3.127662549377108,16.477719973581106,True,True
C,ST,"CITIGROUP, INC.","Tuesday, October 24, 2023",Sale,"$1,001 - $15,000",NEW,,,HON. GREG STANTON,2023-11-09,D, AZ04,House,,2023-11-09,27.2204564336494,Arizona,2023-11-20,2023-10-24,2023-11-09,C,-8.845708575687183,-21.540699131871776,False,False
NFLX,ST,"NETFLIX, INC.","Tuesday, October 24, 2023",Sale,"$1,001 - $15,000",NEW,,,HON. GREG STANTON,2023-11-09,D, AZ04,House,,2023-11-09,25.6802288055506,Arizona,2023-11-20,2023-10-24,2023-11-09,NFLX,-8.574157769847313,-3.207715585588833,False,False
CRM,ST,"SALESFORCE, INC.","Tuesday, October 24, 2023",Sale,"$1,001 - $15,000",NEW,,,HON. GREG STANTON,2023-11-09,D, AZ04,House,,2023-11-09,23.3608801362173,Arizona,2023-11-20,2023-10-24,2023-11-09,CRM,-2.5345270082731686,-23.063835963784673,False,False
MDLZ,ST,"MONDELEZ INTERNATIONAL, INC. - CLASS A","Tuesday, October 24, 2023",Sale,"$1,001 - $15,000",NEW,,,HON. GREG STANTON,2023-11-09,D, AZ04,House,,2023-11-09,-12.8302281352427,Arizona,2023-11-20,2023-10-24,2023-11-09,MDLZ,-1.9229241834306077,2.6416637608942084,False,True
KO,ST,COCA-COLA COMPANY,"Tuesday, October 24, 2023",Sale,"$1,001 - $15,000",NEW,,,HON. GREG STANTON,2023-11-09,D, AZ04,House,,2023-11-09,-13.1426868364608,Arizona,2023-11-20,2023-10-24,2023-11-09,KO,2.0711854157979825,7.126834600913945,True,True
NFE,ST,NEW FORTRESS ENERGY INC. - CLASS A,"Tuesday, October 24, 2023",Purchase,"$15,001 - $50,000",NEW, NEUBERGER,,Maria Elvira Salazar,2023-11-08,R, FL27,House,,2023-11-09,-23.6114010162944,Florida,2023-11-16,2023-10-24,2023-11-08,NFE,7.368700991696953,-11.991959433511346,True,False
AXP,ST,AMERICAN EXPRESS COMPANY,"Tuesday, October 24, 2023",Sale,"$1,001 - $15,000",NEW,,,HON. GREG STANTON,2023-11-09,D, AZ04,House,,2023-11-09,30.5040337129074,Arizona,2023-11-20,2023-10-24,2023-11-09,AXP,-6.511315905005333,-13.915424305240043,False,False
PM,ST,PHILIP MORRIS INTERNATIONAL INC,"Tuesday, October 24, 2023",Sale,"$1,001 - $15,000",NEW,,,HON. GREG STANTON,2023-11-09,D, AZ04,House,,2023-11-09,-16.9758088560686,Arizona,2023-11-20,2023-10-24,2023-11-09,PM,3.472825839311766,12.428568247978289,True,True
BALL,ST,BALL CORPORATION,"Tuesday, October 24, 2023",Sale,"$1,001 - $15,000",NEW,,,HON. GREG STANTON,2023-11-09,D, AZ04,House,,2023-11-09,18.6321539741388,Arizona,2023-11-20,2023-10-24,2023-11-09,BALL,-10.739819244033733,-8.389837801209342,False,False
PGR,ST,PROGRESSIVE CORPORATION,"Tuesday, October 24, 2023",Sale,"$1,001 - $15,000",NEW,,,HON. GREG STANTON,2023-11-09,D, AZ04,House,,2023-11-09,10.3684886192428,Arizona,2023-11-20,2023-10-24,2023-11-09,PGR,2.5496782110651095,5.203928563725935,True,True
ORCL,ST,ORACLE CORPORATION,"Tuesday, October 24, 2023",Sale,"$1,001 - $15,000",NEW,,,HON. GREG STANTON,2023-11-09,D, AZ04,House,,2023-11-09,0.88418301903328,Arizona,2023-11-20,2023-10-24,2023-11-09,ORCL,-5.30817045967511,7.504050877935176,False,True
ELV,ST,"ELEVANCE HEALTH, INC.","Tuesday, October 24, 2023",Sale,"$1,001 - $15,000",NEW,,,HON. GREG STANTON,2023-11-09,D, AZ04,House,,2023-11-09,-7.3978062927846,Arizona,2023-11-20,2023-10-24,2023-11-09,ELV,1.561531592615717,9.936801344779699,True,True
BAC,ST,BANK OF AMERICA CORPORATION,"Tuesday, October 24, 2023",Sale,"$1,001 - $15,000",NEW,,,HON. GREG STANTON,2023-11-09,D, AZ04,House,,2023-11-09,18.2632016547287,Arizona,2023-11-20,2023-10-24,2023-11-09,BAC,-9.388379122677248,-13.607310100139403,False,False
MS,ST,MORGAN STANLEY,"Tuesday, October 24, 2023",Sale,"$1,001 - $15,000",NEW,,,HON. GREG STANTON,2023-11-09,D, AZ04,House,,2023-11-09,2.74164745501369,Arizona,2023-11-20,2023-10-24,2023-11-09,MS,-2.5705938771627856,-5.611474832671104,False,False
TSLA,ST,"TESLA, INC.","Tuesday, October 24, 2023",Sale,"$1,001 - $15,000",NEW,,,HON. GREG STANTON,2023-11-09,D, AZ04,House,,2023-11-09,-45.2181195056095,Arizona,2023-11-20,2023-10-24,2023-11-09,TSLA,-1.4056560441433108,17.755590045137716,False,True
PH,ST,PARKER-HANNIFIN CORPORATION,"Tuesday, October 24, 2023",Sale,"$1,001 - $15,000",NEW,,,HON. GREG STANTON,2023-11-09,D, AZ04,House,,2023-11-09,22.6734585633801,Arizona,2023-11-20,2023-10-24,2023-11-09,PH,-8.84102629769905,-12.663734668131642,False,False
LLY,ST,ELI LILLY AND COMPANY,"Tuesday, October 24, 2023",Sale,"$1,001 - $15,000",NEW,,,HON. GREG STANTON,2023-11-09,D, AZ04,House,,2023-11-09,6.53801194096001,Arizona,2023-11-20,2023-10-24,2023-11-09,LLY,5.873720537267713,7.699878671469129,True,True
HWM,ST,HOWMET AEROSPACE INC.,"Tuesday, October 24, 2023",Sale,"$1,001 - $15,000",NEW,,,HON. GREG STANTON,2023-11-09,D, AZ04,House,,2023-11-09,31.5127582662934,Arizona,2023-11-20,2023-10-24,2023-11-09,HWM,-12.823738883956871,-14.706451956741407,False,False
MRK,ST,"MERCK & COMPANY, INC. COMMON STOCK","Tuesday, October 24, 2023",Sale,"$1,001 - $15,000",NEW,,,HON. GREG STANTON,2023-11-09,D, AZ04,House,,2023-11-09,-2.8168745490567,Arizona,2023-11-20,2023-10-24,2023-11-09,MRK,8.463063535700744,-1.7275964793250997,True,False
CAT,ST,"CATERPILLAR, INC.","Tuesday, October 24, 2023",Sale,"$1,001 - $15,000",NEW,,,HON. GREG STANTON,2023-11-09,D, AZ04,House,,2023-11-09,18.275165081319,Arizona,2023-11-20,2023-10-24,2023-11-09,CAT,8.214762319552838,-1.4861220912703033,True,False
BDX,ST,"BECTON, DICKINSON AND COMPANY","Tuesday, October 24, 2023",Sale,"$1,001 - $15,000",NEW,,,HON. GREG STANTON,2023-11-09,D, AZ04,House,,2023-11-09,-29.443324473171,Arizona,2023-11-20,2023-10-24,2023-11-09,BDX,15.176382640389596,23.186662791848576,True,True
ADI,ST,"ANALOG DEVICES, INC.","Tuesday, October 24, 2023",Sale,"$1,001 - $15,000",NEW,,,HON. GREG STANTON,2023-11-09,D, AZ04,House,,2023-11-09,-2.40986303386115,Arizona,2023-11-20,2023-10-24,2023-11-09,ADI,-3.649304182775359,-5.4424761604622285,False,False
DHR,ST,DANAHER CORPORATION,"Tuesday, October 24, 2023",Sale,"$1,001 - $15,000",NEW,,,HON. GREG STANTON,2023-11-09,D, AZ04,House,,2023-11-09,5.93878605711245,Arizona,2023-11-20,2023-10-24,2023-11-09,DHR,-5.1450413056881805,-3.656886067457421,False,False
NOW,ST,"SERVICENOW, INC.","Tuesday, October 24, 2023",Sale,"$1,001 - $15,000",NEW,,,HON. GREG STANTON,2023-11-09,D, AZ04,House,,2023-11-09,13.4222170003726,Arizona,2023-11-20,2023-10-24,2023-11-09,NOW,-14.219846125206349,-21.535652178827604,False,False
GOOGL,ST,ALPHABET INC. - CLASS A,"Tuesday, October 24, 2023",Sale,"$1,001 - $15,000",NEW,,,HON. GREG STANTON,2023-11-09,D, AZ04,House,,2023-11-09,-19.0557340166337,Arizona,2023-11-20,2023-10-24,2023-11-09,GOOGL,8.864445705775125,9.017555257145426,True,True
XOM,ST,EXXON MOBIL CORPORATION,"Tuesday, October 24, 2023",Sale,"$1,001 - $15,000",NEW,,,HON. GREG STANTON,2023-11-09,D, AZ04,House,,2023-11-09,-18.1060321170923,Arizona,2023-11-20,2023-10-24,2023-11-09,XOM,10.861491807629864,24.86451530348087,True,True
HPQ,Stock,HP Inc. Common Stock,"Monday, October 23, 2023",Sale (Full),"$15,001 - $50,000",New,,,"Tuberville, Tommy",2023-11-16,R,,Senate,,2023-11-20,-4.12403337294642,Alabama,2023-11-17,2023-10-23,2023-11-16,HPQ,-2.6893209496899217,2.268612873361131,False,True
CLF,Stock,Cleveland-Cliffs Inc. Common Stock,"Monday, October 23, 2023",Purchase,"$15,001 - $50,000",New,,,"Tuberville, Tommy",2023-11-16,R,,Senate,,2023-11-20,15.8421614408669,Alabama,2023-11-17,2023-10-23,2023-11-16,CLF,9.205612667786035,10.797899279235178,True,True
HPQ,Stock,HP Inc. Common Stock,"Monday, October 23, 2023",Purchase,"$15,001 - $50,000",New,,,"Tuberville, Tommy",2023-11-16,R,,Senate,,2023-11-20,-4.12403337294642,Alabama,2023-11-17,2023-10-23,2023-11-16,HPQ,2.6893209496899217,-2.268612873361131,True,False
HTGC,ST,"HERCULES CAPITAL, INC.","Monday, October 23, 2023",Purchase,"$1,001 - $15,000",NEW,,,Virginia Foxx,2023-11-07,R, NC05,House,,2023-11-09,-3.01913080226565,North Carolina,2023-11-16,2023-10-23,2023-11-07,HTGC,-5.951447138625143,-1.4281829652617262,False,False
HTGC,ST,"HERCULES CAPITAL, INC.","Friday, October 20, 2023",Purchase,"$1,001 - $15,000",NEW,,,Virginia Foxx,2023-11-07,R, NC05,House,,2023-11-09,-6.06322325857981,North Carolina,2023-11-16,2023-10-20,2023-11-07,HTGC,-7.460129621360045,-5.071008448458647,False,False
CLF,Stock,Cleveland-Cliffs Inc. Common Stock,"Wednesday, October 18, 2023",Purchase,"$15,001 - $50,000",New,,,"Tuberville, Tommy",2023-11-16,R,,Senate,,2023-11-20,18.3939441861869,Alabama,2023-11-17,2023-10-18,2023-11-16,CLF,13.446117261541124,15.181115755997276,True,True
SHYF,ST,"THE SHYFT GROUP, INC.","Wednesday, October 18, 2023",Sale,"$1,001 - $15,000",NEW, MORGAN STANLEY - SELECT UMA ACCOUNT # 1,,Josh Gottheimer,2023-11-11,D, NJ05,House,,2023-11-13,-41.4669900688955,New Jersey,2023-11-16,2023-10-18,2023-11-11,SHYF,21.457240558918013,29.03104997348046,True,True
META,Stock,"Meta Platforms, Inc. - Class A Common Stock","Tuesday, October 17, 2023",Purchase,"$1,001 - $15,000",New,,,"Tuberville, Tommy",2023-11-16,R,,Senate,,2023-11-20,32.0812121806097,Alabama,2023-11-17,2023-10-17,2023-11-16,META,0.057163460603870675,4.4320537826460615,True,True
BMY,Stock,Bristol-Myers Squibb Company Common Stock,"Tuesday, October 17, 2023",Purchase,"$1,001 - $15,000",New,,,"Tuberville, Tommy",2023-11-16,R,,Senate,,2023-11-20,-26.1000166631315,Alabama,2023-11-17,2023-10-17,2023-11-16,BMY,-14.470152639705326,-21.827957623528626,False,False
TSLA,Stock Option,"Tesla, Inc.  - Common Stock","Tuesday, October 17, 2023",Purchase,"$1,001 - $15,000",New,,Option Type: Put Strike price: $190.00  Expires: 12/15/2023,"Tuberville, Tommy",2023-11-16,R,,Senate,,2023-11-20,-53.1495154078773,Alabama,2023-11-17,2023-10-17,2023-11-16,TSLA,-11.430064709543753,-22.691549961775326,False,False
TSLA,Stock,"Tesla, Inc.  - Common Stock","Tuesday, October 17, 2023",Sale (Full),"$1,001 - $15,000",New,,,"Tuberville, Tommy",2023-11-16,R,,Senate,,2023-11-20,-53.1495154078773,Alabama,2023-11-17,2023-10-17,2023-11-16,TSLA,11.430064709543753,22.691549961775326,True,True
TSLA,Stock Option,"Tesla, Inc.  - Common Stock","Tuesday, October 17, 2023",Purchase,"$1,001 - $15,000",New,,Option Type: Put Strike price: $190.00  Expires: 12/15/2023,"Tuberville, Tommy",2023-11-16,R,,Senate,,2023-11-20,-53.1495154078773,Alabama,2023-11-17,2023-10-17,2023-11-16,TSLA,-11.430064709543753,-22.691549961775326,False,False
TXN,Stock Option,Texas Instruments Incorporated - Common Stock,"Tuesday, October 17, 2023",Purchase,"$1,001 - $15,000",New,,Option Type: Put Strike price: $150.00  Expires: 06/21/2024,"Tuberville, Tommy",2023-11-16,R,,Senate,,2023-11-20,-5.49521002144452,Alabama,2023-11-17,2023-10-17,2023-11-16,TXN,-4.624263083014279,-2.745292322639581,False,False
TXN,Stock Option,Texas Instruments Incorporated - Common Stock,"Tuesday, October 17, 2023",Purchase,"$1,001 - $15,000",New,,Option Type: Put Strike price: $180.00  Expires: 06/21/2024,"Tuberville, Tommy",2023-11-16,R,,Senate,,2023-11-20,-5.49521002144452,Alabama,2023-11-17,2023-10-17,2023-11-16,TXN,-4.624263083014279,-2.745292322639581,False,False
TSLA,Stock Option,"Tesla, Inc.  - Common Stock","Tuesday, October 17, 2023",Purchase,"$1,001 - $15,000",New,,Option Type: Put Strike price: $190.00  Expires: 12/15/2023,"Tuberville, Tommy",2023-11-16,R,,Senate,,2023-11-20,-53.1495154078773,Alabama,2023-11-17,2023-10-17,2023-11-16,TSLA,-11.430064709543753,-22.691549961775326,False,False
AMAT,Stock Option,"Applied Materials, Inc. - Common Stock","Tuesday, October 17, 2023",Sale (Full),"$1,001 - $15,000",New,,Option Type: Put Strike price: $140.00  Expires: 04/19/2024,"Tuberville, Tommy",2023-11-16,R,,Senate,,2023-11-20,21.8562530099293,Alabama,2023-11-17,2023-10-17,2023-11-16,AMAT,-5.383230627289315,1.2461025883625076,False,True
AON,Stock,AON Plc,"Tuesday, October 17, 2023",Purchase,"$1,001 - $15,000",New,,,"Tuberville, Tommy",2023-11-16,R,,Senate,,2023-11-20,-19.9427362656078,Alabama,2023-11-17,2023-10-17,2023-11-16,AON,-1.2194264813079725,-17.29195934950286,False,False
MMC,Stock,"Marsh & McLennan Companies, Inc. Common Stock","Tuesday, October 17, 2023",Purchase,"$1,001 - $15,000",New,,,"Tuberville, Tommy",2023-11-16,R,,Senate,,2023-11-20,-9.24436387562812,Alabama,2023-11-17,2023-10-17,2023-11-16,MMC,0.7989598917158114,-6.493310022928922,True,False
ITW,Stock,Illinois Tool Works Inc. Common Stock,"Tuesday, October 17, 2023",Purchase,"$1,001 - $15,000",New,,,"Tuberville, Tommy",2023-11-16,R,,Senate,,2023-11-20,-3.89420402040501,Alabama,2023-11-17,2023-10-17,2023-11-16,ITW,-1.5069380470421834,-1.161722017407918,False,False
AMAT,Stock,"Applied Materials, Inc. - Common Stock","Tuesday, October 17, 2023",Purchase,"$1,001 - $15,000",New,,,"Tuberville, Tommy",2023-11-16,R,,Senate,,2023-11-20,21.8562530099293,Alabama,2023-11-17,2023-10-17,2023-11-16,AMAT,5.383230627289315,-1.2461025883625076,True,False
MNST,Stock,Monster Beverage Corporation - Common Stock,"Tuesday, October 17, 2023",Purchase,"$1,001 - $15,000",New,,,"Tuberville, Tommy",2023-11-16,R,,Senate,,2023-11-20,4.07755360471442,Alabama,2023-11-17,2023-10-17,2023-11-16,MNST,7.576888006112958,7.849159240594639,True,True
TXN,Stock Option,Texas Instruments Incorporated - Common Stock,"Tuesday, October 17, 2023",Purchase,"$1,001 - $15,000",New,,Option Type: Put Strike price: $150.00  Expires: 06/21/2024,"Tuberville, Tommy",2023-11-16,R,,Senate,,2023-11-20,-5.49521002144452,Alabama,2023-11-17,2023-10-17,2023-11-16,TXN,-4.624263083014279,-2.745292322639581,False,False
AMAT,Stock Option,"Applied Materials, Inc. - Common Stock","Tuesday, October 17, 2023",Sale (Full),"$1,001 - $15,000",New,,Option Type: Put Strike price: $140.00  Expires: 04/19/2024,"Tuberville, Tommy",2023-11-16,R,,Senate,,2023-11-20,21.8562530099293,Alabama,2023-11-17,2023-10-17,2023-11-16,AMAT,-5.383230627289315,1.2461025883625076,False,True
ABBV,Stock,AbbVie Inc. Common Stock,"Tuesday, October 17, 2023",Purchase,"$1,001 - $15,000",New,,,"Tuberville, Tommy",2023-11-16,R,,Senate,,2023-11-20,1.90613575458364,Alabama,2023-11-17,2023-10-17,2023-11-16,ABBV,-10.394504753739685,-0.736448310358484,False,False
TXN,Stock Option,Texas Instruments Incorporated - Common Stock,"Tuesday, October 17, 2023",Purchase,"$15,001 - $50,000",New,,Option Type: Put Strike price: $180.00  Expires: 06/21/2024,"Tuberville, Tommy",2023-11-16,R,,Senate,,2023-11-20,-5.49521002144452,Alabama,2023-11-17,2023-10-17,2023-11-16,TXN,-4.624263083014279,-2.745292322639581,False,False
UNP,Stock,Union Pacific Corporation Common Stock,"Tuesday, October 17, 2023",Sale (Full),"$1,001 - $15,000",New,,,"Tuberville, Tommy",2023-11-16,R,,Senate,,2023-11-20,-1.81708463675906,Alabama,2023-11-17,2023-10-17,2023-11-16,UNP,-0.7069360366196431,-2.7862488648896067,False,False
ROK,Stock,"Rockwell Automation, Inc. Common Stock","Tuesday, October 17, 2023",Purchase,"$1,001 - $15,000",New,,,"Tuberville, Tommy",2023-11-16,R,,Senate,,2023-11-20,-20.6605387770249,Alabama,2023-11-17,2023-10-17,2023-11-16,ROK,-9.203882418404008,-6.286628828215801,False,False
KO,Stock Option,Coca-Cola Company (The) Common Stock,"Tuesday, October 17, 2023",Purchase,"$1,001 - $15,000",New,,Option Type: Put Strike price: $60.00  Expires: 12/15/2023,"Tuberville, Tommy",2023-11-16,R,,Senate,,2023-11-20,-6.58703793869151,Alabama,2023-11-17,2023-10-17,2023-11-16,KO,2.608423983013286,1.9672500163231188,True,True
MMM,Stock,3M Company Common Stock,"Tuesday, October 17, 2023",Purchase,"$15,001 - $50,000",New,,,"Tuberville, Tommy",2023-11-16,R,,Senate,,2023-11-20,-1.3743338310747,Alabama,2023-11-17,2023-10-17,2023-11-16,MMM,2.6106144042729262,9.892028820981658,True,True
TXN,Stock Option,Texas Instruments Incorporated - Common Stock,"Tuesday, October 17, 2023",Purchase,"$1,001 - $15,000",New,,Option Type: Put Strike price: $150.00  Expires: 06/21/2024,"Tuberville, Tommy",2023-11-16,R,,Senate,,2023-11-20,-5.49521002144452,Alabama,2023-11-17,2023-10-17,2023-11-16,TXN,-4.624263083014279,-2.745292322639581,False,False
NXPI,Stock,NXP Semiconductors N.V. - Common Stock,"Tuesday, October 17, 2023",Purchase,"$1,001 - $15,000",New,,,"Tuberville, Tommy",2023-11-16,R,,Senate,,2023-11-20,2.80722327498685,Alabama,2023-11-17,2023-10-17,2023-11-16,NXPI,-1.530139658556684,-3.281541931901888,False,False
KO,Stock Option,Coca-Cola Company (The) Common Stock,"Tuesday, October 17, 2023",Purchase,"$1,001 - $15,000",New,,Option Type: Put Strike price: $60.00  Expires: 12/15/2023,"Tuberville, Tommy",2023-11-16,R,,Senate,,2023-11-20,-6.58703793869151,Alabama,2023-11-17,2023-10-17,2023-11-16,KO,2.608423983013286,1.9672500163231188,True,True
KO,Stock,Coca-Cola Company (The) Common Stock,"Tuesday, October 17, 2023",Sale (Full),"$1,001 - $15,000",New,,,"Tuberville, Tommy",2023-11-16,R,,Senate,,2023-11-20,-6.58703793869151,Alabama,2023-11-17,2023-10-17,2023-11-16,KO,-2.608423983013286,-1.9672500163231188,False,False
DAVA,ST,ENDAVA PLC AMERICAN DEPOSITARY SHARES,"Monday, October 16, 2023",Purchase,"$1,001 - $15,000",NEW, MORGAN STANLEY - SELECT UMA ACCOUNT # 1,,Josh Gottheimer,2023-11-11,D, NJ05,House,,2023-11-13,-54.9056776826344,New Jersey,2023-11-16,2023-10-16,2023-11-11,DAVA,-0.8224692868223027,22.662019250443265,False,True
UTZ,ST,UTZ BRANDS INC CLASS A,"Monday, October 16, 2023",Purchase,"$1,001 - $15,000",NEW, MORGAN STANLEY - SELECT UMA ACCOUNT # 1,,Josh Gottheimer,2023-11-11,D, NJ05,House,,2023-11-13,35.9027179372842,New Jersey,2023-11-16,2023-10-16,2023-11-11,UTZ,8.482969012044084,29.54894558845387,True,True
SLGN,ST,SILGAN HOLDINGS INC.,"Monday, October 16, 2023",Purchase,"$1,001 - $15,000",NEW, MORGAN STANLEY - SELECT UMA ACCOUNT # 1,,Josh Gottheimer,2023-11-11,D, NJ05,House,,2023-11-13,-9.66903359810214,New Jersey,2023-11-16,2023-10-16,2023-11-11,SLGN,-0.4884626401424397,-5.294870779984118,False,False
ALGT,ST,ALLEGIANT TRAVEL COMPANY,"Monday, October 16, 2023",Purchase,"$1,001 - $15,000",NEW, MORGAN STANLEY - SELECT UMA ACCOUNT # 1,,Josh Gottheimer,2023-11-11,D, NJ05,House,,2023-11-13,-26.8992351362123,New Jersey,2023-11-16,2023-10-16,2023-11-11,ALGT,-13.68287837716029,-9.74662751623695,False,False
SHLS,ST,"SHOALS TECHNOLOGIES GROUP, INC. - CLASS A","Monday, October 16, 2023",Purchase,"$1,001 - $15,000",NEW, MORGAN STANLEY - SELECT UMA ACCOUNT # 1,,Josh Gottheimer,2023-11-11,D, NJ05,House,,2023-11-13,-41.0061832774372,New Jersey,2023-11-16,2023-10-16,2023-11-11,SHLS,-4.031160954511515,-25.616379288426828,False,False
ADYEY,ST,ADYEN NV UNSP/ADR,"Monday, October 16, 2023",Purchase,"$1,001 - $15,000",NEW, MORGAN STANLEY - SELECT UMA ACCOUNT # 1,,Josh Gottheimer,2023-11-11,D, NJ05,House,,2023-11-13,89.5928073736755,New Jersey,2023-11-16,2023-10-16,2023-11-11,ADYEY,40.57419287404347,59.00304995685852,True,True
FANUY,ST,FANUC CORPORATION UNSPONSORED ADR,"Monday, October 16, 2023",Purchase,"$1,001 - $15,000",NEW, MORGAN STANLEY - SELECT UMA ACCOUNT # 1,,Josh Gottheimer,2023-11-11,D, NJ05,House,,2023-11-13,-9.09559682695605,New Jersey,2023-11-16,2023-10-16,2023-11-11,FANUY,-5.052594478172412,4.212705648574788,False,True
MRK,Stock,"Merck & Company, Inc. Common Stock (new)","Monday, October 16, 2023",Sale (Full),"$1,001 - $15,000",New,,,"Tuberville, Tommy",2023-11-16,R,,Senate,,2023-11-20,-0.646224798952836,Alabama,2023-11-17,2023-10-16,2023-11-16,MRK,5.63429785834818,-4.808717029789866,True,False
FIS,ST,"FIDELITY NATIONAL INFORMATION SERVICES, INC.","Monday, October 16, 2023",Purchase,"$1,001 - $15,000",NEW, MORGAN STANLEY - SELECT UMA ACCOUNT # 1,,Josh Gottheimer,2023-11-11,D, NJ05,House,,2023-11-13,14.071546904976,New Jersey,2023-11-16,2023-10-16,2023-11-11,FIS,0.5809118184092465,7.302958196655518,True,True
NCLTY,ST,NITORI HOLDINGS CO U/ADR,"Monday, October 16, 2023",Purchase,"$1,001 - $15,000",NEW, MORGAN STANLEY - SELECT UMA ACCOUNT # 1,,Josh Gottheimer,2023-11-11,D, NJ05,House,,2023-11-13,28.1365807775398,New Jersey,2023-11-16,2023-10-16,2023-11-11,NCLTY,-5.338433285839395,12.764183575812748,False,True
SGIOY,ST,SHIONOGI & CO LTD UNSPONSORED ADR,"Monday, October 16, 2023",Purchase,"$1,001 - $15,000",NEW,,,Josh Gottheimer,2023-11-11,D, NJ05,House,,2023-11-13,-4.95601713125083,New Jersey,2023-11-16,2023-10-16,2023-11-11,SGIOY,-1.023698328046252,-1.3325311875181933,False,False
NSC,Stock,Norfolk Southern Corporation Common Stock,"Monday, October 16, 2023",Sale (Full),"$1,001 - $15,000",New,,,"Tuberville, Tommy",2023-11-16,R,,Senate,,2023-11-20,5.92656740944924,Alabama,2023-11-17,2023-10-16,2023-11-16,NSC,3.2153935010517443,-1.4074095829288868,True,False
JNJ,Stock,Johnson & Johnson Common Stock,"Monday, October 16, 2023",Sale (Full),"$1,001 - $15,000",New,,,"Tuberville, Tommy",2023-11-16,R,,Senate,,2023-11-20,-16.9226773830406,Alabama,2023-11-17,2023-10-16,2023-11-16,JNJ,8.497010009932326,7.07275447818192,True,True
PHR,ST,"PHREESIA, INC.","Monday, October 16, 2023",Purchase,"$1,001 - $15,000",NEW, MORGAN STANLEY - SELECT UMA ACCOUNT # 1,,Josh Gottheimer,2023-11-11,D, NJ05,House,,2023-11-13,27.5701329388416,New Jersey,2023-11-16,2023-10-16,2023-11-11,PHR,-5.456735600029072,41.791851042227734,False,True
PNGAY,ST,PING AN INSURANCE,"Monday, October 16, 2023",Purchase,"$1,001 - $15,000",NEW, MORGAN STANLEY - SELECT UMA ACCOUNT # 1,,Josh Gottheimer,2023-11-11,D, NJ05,House,,2023-11-13,-36.6210114872022,New Jersey,2023-11-16,2023-10-16,2023-11-11,PNGAY,-11.973070457556712,-36.917239213953835,False,False
VCYT,ST,"VERACYTE, INC.","Monday, October 16, 2023",Purchase,"$1,001 - $15,000",NEW, MORGAN STANLEY - SELECT UMA ACCOUNT # 1,,Josh Gottheimer,2023-11-11,D, NJ05,House,,2023-11-13,-18.181161863142,New Jersey,2023-11-16,2023-10-16,2023-11-11,VCYT,14.619975209712122,16.12317572493587,True,True
IART,ST,INTEGRA LIFESCIENCES HOLDINGS CORPORATION,"Monday, October 16, 2023",Purchase,"$1,001 - $15,000",NEW, MORGAN STANLEY - SELECT UMA ACCOUNT # 1,,Josh Gottheimer,2023-11-11,D, NJ05,House,,2023-11-13,-26.9236244552659,New Jersey,2023-11-16,2023-10-16,2023-11-11,IART,-0.5060224761919141,0.4611836408636938,False,True
VIAV,ST,VIAVI SOLUTIONS INC.,"Monday, October 16, 2023",Purchase,"$1,001 - $15,000",NEW, MORGAN STANLEY - SELECT UMA ACCOUNT # 1,,Josh Gottheimer,2023-11-11,D, NJ05,House,,2023-11-13,3.79492392873323,New Jersey,2023-11-16,2023-10-16,2023-11-11,VIAV,-1.60386404090751,15.599214388922245,False,True
FSLR,ST,"FIRST SOLAR, INC.","Monday, October 16, 2023",Purchase,"$1,001 - $15,000",NEW, MORGAN STANLEY - SELECT UMA ACCOUNT # 1,,Josh Gottheimer,2023-11-11,D, NJ05,House,,2023-11-13,-19.8932983912559,New Jersey,2023-11-16,2023-10-16,2023-11-11,FSLR,-2.208297948816673,-10.418351797859081,False,False
RVLV,ST,"REVOLVE GROUP, INC. CLASS A","Monday, October 16, 2023",Purchase,"$1,001 - $15,000",NEW, MORGAN STANLEY - SELECT UMA ACCOUNT # 1,,Josh Gottheimer,2023-11-11,D, NJ05,House,,2023-11-13,21.3957008156965,New Jersey,2023-11-16,2023-10-16,2023-11-11,RVLV,-8.573191124415303,-13.795663674806736,False,False
VZ,ST,VERIZON COMMUNICATIONS INC.,"Monday, October 16, 2023",Purchase,"$1,001 - $15,000",NEW, MORGAN STANLEY - SELECT UMA ACCOUNT # 1,,Josh Gottheimer,2023-11-11,D, NJ05,House,,2023-11-13,9.03270279851213,New Jersey,2023-11-16,2023-10-16,2023-11-11,VZ,12.244788882461478,16.757193784881032,True,True
D,ST,"DOMINION ENERGY, INC.","Monday, October 16, 2023",Purchase,"$1,001 - $15,000",NEW, MORGAN STANLEY - SELECT UMA ACCOUNT # 1,,Josh Gottheimer,2023-11-11,D, NJ05,House,,2023-11-13,-4.02407029480857,New Jersey,2023-11-16,2023-10-16,2023-11-11,D,8.911198585634317,1.7823812141834372,True,True
CSX,Stock,CSX Corporation - Common Stock,"Monday, October 16, 2023",Sale (Partial),"$1,001 - $15,000",New,,,"Tuberville, Tommy",2023-11-16,R,,Senate,,2023-11-20,0.366071789279388,Alabama,2023-11-17,2023-10-16,2023-11-16,CSX,4.292365139615184,-1.6309159339316093,True,False
ON,ST,ON SEMICONDUCTOR CORPORATION,"Monday, October 16, 2023",Purchase,"$1,001 - $15,000",NEW, MORGAN STANLEY - SELECT UMA ACCOUNT # 1,,Josh Gottheimer,2023-11-11,D, NJ05,House,,2023-11-13,-35.6797186214901,New Jersey,2023-11-16,2023-10-16,2023-11-11,ON,-25.378599317497365,-28.48220505853315,False,False
SMNNY,ST,SHIMANO INC UNSP/ADR,"Monday, October 16, 2023",Purchase,"$1,001 - $15,000",NEW, MORGAN STANLEY - SELECT UMA ACCOUNT # 1,,Josh Gottheimer,2023-11-11,D, NJ05,House,,2023-11-13,-10.1254918662319,New Jersey,2023-11-16,2023-10-16,2023-11-11,SMNNY,5.0476703953368895,-2.049395690820144,True,False
CCI,ST,CROWN CASTLE INC.,"Monday, October 16, 2023",Purchase,"$1,001 - $15,000",NEW, MORGAN STANLEY - SELECT UMA ACCOUNT # 1,,Josh Gottheimer,2023-11-11,D, NJ05,House,,2023-11-13,-5.50404323659044,New Jersey,2023-11-16,2023-10-16,2023-11-11,CCI,6.222204971626533,8.210412768285536,True,True
XNGSY,ST,ENN ENERGY HOLDINGS LTD UNSPONSORED ADR,"Monday, October 16, 2023",Purchase,"$1,001 - $15,000",NEW,,,Josh Gottheimer,2023-11-11,D, NJ05,House,,2023-11-13,-15.3417876975472,New Jersey,2023-11-16,2023-10-16,2023-11-11,XNGSY,-6.092282370849622,-20.421898547139904,False,False
TWKS,ST,"THOUGHTWORKS HOLDING, INC.","Monday, October 16, 2023",Purchase,"$1,001 - $15,000",NEW, MORGAN STANLEY - SELECT UMA ACCOUNT # 1,,Josh Gottheimer,2023-11-11,D, NJ05,House,,2023-11-13,-54.0962226513593,New Jersey,2023-11-16,2023-10-16,2023-11-11,TWKS,0.12962489124141996,5.425069756455314,True,True
NVZMY,ST,NOVOZYMES A/S UNSPONSORED AMERICAN DEPOSITARY RECEIPT,"Monday, October 16, 2023",Purchase,"$1,001 - $15,000",NEW, MORGAN STANLEY - SELECT UMA ACCOUNT # 1,,Josh Gottheimer,2023-11-11,D, NJ05,House,,2023-11-13,25.8263794452187,New Jersey,2023-11-16,2023-10-16,2023-11-11,NVZMY,21.020832766373342,19.124998141987113,True,True
SHYF,ST,"THE SHYFT GROUP, INC.","Monday, October 16, 2023",Purchase,"$1,001 - $15,000",NEW, MORGAN STANLEY - SELECT UMA ACCOUNT # 1,,Josh Gottheimer,2023-11-11,D, NJ05,House,,2023-11-13,-41.1448210110117,New Jersey,2023-11-16,2023-10-16,2023-11-11,SHYF,-19.728485516011997,-28.871301666427172,False,False
SBUX,ST,STARBUCKS CORPORATION,"Monday, October 16, 2023",Purchase,"$1,001 - $15,000",NEW, MORGAN STANLEY - SELECT UMA ACCOUNT # 1,,Josh Gottheimer,2023-11-11,D, NJ05,House,,2023-11-13,-21.104651179064,New Jersey,2023-11-16,2023-10-16,2023-11-11,SBUX,10.264219797256423,-9.985229392705975,True,False
ADP,Stock,"Automatic Data Processing, Inc. - Common Stock","Monday, October 16, 2023",Sale (Full),"$1,001 - $15,000",New,,,"Tuberville, Tommy",2023-11-16,R,,Senate,,2023-11-20,-20.2118116843572,Alabama,2023-11-17,2023-10-16,2023-11-16,ADP,10.49753166928401,14.579409014672763,True,True
FOXF,ST,FOX FACTORY HOLDING CORP.,"Monday, October 16, 2023",Purchase,"$1,001 - $15,000",NEW, MORGAN STANLEY - SELECT UMA ACCOUNT # 1,,Josh Gottheimer,2023-11-11,D, NJ05,House,,2023-11-13,-67.5268273142778,New Jersey,2023-11-16,2023-10-16,2023-11-11,FOXF,-36.91988534979114,-39.76459655455245,False,False
GMAB,ST,GENMAB A/S - AMERICAN DEPOSITARY SHARES,"Monday, October 16, 2023",Purchase,"$1,001 - $15,000",NEW, MORGAN STANLEY - SELECT UMA ACCOUNT # 1,,Josh Gottheimer,2023-11-11,D, NJ05,House,,2023-11-13,-25.3537303812114,New Jersey,2023-11-16,2023-10-16,2023-11-11,GMAB,-5.535856808096595,-16.8663537072103,False,False
BCRX,ST,"BIOCRYST PHARMACEUTICALS, INC.","Monday, October 16, 2023",Purchase,"$1,001 - $15,000",NEW, MORGAN STANLEY - SELECT UMA ACCOUNT # 1,,Josh Gottheimer,2023-11-11,D, NJ05,House,,2023-11-13,-33.1602130264037,New Jersey,2023-11-16,2023-10-16,2023-11-11,BCRX,-15.244773609817008,-6.44555503836759,False,False
ANET,ST,"ARISTA NETWORKS, INC.","Monday, October 16, 2023",Purchase,"$1,001 - $15,000",NEW, MORGAN STANLEY - SELECT UMA ACCOUNT # 1,,Josh Gottheimer,2023-11-11,D, NJ05,House,,2023-11-13,23.7589925770124,New Jersey,2023-11-16,2023-10-16,2023-11-11,ANET,5.630447015813256,19.692063857942486,True,True
EXAS,ST,EXACT SCIENCES CORPORATION,"Monday, October 16, 2023",Purchase,"$1,001 - $15,000",NEW, MORGAN STANLEY - SELECT UMA ACCOUNT # 1,,Josh Gottheimer,2023-11-11,D, NJ05,House,,2023-11-13,-31.1108836350752,New Jersey,2023-11-16,2023-10-16,2023-11-11,EXAS,-8.647727710873088,-10.345376849498644,False,False
LLY,ST,ELI LILLY AND COMPANY,"Wednesday, October 11, 2023",Purchase,"$1,001 - $15,000",NEW, MORGAN STANLEY - SELECT UMA ACCOUNT # 1,,Josh Gottheimer,2023-11-11,D, NJ05,House,,2023-11-13,7.36859252179207,New Jersey,2023-11-16,2023-10-11,2023-11-11,LLY,-2.125472085344171,-5.334273319854921,False,False
TXN,Stock Option,Texas Instruments Incorporated - Common Stock,"Wednesday, October 11, 2023",Sale (Full),"$15,001 - $50,000",New,,Option Type: Put Strike price: $150.00  Expires: 06/21/2024,"Tuberville, Tommy",2023-11-16,R,,Senate,,2023-11-20,-7.57507481941072,Alabama,2023-11-17,2023-10-11,2023-11-16,TXN,7.319861423639928,1.4892061171753568,True,True
TXN,Stock,Texas Instruments Incorporated - Common Stock,"Wednesday, October 11, 2023",Sale (Partial),"$1,001 - $15,000",New,,,"Tuberville, Tommy",2023-11-16,R,,Senate,,2023-11-20,-7.57507481941072,Alabama,2023-11-17,2023-10-11,2023-11-16,TXN,7.319861423639928,1.4892061171753568,True,True
TXN,Stock,Texas Instruments Incorporated - Common Stock,"Wednesday, October 11, 2023",Sale (Partial),"$50,001 - $100,000",New,,,"Tuberville, Tommy",2023-11-16,R,,Senate,,2023-11-20,-7.57507481941072,Alabama,2023-11-17,2023-10-11,2023-11-16,TXN,7.319861423639928,1.4892061171753568,True,True
MAR,ST,MARRIOTT INTERNATIONAL - CLASS A,"Wednesday, October 11, 2023",Purchase,"$15,001 - $50,000",NEW, MORGAN STANLEY TRUST ACCOUNT,,Jonathan Jackson,2023-11-16,D, IL01,House,,2023-11-18,5.86987299719054,Illinois,2023-11-17,2023-10-11,2023-11-16,MAR,-1.2127321880966768,5.5565046819597175,False,True
X,Stock,United States Steel Corporation Common Stock,"Wednesday, October 11, 2023",Sale (Partial),"$1,001 - $15,000",New,,,"Tuberville, Tommy",2023-11-16,R,,Senate,,2023-11-20,-1.36355207961947,Alabama,2023-11-17,2023-10-11,2023-11-16,X,-1.5707602245598196,-35.67679104017436,False,False
TXN,Stock Option,Texas Instruments Incorporated - Common Stock,"Wednesday, October 11, 2023",Purchase,"$1,001 - $15,000",New,,Option Type: Call Strike price: $180.00  Expires: 04/19/2024,"Tuberville, Tommy",2023-11-16,R,,Senate,,2023-11-20,-7.57507481941072,Alabama,2023-11-17,2023-10-11,2023-11-16,TXN,-7.319861423639928,-1.4892061171753568,False,False
LOW,ST,"LOWE'S COMPANIES, INC.","Wednesday, October 11, 2023",Sale,"$1,001 - $15,000",NEW, MORGAN STANLEY - SELECT UMA ACCOUNT # 1,,Josh Gottheimer,2023-11-11,D, NJ05,House,,2023-11-13,3.15473175464713,New Jersey,2023-11-16,2023-10-11,2023-11-11,LOW,5.149485410346855,1.922583417648549,True,True
TXN,Stock,Texas Instruments Incorporated - Common Stock,"Wednesday, October 11, 2023",Sale (Partial),"$15,001 - $50,000",New,,,"Tuberville, Tommy",2023-11-16,R,,Senate,,2023-11-20,-7.57507481941072,Alabama,2023-11-17,2023-10-11,2023-11-16,TXN,7.319861423639928,1.4892061171753568,True,True
TXN,Stock,Texas Instruments Incorporated - Common Stock,"Wednesday, October 11, 2023",Sale (Partial),"$50,001 - $100,000",New,,,"Tuberville, Tommy",2023-11-16,R,,Senate,,2023-11-20,-7.57507481941072,Alabama,2023-11-17,2023-10-11,2023-11-16,TXN,7.319861423639928,1.4892061171753568,True,True
GOOG,ST,ALPHABET INC. - CLASS C CAPITAL STOCK,"Wednesday, October 11, 2023",Sale,"$1,001 - $15,000",NEW, MORGAN STANLEY - SELECT UMA ACCOUNT # 1,,Josh Gottheimer,2023-11-11,D, NJ05,House,,2023-11-13,-16.8982537266346,New Jersey,2023-11-16,2023-10-11,2023-11-11,GOOG,6.266482317667899,8.064647068116916,True,True
DCO,ST,DUCOMMUN INCORPORATED,"Wednesday, October 11, 2023",Purchase,"$1,001 - $15,000",NEW, MORGAN STANLEY - SELECT UMA ACCOUNT # 1,,Josh Gottheimer,2023-11-11,D, NJ05,House,,2023-11-13,-7.87194256487508,New Jersey,2023-11-16,2023-10-11,2023-11-11,DCO,3.086016171294381,-2.9479486797841847,True,False
TSLA,ST,"TESLA, INC.","Wednesday, October 11, 2023",Sale,"$1,001 - $15,000",NEW, MORGAN STANLEY - SELECT UMA ACCOUNT # 1,,Josh Gottheimer,2023-11-11,D, NJ05,House,,2023-11-13,-55.0336591611734,New Jersey,2023-11-16,2023-10-11,2023-11-11,TSLA,19.25573640614421,19.32975759280592,True,True
X,Stock,United States Steel Corporation Common Stock,"Wednesday, October 11, 2023",Sale (Partial),"$15,001 - $50,000",New,,,"Tuberville, Tommy",2023-11-16,R,,Senate,,2023-11-20,-1.36355207961947,Alabama,2023-11-17,2023-10-11,2023-11-16,X,-1.5707602245598196,-35.67679104017436,False,False
MSFT,ST,MICROSOFT CORPORATION,"Wednesday, October 11, 2023",Sale,"$1,001 - $15,000",NEW, MORGAN STANLEY - SELECT UMA ACCOUNT # 1,,Josh Gottheimer,2023-11-11,D, NJ05,House,,2023-11-13,8.03929732273253,New Jersey,2023-11-16,2023-10-11,2023-11-11,MSFT,-10.330893090650717,-4.375182562205748,False,False
X,Stock Option,United States Steel Corp,"Wednesday, October 11, 2023",Purchase,"$1,001 - $15,000",New,,Option Type: Call Strike price: $25.00  Expires: 06/21/2024,"Tuberville, Tommy",2023-11-16,R,,Senate,,2023-11-20,-1.36355207961947,Alabama,2023-11-17,2023-10-11,2023-11-16,X,1.5707602245598196,35.67679104017436,True,True
KR,Stock,Kroger Company,"Wednesday, October 11, 2023",Sale (Full),"$50,001 - $100,000",New,,,"Tuberville, Tommy",2023-11-16,R,,Senate,,2023-11-20,9.6313404441711,Alabama,2023-11-17,2023-10-11,2023-11-16,KR,1.5536950051811438,4.03249787097768,True,True
VOD,ST,VODAFONE GROUP PLC - AMERICAN DEPOSITARY SHARES EACH REPRESENTING TEN ORDINARY SHARES,"Wednesday, October 11, 2023",Sale,"$1,001 - $15,000",NEW, KEVIN HERN TRADITIONAL IRA,SELL TO CLOSE,Kevin Hern,2023-11-17,R, OK01,House,,2023-11-20,-26.1142379092577,Oklahoma,2023-11-21,2023-10-11,2023-11-17,VOD,2.940933603595741,16.522805318064705,True,True
TXN,Stock,Texas Instruments Incorporated - Common Stock,"Wednesday, October 11, 2023",Sale (Partial),"$15,001 - $50,000",New,,,"Tuberville, Tommy",2023-11-16,R,,Senate,,2023-11-20,-7.57507481941072,Alabama,2023-11-17,2023-10-11,2023-11-16,TXN,7.319861423639928,1.4892061171753568,True,True
MO,ST,"ALTRIA GROUP, INC.","Wednesday, October 11, 2023",Purchase,"$1,001 - $15,000",NEW,,,Virginia Foxx,2023-11-07,R, NC05,House,,2023-11-09,-14.1519328697995,North Carolina,2023-11-16,2023-10-11,2023-11-07,MO,-6.84285715600298,-10.316302113338127,False,False
TXN,Stock,Texas Instruments Incorporated - Common Stock,"Wednesday, October 11, 2023",Sale (Partial),"$1,001 - $15,000",New,,,"Tuberville, Tommy",2023-11-16,R,,Senate,,2023-11-20,-7.57507481941072,Alabama,2023-11-17,2023-10-11,2023-11-16,TXN,7.319861423639928,1.4892061171753568,True,True
JBL,ST,JABIL INC.,"Monday, October 9, 2023",Purchase,"$1,001 - $15,000",NEW, MORGAN STANLEY - SELECT UMA ACCOUNT # 1,,Josh Gottheimer,2023-11-11,D, NJ05,House,,2023-11-13,-26.4308098346105,New Jersey,2023-11-16,2023-10-09,2023-11-11,JBL,-6.616654565987179,-13.958404080547648,False,False
KO,ST,COCA-COLA COMPANY,"Monday, October 9, 2023",Sale,"$15,001 - $50,000",NEW, KATHERINE M. CLARK SEPARATE SHARE TRUST,,Katherine M. Clark,2023-11-06,D, MA05,House,,2023-11-07,-5.09627599849609,Massachusetts,2023-11-16,2023-10-09,2023-11-06,KO,-6.874619108803137,-3.80360978868719,False,False
EMXC,ST,ISHARES MSCI EMERGING MARKETS EX CHINA ETF,"Friday, October 6, 2023",Purchase,"$15,001 - $50,000",NEW, UNITED IRA,"PURCHASED 322 SHARES OF THE MSCI EM EX CHINA INDEX ETF $ 15,963.51",Carol Devine Miller,2023-11-09,R, WV01,House,,2023-11-10,-4.87135918050707,West Virginia,2023-11-16,2023-10-06,2023-11-09,EMXC,1.6449580850248946,0.5560791896227935,True,True
EMXC,ST,ISHARES MSCI EMERGING MARKETS EX CHINA ETF,"Friday, October 6, 2023",Purchase,"$50,001 - $100,000",NEW, MATT MILLER INVESTMENT MANAGEMENT ACCOUNT,"PURCHASED 1,290 SHARES OF MSCI EM EX CHINA INDEX ETF $63,953.17",Carol Devine Miller,2023-11-09,R, WV01,House,,2023-11-10,-4.87135918050707,West Virginia,2023-11-16,2023-10-06,2023-11-09,EMXC,1.6449580850248946,0.5560791896227935,True,True
WBD,ST,"WARNER BROS. DISCOVERY, INC. - SERIES A","Friday, October 6, 2023",Sale,$493.91,NEW, IRA ONE,48 SHARES LOSS,Pete Sessions,2023-10-13,R, TX17,House,,2023-10-16,-36.0486369488862,Texas,2023-11-16,2023-10-06,2023-10-13,WBD,-10.047216997198728,-1.5846142382690331,False,False
ARCC,ST,ARES CAPITAL CORPORATION - CLOSED END FUND,"Friday, October 6, 2023",Purchase,$569.25,NEW, IRA ONE,30 SHARES,Pete Sessions,2023-10-13,R, TX17,House,,2023-10-16,-12.6352251378238,Texas,2023-11-16,2023-10-06,2023-10-13,ARCC,1.724974537339019,-0.807072213125215,True,False
SCHW,ST,CHARLES SCHWAB CORPORATION,"Thursday, October 5, 2023",Purchase,"$1,001 - $15,000",NEW, CHRIS IRA,,Morgan Mcgarvey,2023-11-16,D, KY03,House,,2023-11-18,10.7533116277609,Kentucky,2023-11-17,2023-10-05,2023-11-16,SCHW,6.3993075587416515,20.827607214815693,True,True
NEE,ST,"NEXTERA ENERGY, INC.","Wednesday, October 4, 2023",Sale,"$15,001 - $50,000",NEW, MORGAN STANLEY TRUST ACCOUNT,,Jonathan Jackson,2023-11-16,D, IL01,House,,2023-11-18,-1.75300140496465,Illinois,2023-11-17,2023-10-04,2023-11-16,NEE,-15.086947808579376,-10.395649623649783,False,False
MDLZ,ST,"MONDELEZ INTERNATIONAL, INC. - CLASS A","Wednesday, October 4, 2023",Purchase,"$1,001 - $15,000",NEW, RICHARD R LARSEN IRA > RICK LARSEN IRA AMERIPRISE SPS MANAGED ACCOUNT,PURCHASE OF SHARES IN RRL IRA PORTFOLIO AS PART OF QUARTERLY REBALANCING OF TOTAL RRL IRA PORTFOLIO,Rick Larsen,2023-10-11,D, WA02,House,,2023-10-12,-17.4272890442941,Washington,2023-11-16,2023-10-04,2023-10-11,MDLZ,-2.014626632783645,-3.723019998600563,False,False
EMR,Stock,Emerson Electric Company,"Tuesday, October 3, 2023",Purchase,"$1,001 - $15,000",New,,,"Mullin, Markwayne",2023-11-01,R,,Senate,,2023-11-09,-4.73272144742555,Oklahoma,2023-11-02,2023-10-03,2023-11-01,EMR,-5.978798999215995,-11.052297406274402,False,False
KO,Stock,Coca-Cola Company (The) Common Stock,"Tuesday, October 3, 2023",Purchase,"$1,001 - $15,000",New,,,"Mullin, Markwayne",2023-11-01,R,,Senate,,2023-11-09,-12.2165573645019,Oklahoma,2023-11-02,2023-10-03,2023-11-01,KO,1.9385149663570855,-3.136766233324839,True,False
UNP,Stock,Union Pacific Corp,"Tuesday, October 3, 2023",Purchase,"$1,001 - $15,000",New,,,"Mullin, Markwayne",2023-11-01,R,,Senate,,2023-11-09,-1.5265790050581,Oklahoma,2023-11-02,2023-10-03,2023-11-01,UNP,1.6459685768035026,7.319033666746755,True,True
ZTS,Stock,Zoetis Inc. Class A Common Stock,"Tuesday, October 3, 2023",Purchase,"$1,001 - $15,000",New,,,"Mullin, Markwayne",2023-11-01,R,,Senate,,2023-11-09,-20.0122503076637,Oklahoma,2023-11-02,2023-10-03,2023-11-01,ZTS,-7.6188909914286835,3.267171315632833,False,True
GOOGL,Stock,Alphabet Inc. - Class A Common Stock,"Tuesday, October 3, 2023",Purchase,"$1,001 - $15,000",New,,,"Mullin, Markwayne",2023-11-01,R,,Senate,,2023-11-09,-14.7200803214566,Oklahoma,2023-11-02,2023-10-03,2023-11-01,GOOGL,-5.8187201026799755,-7.803851568955844,False,False
HON,Stock,Honeywell International Inc. - Common Stock,"Tuesday, October 3, 2023",Purchase,"$1,001 - $15,000",New,,,"Mullin, Markwayne",2023-11-01,R,,Senate,,2023-11-09,-12.1907650951975,Oklahoma,2023-11-02,2023-10-03,2023-11-01,HON,0.8319381524636071,3.2421478825801486,True,True
AMD,Stock,"Advanced Micro Devices, Inc. - Common Stock","Tuesday, October 3, 2023",Purchase,"$1,001 - $15,000",New,,,"Mullin, Markwayne",2023-11-01,R,,Senate,,2023-11-09,69.5799296441419,Oklahoma,2023-11-02,2023-10-03,2023-11-01,AMD,5.6553535972938995,26.33100263474737,True,True
LLY,Stock,Eli Lilly and Company Common Stock,"Tuesday, October 3, 2023",Purchase,"$1,001 - $15,000",New,,,"Mullin, Markwayne",2023-11-01,R,,Senate,,2023-11-09,22.2721147068078,Oklahoma,2023-11-02,2023-10-03,2023-11-01,LLY,8.402985278263975,0.6209724299052644,True,True
TXN,Stock,Texas Instruments Incorporated - Common Stock,"Tuesday, October 3, 2023",Purchase,"$1,001 - $15,000",New,,,"Mullin, Markwayne",2023-11-01,R,,Senate,,2023-11-09,-11.6166927082147,Oklahoma,2023-11-02,2023-10-03,2023-11-01,TXN,-8.409597443710759,-4.500704902181041,False,False
WMT,Stock,Walmart Inc,"Tuesday, October 3, 2023",Sale (Full),"$50,001 - $100,000",New,,,"Vance, J.D.",2023-10-23,R,,Senate,,2023-11-09,-6.9015478176752,Ohio,2023-10-23,2023-10-03,2023-10-23,WMT,-1.953286449158198,12.012500999535746,False,True
SHW,Stock,Sherwin-Williams Company (The) Common Stock,"Tuesday, October 3, 2023",Purchase,"$1,001 - $15,000",New,,,"Mullin, Markwayne",2023-11-01,R,,Senate,,2023-11-09,13.1985227304398,Oklahoma,2023-11-02,2023-10-03,2023-11-01,SHW,-3.4752731365012557,10.428807871901302,False,True
BSX,Stock,Boston Scientific Corporation Common Stock,"Tuesday, October 3, 2023",Purchase,"$1,001 - $15,000",New,,,"Mullin, Markwayne",2023-11-01,R,,Senate,,2023-11-09,7.17478972813523,Oklahoma,2023-11-02,2023-10-03,2023-11-01,BSX,-0.18701636097251395,0.0852927368041545,False,True
AMZN,Stock,"Amazon.com, Inc. - Common Stock","Tuesday, October 3, 2023",Purchase,"$1,001 - $15,000",New,,,"Mullin, Markwayne",2023-11-01,R,,Senate,,2023-11-09,18.5219178111452,Oklahoma,2023-11-02,2023-10-03,2023-11-01,AMZN,8.615530480222034,8.075049411292689,True,True
DE,Stock,Deere & Company Common Stock,"Tuesday, October 3, 2023",Purchase,"$1,001 - $15,000",New,,,"Mullin, Markwayne",2023-11-01,R,,Senate,,2023-11-09,-18.4811618013883,Oklahoma,2023-11-02,2023-10-03,2023-11-01,DE,-1.8792128507726158,-4.592214260178884,False,False
PEP,Stock,"PepsiCo, Inc. - Common Stock","Tuesday, October 3, 2023",Purchase,"$1,001 - $15,000",New,,,"Mullin, Markwayne",2023-11-01,R,,Senate,,2023-11-09,-23.1401054190419,Oklahoma,2023-11-02,2023-10-03,2023-11-01,PEP,-2.607231856905934,-9.031478998675402,False,False
CRM,Stock,"Salesforce, Inc. Common Stock","Tuesday, October 3, 2023",Purchase,"$1,001 - $15,000",New,,,"Mullin, Markwayne",2023-11-01,R,,Senate,,2023-11-09,25.9628521306535,Oklahoma,2023-11-02,2023-10-03,2023-11-01,CRM,2.0550701277952,16.035727842967738,True,True
CVX,Stock,Chevron Corporation Common Stock,"Tuesday, October 3, 2023",Purchase,"$1,001 - $15,000",New,,,"Mullin, Markwayne",2023-11-01,R,,Senate,,2023-11-09,-28.1445733150435,Oklahoma,2023-11-02,2023-10-03,2023-11-01,CVX,-12.973252610562769,-22.591703408293817,False,False
JPM,Stock,JP Morgan Chase & Co. Common Stock,"Tuesday, October 3, 2023",Purchase,"$1,001 - $15,000",New,,,"Mullin, Markwayne",2023-11-01,R,,Senate,,2023-11-09,12.0200032316877,Oklahoma,2023-11-02,2023-10-03,2023-11-01,JPM,-2.9923882111281275,8.441971932105762,False,True
GS,Stock,"Goldman Sachs Group, Inc. (The) Common Stock","Tuesday, October 3, 2023",Purchase,"$1,001 - $15,000",New,,,"Mullin, Markwayne",2023-11-01,R,,Senate,,2023-11-09,5.16226738038173,Oklahoma,2023-11-02,2023-10-03,2023-11-01,GS,0.40730690730190755,14.707458185999922,True,True
ADBE,Stock,Adobe Systems Inc,"Tuesday, October 3, 2023",Purchase,"$1,001 - $15,000",New,,,"Mullin, Markwayne",2023-11-01,R,,Senate,,2023-11-09,-24.2009417595576,Oklahoma,2023-11-02,2023-10-03,2023-11-01,ADBE,8.10424414963926,2.2672396812870366,True,True
NKE,Stock,Nike Inc,"Tuesday, October 3, 2023",Purchase,"$1,001 - $15,000",New,,,"Mullin, Markwayne",2023-11-01,R,,Senate,,2023-11-09,-16.5424039539076,Oklahoma,2023-11-02,2023-10-03,2023-11-01,NKE,8.417391540220741,-0.08647330064022185,True,False
CSX,Stock,CSX Corporation - Common Stock,"Tuesday, October 3, 2023",Purchase,"$1,001 - $15,000",New,,,"Mullin, Markwayne",2023-11-01,R,,Senate,,2023-11-09,-1.17784827392016,Oklahoma,2023-11-02,2023-10-03,2023-11-01,CSX,-3.3234237957482704,0.3739607684676294,False,True
MSFT,Stock,Microsoft Corporation - Common Stock,"Tuesday, October 3, 2023",Purchase,"$1,001 - $15,000",New,,,"Mullin, Markwayne",2023-11-01,R,,Senate,,2023-11-09,11.548624703092,Oklahoma,2023-11-02,2023-10-03,2023-11-01,MSFT,9.057402525268632,6.203135424622275,True,True
AXP,Stock,American Express Company Common Stock,"Tuesday, October 3, 2023",Purchase,"$1,001 - $15,000",New,,,"Mullin, Markwayne",2023-11-01,R,,Senate,,2023-11-09,29.2827898998876,Oklahoma,2023-11-02,2023-10-03,2023-11-01,AXP,1.9101719678607854,17.68597285593161,True,True
AMAT,Stock,"Applied Materials, Inc. - Common Stock","Tuesday, October 3, 2023",Purchase,"$1,001 - $15,000",New,,,"Mullin, Markwayne",2023-11-01,R,,Senate,,2023-11-09,23.9696127484484,Oklahoma,2023-11-02,2023-10-03,2023-11-01,AMAT,-0.7792109668046665,0.7713703938849514,False,True
CMCSA,Stock,Comcast Corporation - Class A Common Stock,"Tuesday, October 3, 2023",Purchase,"$1,001 - $15,000",New,,,"Mullin, Markwayne",2023-11-01,R,,Senate,,2023-11-09,-22.8923617977334,Oklahoma,2023-11-02,2023-10-03,2023-11-01,CMCSA,-4.274874108334892,-11.631898146760511,False,False
ELV,Stock,"Elevance Health, Inc. Common Stock","Tuesday, October 3, 2023",Purchase,"$1,001 - $15,000",New,,,"Mullin, Markwayne",2023-11-01,R,,Senate,,2023-11-09,-2.97251996499274,Oklahoma,2023-11-02,2023-10-03,2023-11-01,ELV,2.06370204226749,-1.6840274255937038,True,False
SPGI,Stock,S&P Global Inc. Common Stock,"Tuesday, October 3, 2023",Purchase,"$1,001 - $15,000",New,,,"Mullin, Markwayne",2023-11-01,R,,Senate,,2023-11-09,-2.70044368919863,Oklahoma,2023-11-02,2023-10-03,2023-11-01,SPGI,3.3826220294901788,10.298790728800178,True,True
PAA,ST,"PLAINS ALL AMERICAN PIPELINE, L.P. - COMMON UNITS REPRESENTING LIMITED PARTNER INTERESTS","Tuesday, October 3, 2023",Sale,"$15,001 - $50,000",NEW,,,Virginia Foxx,2023-11-07,R, NC05,House,,2023-11-09,-6.11588478207976,North Carolina,2023-11-16,2023-10-03,2023-11-07,PAA,-6.23351522036788,7.772598157687605,False,True
SBUX,Stock,Starbucks Corporation - Common Stock,"Tuesday, October 3, 2023",Purchase,"$1,001 - $15,000",New,,,"Mullin, Markwayne",2023-11-01,R,,Senate,,2023-11-09,-20.6121009066522,Oklahoma,2023-11-02,2023-10-03,2023-11-01,SBUX,9.679539824795235,-7.4556166160812065,True,False
MA,Stock,Mastercard Inc,"Tuesday, October 3, 2023",Purchase,"$1,001 - $15,000",New,,,"Mullin, Markwayne",2023-11-01,R,,Senate,,2023-11-09,0.349635977985457,Oklahoma,2023-11-02,2023-10-03,2023-11-01,MA,-4.228786503063908,-4.25451615148682,False,False
LRCX,Stock,Lam Research Corporation - Common Stock,"Tuesday, October 3, 2023",Purchase,"$1,001 - $15,000",New,,,"Mullin, Markwayne",2023-11-01,R,,Senate,,2023-11-09,25.9102021784724,Oklahoma,2023-11-02,2023-10-03,2023-11-01,LRCX,-1.2520233857956642,9.086157154222319,False,True
UNH,Stock,Unitedhealth Group Inc,"Tuesday, October 3, 2023",Purchase,"$1,001 - $15,000",New,,,"Mullin, Markwayne",2023-11-01,R,,Senate,,2023-11-09,-24.9880115041466,Oklahoma,2023-11-02,2023-10-03,2023-11-01,UNH,3.1444385700176714,-6.27526064357431,True,False
META,Stock,"Meta Platforms, Inc. - Class A Common Stock","Tuesday, October 3, 2023",Purchase,"$1,001 - $15,000",New,,,"Mullin, Markwayne",2023-11-01,R,,Senate,,2023-11-09,39.5352858881558,Oklahoma,2023-11-02,2023-10-03,2023-11-01,META,1.2112073843951743,2.9312296837841645,True,True
V,Stock,Visa Inc,"Tuesday, October 3, 2023",Purchase,"$1,001 - $15,000",New,,,"Mullin, Markwayne",2023-11-01,R,,Senate,,2023-11-09,2.37354266247247,Oklahoma,2023-11-02,2023-10-03,2023-11-01,V,4.222462901850155,0.9993154864800458,True,True
NVDA,Stock,NVIDIA Corporation - Common Stock,"Tuesday, October 3, 2023",Purchase,"$1,001 - $15,000",New,,,"Mullin, Markwayne",2023-11-01,R,,Senate,,2023-11-09,80.5167623642378,Oklahoma,2023-11-02,2023-10-03,2023-11-01,NVDA,-2.1137235764810747,-1.450441427382687,False,False
PG,Stock,Procter & Gamble Company,"Tuesday, October 3, 2023",Purchase,"$1,001 - $15,000",New,,,"Mullin, Markwayne",2023-11-01,R,,Senate,,2023-11-09,-10.4056317040165,Oklahoma,2023-11-02,2023-10-03,2023-11-01,PG,2.0011746840949973,-9.904390862253432,True,False
COST,Stock,Costco Wholesale Corporation - Common Stock,"Tuesday, October 3, 2023",Purchase,"$1,001 - $15,000",New,,,"Mullin, Markwayne",2023-11-01,R,,Senate,,2023-11-09,7.09365220707979,Oklahoma,2023-11-02,2023-10-03,2023-11-01,COST,-3.6936486680246627,3.0129272592309464,False,True
EW,Stock,Edwards Lifesciences Corporation Common Stock,"Tuesday, October 3, 2023",Purchase,"$1,001 - $15,000",New,,,"Mullin, Markwayne",2023-11-01,R,,Senate,,2023-11-09,11.301965808314,Oklahoma,2023-11-02,2023-10-03,2023-11-01,EW,-7.936152056218004,-3.56063313289543,False,False
CAT,Stock,"Caterpillar, Inc. Common Stock","Tuesday, October 3, 2023",Purchase,"$1,001 - $15,000",New,,,"Mullin, Markwayne",2023-11-01,R,,Senate,,2023-11-09,7.6721721382085,Oklahoma,2023-11-02,2023-10-03,2023-11-01,CAT,-13.186345394123178,-3.311961800508745,False,False
PANW,Stock,"Palo Alto Networks, Inc. - Common Stock","Tuesday, October 3, 2023",Purchase,"$1,001 - $15,000",New,,,"Mullin, Markwayne",2023-11-01,R,,Senate,,2023-11-09,0.445561250893086,Oklahoma,2023-11-02,2023-10-03,2023-11-01,PANW,5.960400086764683,12.552126591127056,True,True
HD,Stock,"Home Depot, Inc. (The) Common Stock","Tuesday, October 3, 2023",Purchase,"$1,001 - $15,000",New,,,"Mullin, Markwayne",2023-11-01,R,,Senate,,2023-11-09,6.51741808594308,Oklahoma,2023-11-02,2023-10-03,2023-11-01,HD,-1.2012838825983252,6.064143480369966,False,True
TMO,Stock,Thermo Fisher Scientific Inc,"Tuesday, October 3, 2023",Purchase,"$15,001 - $50,000",New,,,"Mullin, Markwayne",2023-11-01,R,,Senate,,2023-11-09,-4.40614600165641,Oklahoma,2023-11-02,2023-10-03,2023-11-01,TMO,-12.504571701667832,-3.223259537886225,False,False
AAPL,Stock,Apple Inc. - Common Stock,"Tuesday, October 3, 2023",Purchase,"$1,001 - $15,000",New,,,"Mullin, Markwayne",2023-11-01,R,,Senate,,2023-11-09,-21.1997343276969,Oklahoma,2023-11-02,2023-10-03,2023-11-01,AAPL,0.9103965850091766,-4.458403438395764,True,False
RTX,Stock,RTX Corporation Common Stock,"Tuesday, October 3, 2023",Purchase,"$1,001 - $15,000",New,,,"Mullin, Markwayne",2023-11-01,R,,Senate,,2023-11-09,10.3388498528318,Oklahoma,2023-11-02,2023-10-03,2023-11-01,RTX,15.196893968172542,8.604197264381597,True,True
ABT,Stock,Abbott Laboratories Common Stock,"Tuesday, October 3, 2023",Purchase,"$1,001 - $15,000",New,,,"Mullin, Markwayne",2023-11-01,R,,Senate,,2023-11-09,-0.761523469596391,Oklahoma,2023-11-02,2023-10-03,2023-11-01,ABT,-1.9109815779335015,2.539717359272342,False,True
HTGC,ST,"HERCULES CAPITAL, INC.","Tuesday, October 3, 2023",Purchase,"$1,001 - $15,000",NEW,,,Virginia Foxx,2023-11-07,R, NC05,House,,2023-11-09,-6.66998413042222,North Carolina,2023-11-16,2023-10-03,2023-11-07,HTGC,0.06891012589604895,-5.983403392975473,True,False
COP,Stock,ConocoPhillips Common Stock,"Tuesday, October 3, 2023",Purchase,"$1,001 - $15,000",New,,,"Mullin, Markwayne",2023-11-01,R,,Senate,,2023-11-09,-19.2525146045408,Oklahoma,2023-11-02,2023-10-03,2023-11-01,COP,1.6700506760471079,-12.146726499720351,True,False
BLK,Stock,"BlackRock, Inc. Common Stock","Tuesday, October 3, 2023",Purchase,"$1,001 - $15,000",New,,,"Mullin, Markwayne",2023-11-01,R,,Senate,,2023-11-09,6.97936881504603,Oklahoma,2023-11-02,2023-10-03,2023-11-01,BLK,0.9524652812749057,15.813563021092225,True,True
KR,Stock,Kroger Company,"Tuesday, October 3, 2023",Purchase,"$50,001 - $100,000",New,,,"Tuberville, Tommy",2023-11-16,R,,Senate,,2023-11-20,5.30468618406467,Alabama,2023-11-17,2023-10-03,2023-11-16,KR,0.4640698049190872,-7.620489229954952,True,False
FLNG,ST,FLEX LNG LTD. ORDINARY SHARES,"Monday, October 2, 2023",Purchase,"$1,001 - $15,000",NEW,,,Virginia Foxx,2023-11-07,R, NC05,House,,2023-11-09,-32.6455681661409,North Carolina,2023-11-16,2023-10-02,2023-11-07,FLNG,6.556850838344886,-7.753544728993833,True,False
KO,ST,COCA-COLA COMPANY,"Monday, October 2, 2023",Purchase,"$1,001 - $15,000",NEW,,REINVEST SHARES,Lloyd Doggett,2023-11-06,D, TX37,House,,2023-11-07,-11.7651420095896,Texas,2023-11-16,2023-10-02,2023-11-06,KO,2.9086493273583813,-2.774344821358099,True,False
CRT,ST,CROSS TIMBERS ROYALTY TRUST,"Monday, October 2, 2023",Purchase,"$1,001 - $15,000",NEW,,,Virginia Foxx,2023-11-07,R, NC05,House,,2023-11-09,-29.9267778259052,North Carolina,2023-11-16,2023-10-02,2023-11-07,CRT,-4.855278659017925,-18.46686874522633,False,False
DVN,ST,DEVON ENERGY CORPORATION,"Friday, September 29, 2023",Purchase,"$15,001 - $50,000",NEW, HERN FAMILY REVOCABLE TRUST > BROKERAGE INVESTMENT ACCOUNT,DIVIDEND REINVESTMENT,Kevin Hern,2023-10-13,R, OK01,House,,2023-10-13,-19.8544986891269,Oklahoma,2023-11-16,2023-09-29,2023-10-13,DVN,-0.38039335841387745,-15.617795872927386,False,False
DVN,ST,DEVON ENERGY CORPORATION,"Friday, September 29, 2023",Purchase,"$1,001 - $15,000",NEW, HERN FAMILY FOUNDATION,DIVIDEND REINVESTMENT,Kevin Hern,2023-10-13,R, OK01,House,,2023-10-13,-19.8544986891269,Oklahoma,2023-11-16,2023-09-29,2023-10-13,DVN,-0.38039335841387745,-15.617795872927386,False,False
GOOG,ST,ALPHABET INC. - CLASS C CAPITAL STOCK,"Thursday, September 28, 2023",Sale,"$1,001 - $15,000",NEW, MORGAN STANLEY INH IRA,,Robert J. Wittman,2023-10-19,R, VA01,House,,2023-10-20,-12.6106202187988,Virginia,2023-11-16,2023-09-28,2023-10-19,GOOG,2.4530090605771493,4.965276515801209,True,True
UNH,ST,UNITEDHEALTH GROUP INCORPORATED COMMON STOCK,"Thursday, September 28, 2023",Sale,"$1,001 - $15,000",NEW, MORGAN STANLEY INH IRA,,Robert J. Wittman,2023-10-19,R, VA01,House,,2023-10-20,-23.1806265594328,Virginia,2023-11-16,2023-09-28,2023-10-19,UNH,-6.989680457191394,8.719551565435978,False,True
WMT,ST,WALMART INC.,"Thursday, September 28, 2023",Sale,"$1,001 - $15,000",NEW, MORGAN STANLEY INH IRA,,Robert J. Wittman,2023-10-19,R, VA01,House,,2023-10-20,-7.40392862985103,Virginia,2023-11-16,2023-09-28,2023-10-19,WMT,-3.3857598107267295,14.074280009997919,False,True
AAPL,ST,APPLE INC.,"Thursday, September 28, 2023",Sale,"$1,001 - $15,000",NEW, MORGAN STANLEY INH IRA,,Robert J. Wittman,2023-10-19,R, VA01,House,,2023-10-20,-18.2702707241639,Virginia,2023-11-16,2023-09-28,2023-10-19,AAPL,-2.8560998495465117,-1.951058529425298,False,False
KR,Stock,Kroger Company (The) Common Stock,"Thursday, September 28, 2023",Purchase,"$15,001 - $50,000",New,,,"Tuberville, Tommy",2023-10-13,R,,Senate,,2023-11-09,4.92814402808153,Alabama,2023-10-15,2023-09-28,2023-10-13,KR,2.779959394633469,-10.941161503988294,True,False
CAT,ST,"CATERPILLAR, INC.","Thursday, September 28, 2023",Sale,"$1,001 - $15,000",NEW, MORGAN STANLEY INH IRA,,Robert J. Wittman,2023-10-19,R, VA01,House,,2023-10-20,6.203571260305,Virginia,2023-11-16,2023-09-28,2023-10-19,CAT,9.246645579943102,3.286642773232895,True,True
EOG,ST,"EOG RESOURCES, INC.","Thursday, September 28, 2023",Sale,"$1,001 - $15,000",NEW,,,Robert J. Wittman,2023-10-19,R, VA01,House,,2023-10-20,-24.5604719190532,Virginia,2023-11-16,2023-09-28,2023-10-19,EOG,0.01452150136734831,15.223671479591772,True,True
AMZN,ST,"AMAZON.COM, INC.","Thursday, September 28, 2023",Sale,"$1,001 - $15,000",NEW, MORGAN STANLEY INH IRA,,Robert J. Wittman,2023-10-19,R, VA01,House,,2023-10-20,19.0495721953662,Virginia,2023-11-16,2023-09-28,2023-10-19,AMZN,-8.43256848958509,-10.510433291124865,False,False
MSFT,ST,MICROSOFT CORPORATION,"Thursday, September 28, 2023",Sale,"$1,001 - $15,000",NEW, MORGAN STANLEY INH IRA,,Robert J. Wittman,2023-10-19,R, VA01,House,,2023-10-20,13.3690793293251,Virginia,2023-11-16,2023-09-28,2023-10-19,MSFT,-10.637311391265136,-8.060016075539277,False,False
JPM,ST,JP MORGAN CHASE & CO.,"Thursday, September 28, 2023",Sale,"$1,001 - $15,000",NEW, MORGAN STANLEY INH IRA,,Robert J. Wittman,2023-10-19,R, VA01,House,,2023-10-20,9.53729944025859,Virginia,2023-11-16,2023-09-28,2023-10-19,JPM,3.800261512299652,-3.5701291250915146,True,False
ABBV,ST,ABBVIE INC.,"Thursday, September 28, 2023",Sale,"$1,001 - $15,000",NEW, MORGAN STANLEY INH IRA,,Robert J. Wittman,2023-10-19,R, VA01,House,,2023-10-20,-2.56682115922311,Virginia,2023-11-16,2023-09-28,2023-10-19,ABBV,3.714149931234534,9.47986832172103,True,True
PLD,ST,"PROLOGIS, INC.","Thursday, September 28, 2023",Sale,"$1,001 - $15,000",NEW, MORGAN STANLEY INH IRA,,Robert J. Wittman,2023-10-19,R, VA01,House,,2023-10-20,-4.33810206015954,Virginia,2023-11-16,2023-09-28,2023-10-19,PLD,8.726193517018444,-8.457377798018516,True,False
CMI,ST,CUMMINS INC.,"Wednesday, September 27, 2023",Purchase,"$1,001 - $15,000",NEW, MORGAN STANLEY ACTIVE ASSETS (5),,Jared Moskowitz,2023-10-12,D, FL23,House,,2023-10-13,-0.119449245278926,Florida,2023-11-16,2023-09-27,2023-10-12,CMI,-2.7208283637645936,-7.554130093097422,False,False
TGT,ST,TARGET CORPORATION,"Wednesday, September 27, 2023",Sale,"$1,001 - $15,000",NEW, MORGAN STANLEY ACTIVE ASSETS (5),,Jared Moskowitz,2023-10-12,D, FL23,House,,2023-10-13,30.003530160114,Florida,2023-11-16,2023-09-27,2023-10-12,TGT,-1.3889914531741043,-16.809988091937143,False,False
SPGI,Stock,S&P Global Inc,"Wednesday, September 27, 2023",Purchase,"$1,001 - $15,000",New,,,"Capito, Shelley Moore",2023-10-14,R,,Senate,,2023-11-09,-3.18374950757431,West Virginia,2023-10-15,2023-09-27,2023-10-14,SPGI,-1.9922700470965893,8.450835589883464,False,True
TGT,ST,TARGET CORPORATION,"Wednesday, September 27, 2023",Sale,"$1,001 - $15,000",NEW, MORGAN STANLEY ACTIVE ASSETS (6),,Jared Moskowitz,2023-10-12,D, FL23,House,,2023-10-13,30.003530160114,Florida,2023-11-16,2023-09-27,2023-10-12,TGT,-1.3889914531741043,-16.809988091937143,False,False
CMI,ST,CUMMINS INC.,"Wednesday, September 27, 2023",Purchase,"$1,001 - $15,000",NEW, MORGAN STANLEY ACTIVE ASSETS (6),,Jared Moskowitz,2023-10-12,D, FL23,House,,2023-10-13,-0.119449245278926,Florida,2023-11-16,2023-09-27,2023-10-12,CMI,-2.7208283637645936,-7.554130093097422,False,False
SYK,ST,STRYKER CORPORATION,"Tuesday, September 26, 2023",Purchase,"$1,001 - $15,000",NEW,,,HON. GREG STANTON,2023-11-09,D, AZ04,House,,2023-11-09,9.09406641121871,Arizona,2023-11-20,2023-09-26,2023-11-09,SYK,-2.2830912085027855,-2.3992795623350105,False,False
QCOM,ST,QUALCOMM INCORPORATED,"Tuesday, September 26, 2023",Purchase,"$1,001 - $15,000",NEW,,,HON. GREG STANTON,2023-11-09,D, AZ04,House,,2023-11-09,32.7193966164909,Arizona,2023-11-20,2023-09-26,2023-11-09,QCOM,-0.5473823103879005,20.845351529544676,False,True
GOOGL,ST,ALPHABET INC. - CLASS A,"Tuesday, September 26, 2023",Purchase,"$1,001 - $15,000",NEW,,,HON. GREG STANTON,2023-11-09,D, AZ04,House,,2023-11-09,-9.85634257270455,Arizona,2023-11-20,2023-09-26,2023-11-09,GOOGL,-1.7028821484703083,-1.6561462049241582,False,False
AAPL,ST,APPLE INC.,"Tuesday, September 26, 2023",Sale,"$1,001 - $15,000",NEW, MORGAN STANLEY - SELECT UMA ACCOUNT # 1,,Josh Gottheimer,2023-10-15,D, NJ05,House,,2023-10-16,-19.284689658819,New Jersey,2023-11-16,2023-09-26,2023-10-15,AAPL,-0.24103657192309225,-0.5360001086148314,False,False
INTU,ST,INTUIT INC.,"Tuesday, September 26, 2023",Purchase,"$1,001 - $15,000",NEW,,,HON. GREG STANTON,2023-11-09,D, AZ04,House,,2023-11-09,4.64239663321975,Arizona,2023-11-20,2023-09-26,2023-11-09,INTU,-1.528497035839771,12.44926313172703,False,True
MDLZ,ST,"MONDELEZ INTERNATIONAL, INC. - CLASS A","Tuesday, September 26, 2023",Purchase,"$1,001 - $15,000",NEW,,,HON. GREG STANTON,2023-11-09,D, AZ04,House,,2023-11-09,-19.4134339552128,Arizona,2023-11-20,2023-09-26,2023-11-09,MDLZ,-3.7823976842817353,-10.113060936328445,False,False
AMGN,ST,AMGEN INC.,"Tuesday, September 26, 2023",Purchase,"$1,001 - $15,000",NEW,,,HON. GREG STANTON,2023-11-09,D, AZ04,House,,2023-11-09,-19.7316874773271,Arizona,2023-11-20,2023-09-26,2023-11-09,AMGN,3.4384280406922096,-6.2051407607578435,True,False
AMD,ST,"ADVANCED MICRO DEVICES, INC.","Tuesday, September 26, 2023",Purchase,"$1,001 - $15,000",NEW,,,HON. GREG STANTON,2023-11-09,D, AZ04,House,,2023-11-09,79.4352933999514,Arizona,2023-11-20,2023-09-26,2023-11-09,AMD,0.8029888183820222,37.71921438361634,True,True
GILD,ST,"GILEAD SCIENCES, INC.","Tuesday, September 26, 2023",Purchase,"$1,001 - $15,000",NEW,,,HON. GREG STANTON,2023-11-09,D, AZ04,House,,2023-11-09,-22.1046179460037,Arizona,2023-11-20,2023-09-26,2023-11-09,GILD,7.12161484548941,-5.87650037830687,True,False
TMUS,ST,"T-MOBILE US, INC.","Tuesday, September 26, 2023",Purchase,"$1,001 - $15,000",NEW,,,HON. GREG STANTON,2023-11-09,D, AZ04,House,,2023-11-09,-4.46844289151803,Arizona,2023-11-20,2023-09-26,2023-11-09,TMUS,4.898067880660628,-0.07391785112607074,True,False
PLD,ST,"PROLOGIS, INC.","Tuesday, September 26, 2023",Purchase,"$1,001 - $15,000",NEW,,,HON. GREG STANTON,2023-11-09,D, AZ04,House,,2023-11-09,-3.95549536293001,Arizona,2023-11-20,2023-09-26,2023-11-09,PLD,-7.456341573809,7.966595891413464,False,True
ISRG,ST,"INTUITIVE SURGICAL, INC.","Tuesday, September 26, 2023",Purchase,"$1,001 - $15,000",NEW,,,HON. GREG STANTON,2023-11-09,D, AZ04,House,,2023-11-09,16.6319748036559,Arizona,2023-11-20,2023-09-26,2023-11-09,ISRG,-7.552148872659437,4.316795351180525,False,True
BMY,ST,BRISTOL-MYERS SQUIBB COMPANY,"Tuesday, September 26, 2023",Purchase,"$1,001 - $15,000",NEW,,,HON. GREG STANTON,2023-11-09,D, AZ04,House,,2023-11-09,-30.2595487027184,Arizona,2023-11-20,2023-09-26,2023-11-09,BMY,-6.325460163146457,-23.839854302159047,False,False
V,ST,VISA INC.,"Tuesday, September 26, 2023",Purchase,"$1,001 - $15,000",NEW,,,HON. GREG STANTON,2023-11-09,D, AZ04,House,,2023-11-09,3.57992166376005,Arizona,2023-11-20,2023-09-26,2023-11-09,V,3.8991786905687276,1.121516313218085,True,True
UNP,ST,UNION PACIFIC CORPORATION,"Tuesday, September 26, 2023",Purchase,"$1,001 - $15,000",NEW,,,HON. GREG STANTON,2023-11-09,D, AZ04,House,,2023-11-09,-0.487675789433744,Arizona,2023-11-20,2023-09-26,2023-11-09,UNP,1.920121903493499,8.018641171828778,True,True
XOM,ST,EXXON MOBIL CORPORATION,"Tuesday, September 26, 2023",Purchase,"$1,001 - $15,000",NEW,,,HON. GREG STANTON,2023-11-09,D, AZ04,House,,2023-11-09,-24.0839280750504,Arizona,2023-11-20,2023-09-26,2023-11-09,XOM,-4.378681762547265,-23.98687772404371,False,False
COP,ST,CONOCOPHILLIPS,"Tuesday, September 26, 2023",Purchase,"$1,001 - $15,000",NEW,,,HON. GREG STANTON,2023-11-09,D, AZ04,House,,2023-11-09,-19.7517360716398,Arizona,2023-11-20,2023-09-26,2023-11-09,COP,1.666176361358962,-12.660725398787843,True,False
GOOG,ST,ALPHABET INC. - CLASS C CAPITAL STOCK,"Tuesday, September 26, 2023",Purchase,"$1,001 - $15,000",NEW,,,HON. GREG STANTON,2023-11-09,D, AZ04,House,,2023-11-09,-9.8423121299696,Arizona,2023-11-20,2023-09-26,2023-11-09,GOOG,-1.4533142627809692,-1.4001570460362434,False,False
CAT,ST,"CATERPILLAR, INC.","Tuesday, September 26, 2023",Purchase,"$1,001 - $15,000",NEW,,,HON. GREG STANTON,2023-11-09,D, AZ04,House,,2023-11-09,9.06777204353384,Arizona,2023-11-20,2023-09-26,2023-11-09,CAT,-6.861800388285932,-2.0408783542529285,False,False
HWM,ST,HOWMET AEROSPACE INC.,"Tuesday, September 26, 2023",Purchase,"$1,001 - $15,000",NEW,,,HON. GREG STANTON,2023-11-09,D, AZ04,House,,2023-11-09,24.9287496616059,Arizona,2023-11-20,2023-09-26,2023-11-09,HWM,-1.9186543899754605,5.800443231004282,False,True
ORCL,ST,ORACLE CORPORATION,"Tuesday, September 26, 2023",Purchase,"$1,001 - $15,000",NEW,,,HON. GREG STANTON,2023-11-09,D, AZ04,House,,2023-11-09,0.0302034327040381,Arizona,2023-11-20,2023-09-26,2023-11-09,ORCL,-1.082143674697511,-10.479425885894745,False,False
PFE,ST,"PFIZER, INC.","Tuesday, September 26, 2023",Purchase,"$1,001 - $15,000",NEW,,,HON. GREG STANTON,2023-11-09,D, AZ04,House,,2023-11-09,-33.4339319460004,Arizona,2023-11-20,2023-09-26,2023-11-09,PFE,-0.6377646942325899,-24.043296809867208,False,False
MCD,ST,MCDONALD'S CORPORATION,"Tuesday, September 26, 2023",Purchase,"$1,001 - $15,000",NEW,,,HON. GREG STANTON,2023-11-09,D, AZ04,House,,2023-11-09,-15.4028491674202,Arizona,2023-11-20,2023-09-26,2023-11-09,MCD,-1.2518061833970862,-2.338075476057777,False,False
TSLA,ST,"TESLA, INC.","Tuesday, September 26, 2023",Purchase,"$1,001 - $15,000",NEW,,,HON. GREG STANTON,2023-11-09,D, AZ04,House,,2023-11-09,-52.664567355018,Arizona,2023-11-20,2023-09-26,2023-11-09,TSLA,-12.524183248044851,-6.612145064484198,False,False
TXN,ST,TEXAS INSTRUMENTS INCORPORATED,"Tuesday, September 26, 2023",Purchase,"$1,001 - $15,000",NEW,,,HON. GREG STANTON,2023-11-09,D, AZ04,House,,2023-11-09,-10.4509764235834,Arizona,2023-11-20,2023-09-26,2023-11-09,TXN,-5.641956261541048,-3.5935126575720178,False,False
AMAT,ST,"APPLIED MATERIALS, INC.","Tuesday, September 26, 2023",Purchase,"$1,001 - $15,000",NEW,,,HON. GREG STANTON,2023-11-09,D, AZ04,House,,2023-11-09,28.489316381882,Arizona,2023-11-20,2023-09-26,2023-11-09,AMAT,0.7729289554477381,10.795386370214576,True,True
T,ST,AT&T INC.,"Tuesday, September 26, 2023",Purchase,"$1,001 - $15,000",NEW,,,HON. GREG STANTON,2023-11-09,D, AZ04,House,,2023-11-09,-6.15318693112309,Arizona,2023-11-20,2023-09-26,2023-11-09,T,3.855175931283439,-1.408908887100635,True,False
LIN,ST,LINDE PLC ORDINARY SHARES,"Tuesday, September 26, 2023",Purchase,"$1,001 - $15,000",NEW,,,HON. GREG STANTON,2023-11-09,D, AZ04,House,,2023-11-09,6.47104756655816,Arizona,2023-11-20,2023-09-26,2023-11-09,LIN,2.9523305266732303,-1.2947545510579417,True,False
ABT,ST,ABBOTT LABORATORIES,"Tuesday, September 26, 2023",Purchase,"$1,001 - $15,000",NEW,,,HON. GREG STANTON,2023-11-09,D, AZ04,House,,2023-11-09,0.346048630370774,Arizona,2023-11-20,2023-09-26,2023-11-09,ABT,0.8512526947360821,1.7808227680669475,True,True
TDY,ST,TELEDYNE TECHNOLOGIES INCORPORATED,"Tuesday, September 26, 2023",Purchase,"$1,001 - $15,000",NEW,,,HON. GREG STANTON,2023-11-09,D, AZ04,House,,2023-11-09,-17.7385288213547,Arizona,2023-11-20,2023-09-26,2023-11-09,TDY,-5.409533220600016,-4.308156102010385,False,False
HD,ST,"HOME DEPOT, INC.","Tuesday, September 26, 2023",Purchase,"$1,001 - $15,000",NEW,,,HON. GREG STANTON,2023-11-09,D, AZ04,House,,2023-11-09,3.69700554048237,Arizona,2023-11-20,2023-09-26,2023-11-09,HD,-4.9219259179211665,3.7306313820264503,False,True
WMT,ST,WALMART INC.,"Tuesday, September 26, 2023",Purchase,"$1,001 - $15,000",NEW,,,HON. GREG STANTON,2023-11-09,D, AZ04,House,,2023-11-09,-7.64395340080199,Arizona,2023-11-20,2023-09-26,2023-11-09,WMT,2.740165627810942,-15.476174403193244,True,False
CMCSA,ST,COMCAST CORPORATION - CLASS A,"Tuesday, September 26, 2023",Purchase,"$1,001 - $15,000",NEW,,,HON. GREG STANTON,2023-11-09,D, AZ04,House,,2023-11-09,-22.9912846573615,Arizona,2023-11-20,2023-09-26,2023-11-09,CMCSA,-8.31602406337807,-12.429203799470145,False,False
NVDA,ST,NVIDIA CORPORATION,"Tuesday, September 26, 2023",Purchase,"$1,001 - $15,000",NEW,,,HON. GREG STANTON,2023-11-09,D, AZ04,House,,2023-11-09,89.9101310611184,Arizona,2023-11-20,2023-09-26,2023-11-09,NVDA,-0.5924204667276722,5.851633206262163,False,True
MDT,ST,MEDTRONIC PLC. ORDINARY SHARES,"Tuesday, September 26, 2023",Purchase,"$1,001 - $15,000",NEW,,,HON. GREG STANTON,2023-11-09,D, AZ04,House,,2023-11-09,-13.8166949073996,Arizona,2023-11-20,2023-09-26,2023-11-09,MDT,-7.6782300213630865,-7.4852776060824855,False,False
BDX,ST,"BECTON, DICKINSON AND COMPANY","Tuesday, September 26, 2023",Purchase,"$1,001 - $15,000",NEW,,,HON. GREG STANTON,2023-11-09,D, AZ04,House,,2023-11-09,-28.9541593858262,Arizona,2023-11-20,2023-09-26,2023-11-09,BDX,0.5987632193760417,-18.488651850228344,True,False
MSFT,ST,MICROSOFT CORPORATION,"Tuesday, September 26, 2023",Purchase,"$15,001 - $50,000",NEW,,,HON. GREG STANTON,2023-11-09,D, AZ04,House,,2023-11-09,13.7395862679698,Arizona,2023-11-20,2023-09-26,2023-11-09,MSFT,8.235213339330262,8.30099209978503,True,True
JNJ,ST,JOHNSON & JOHNSON,"Tuesday, September 26, 2023",Purchase,"$1,001 - $15,000",NEW,,,HON. GREG STANTON,2023-11-09,D, AZ04,House,,2023-11-09,-20.1967352893177,Arizona,2023-11-20,2023-09-26,2023-11-09,JNJ,-3.11169591963002,-13.53957336075533,False,False
PEP,ST,"PEPSICO, INC.","Tuesday, September 26, 2023",Purchase,"$1,001 - $15,000",NEW,,,HON. GREG STANTON,2023-11-09,D, AZ04,House,,2023-11-09,-24.224493355234,Arizona,2023-11-20,2023-09-26,2023-11-09,PEP,-3.2504324573294996,-13.849972624956363,False,False
ADBE,ST,ADOBE INC.,"Tuesday, September 26, 2023",Purchase,"$1,001 - $15,000",NEW,,,HON. GREG STANTON,2023-11-09,D, AZ04,House,,2023-11-09,-22.4020570267728,Arizona,2023-11-20,2023-09-26,2023-11-09,ADBE,4.765549663387514,6.43467176400343,True,True
JPM,ST,JP MORGAN CHASE & CO.,"Tuesday, September 26, 2023",Purchase,"$1,001 - $15,000",NEW,,,HON. GREG STANTON,2023-11-09,D, AZ04,House,,2023-11-09,11.6362679717121,Arizona,2023-11-20,2023-09-26,2023-11-09,JPM,0.31215083107649644,4.458652874838465,True,True
DIS,ST,WALT DISNEY COMPANY,"Tuesday, September 26, 2023",Purchase,"$1,001 - $15,000",NEW,,,HON. GREG STANTON,2023-11-09,D, AZ04,House,,2023-11-09,20.1815938442079,Arizona,2023-11-20,2023-09-26,2023-11-09,DIS,2.852106281171929,1.8880041556429639,True,True
CB,ST,CHUBB LIMITED,"Tuesday, September 26, 2023",Purchase,"$1,001 - $15,000",NEW,,,HON. GREG STANTON,2023-11-09,D, AZ04,House,,2023-11-09,1.24011929698358,Arizona,2023-11-20,2023-09-26,2023-11-09,CB,3.717775150299074,-6.963649331466959,True,False
TMO,ST,THERMO FISHER SCIENTIFIC INC,"Tuesday, September 26, 2023",Purchase,"$1,001 - $15,000",NEW,,,HON. GREG STANTON,2023-11-09,D, AZ04,House,,2023-11-09,-3.20884156058649,Arizona,2023-11-20,2023-09-26,2023-11-09,TMO,-9.057652196520838,-6.124295478185804,False,False
SBUX,ST,STARBUCKS CORPORATION,"Tuesday, September 26, 2023",Purchase,"$1,001 - $15,000",NEW,,,HON. GREG STANTON,2023-11-09,D, AZ04,House,,2023-11-09,-21.7119781081045,Arizona,2023-11-20,2023-09-26,2023-11-09,SBUX,3.9176596790955864,-7.7393489500602985,True,False
AXP,ST,AMERICAN EXPRESS COMPANY,"Tuesday, September 26, 2023",Purchase,"$1,001 - $15,000",NEW,,,HON. GREG STANTON,2023-11-09,D, AZ04,House,,2023-11-09,24.8921142342897,Arizona,2023-11-20,2023-09-26,2023-11-09,AXP,-1.9588251336728923,11.32605722850788,False,True
MRK,ST,"MERCK & COMPANY, INC. COMMON STOCK","Tuesday, September 26, 2023",Purchase,"$1,001 - $15,000",NEW,,,HON. GREG STANTON,2023-11-09,D, AZ04,House,,2023-11-09,-4.36344244140898,Arizona,2023-11-20,2023-09-26,2023-11-09,MRK,3.3412213359453435,-9.60304056304302,True,False
VZ,ST,VERIZON COMMUNICATIONS INC.,"Tuesday, September 26, 2023",Purchase,"$1,001 - $15,000",NEW,,,HON. GREG STANTON,2023-11-09,D, AZ04,House,,2023-11-09,0.0344404376998781,Arizona,2023-11-20,2023-09-26,2023-11-09,VZ,7.675607125775197,1.8817003421032652,True,True
BAC,ST,BANK OF AMERICA CORPORATION,"Tuesday, September 26, 2023",Purchase,"$1,001 - $15,000",NEW,,,HON. GREG STANTON,2023-11-09,D, AZ04,House,,2023-11-09,10.6590673224375,Arizona,2023-11-20,2023-09-26,2023-11-09,BAC,-0.6751528774549653,12.894270177285039,False,True
TJX,ST,"TJX COMPANIES, INC.","Tuesday, September 26, 2023",Purchase,"$1,001 - $15,000",NEW,,,HON. GREG STANTON,2023-11-09,D, AZ04,House,,2023-11-09,-8.65222580603774,Arizona,2023-11-20,2023-09-26,2023-11-09,TJX,3.2576807095811455,-6.129299045687864,True,False
CRM,ST,"SALESFORCE, INC.","Tuesday, September 26, 2023",Purchase,"$1,001 - $15,000",NEW,,,HON. GREG STANTON,2023-11-09,D, AZ04,House,,2023-11-09,25.6868263417126,Arizona,2023-11-20,2023-09-26,2023-11-09,CRM,0.10776450967693307,19.744678810020268,True,True
INTC,ST,INTEL CORPORATION,"Tuesday, September 26, 2023",Purchase,"$1,001 - $15,000",NEW,,,HON. GREG STANTON,2023-11-09,D, AZ04,House,,2023-11-09,6.37347473154129,Arizona,2023-11-20,2023-09-26,2023-11-09,INTC,-0.6829057399118987,37.54730524415335,False,True
PG,ST,PROCTER & GAMBLE COMPANY,"Tuesday, September 26, 2023",Purchase,"$1,001 - $15,000",NEW,,,HON. GREG STANTON,2023-11-09,D, AZ04,House,,2023-11-09,-11.5918858638436,Arizona,2023-11-20,2023-09-26,2023-11-09,PG,3.5108551957320655,-13.992075517404034,True,False
ABBV,ST,ABBVIE INC.,"Tuesday, September 26, 2023",Purchase,"$1,001 - $15,000",NEW,,,HON. GREG STANTON,2023-11-09,D, AZ04,House,,2023-11-09,-4.09446307249647,Arizona,2023-11-20,2023-09-26,2023-11-09,ABBV,-2.4697548798905067,-11.267174400488567,False,False
AMZN,ST,"AMAZON.COM, INC.","Tuesday, September 26, 2023",Purchase,"$1,001 - $15,000",NEW,,,HON. GREG STANTON,2023-11-09,D, AZ04,House,,2023-11-09,18.7820478587501,Arizona,2023-11-20,2023-09-26,2023-11-09,AMZN,-1.8987111951958568,10.044819616277433,False,True
AXON,ST,"AXON ENTERPRISE, INC.","Tuesday, September 26, 2023",Purchase,"$1,001 - $15,000",NEW,,,HON. GREG STANTON,2023-11-09,D, AZ04,House,,2023-11-09,42.5856006748894,Arizona,2023-11-20,2023-09-26,2023-11-09,AXON,11.079283541071439,24.398301003572477,True,True
UPS,ST,"UNITED PARCEL SERVICE, INC.","Tuesday, September 26, 2023",Purchase,"$1,001 - $15,000",NEW,,,HON. GREG STANTON,2023-11-09,D, AZ04,House,,2023-11-09,-18.7007579117511,Arizona,2023-11-20,2023-09-26,2023-11-09,UPS,-5.823099353383432,-7.692924314169036,False,False
C,ST,"CITIGROUP, INC.","Tuesday, September 26, 2023",Purchase,"$1,001 - $15,000",NEW,,,HON. GREG STANTON,2023-11-09,D, AZ04,House,,2023-11-09,23.5686955779267,Arizona,2023-11-20,2023-09-26,2023-11-09,C,1.0014320245544939,15.919455460693953,True,True
ACN,ST,ACCENTURE PLC CLASS A ORDINARY SHARES,"Tuesday, September 26, 2023",Purchase,"$1,001 - $15,000",NEW,,,HON. GREG STANTON,2023-11-09,D, AZ04,House,,2023-11-09,0.932897403336504,Arizona,2023-11-20,2023-09-26,2023-11-09,ACN,-2.789150335830737,2.057301989104765,False,True
UNH,ST,UNITEDHEALTH GROUP INCORPORATED COMMON STOCK,"Tuesday, September 26, 2023",Purchase,"$1,001 - $15,000",NEW,,,HON. GREG STANTON,2023-11-09,D, AZ04,House,,2023-11-09,-22.5629503368976,Arizona,2023-11-20,2023-09-26,2023-11-09,UNH,7.72199009473975,-8.843915768742683,True,False
META,ST,"META PLATFORMS, INC. - CLASS A","Tuesday, September 26, 2023",Purchase,"$1,001 - $15,000",NEW,,,HON. GREG STANTON,2023-11-09,D, AZ04,House,,2023-11-09,42.259517278802,Arizona,2023-11-20,2023-09-26,2023-11-09,META,-0.3595641636724767,6.95964031819567,False,True
J,ST,JACOBS SOLUTIONS INC.,"Tuesday, September 26, 2023",Purchase,"$1,001 - $15,000",NEW,,,HON. GREG STANTON,2023-11-09,D, AZ04,House,,2023-11-09,-6.26259241727151,Arizona,2023-11-20,2023-09-26,2023-11-09,J,4.491172043657521,-14.14931168186413,True,False
ELV,ST,"ELEVANCE HEALTH, INC.","Tuesday, September 26, 2023",Purchase,"$1,001 - $15,000",NEW,,,HON. GREG STANTON,2023-11-09,D, AZ04,House,,2023-11-09,-5.18260195362552,Arizona,2023-11-20,2023-09-26,2023-11-09,ELV,3.5531112758632855,-7.633956251766683,True,False
AVGO,ST,BROADCOM INC.,"Tuesday, September 26, 2023",Purchase,"$1,001 - $15,000",NEW,,,HON. GREG STANTON,2023-11-09,D, AZ04,House,,2023-11-09,31.7055674655231,Arizona,2023-11-20,2023-09-26,2023-11-09,AVGO,4.483216839230009,26.951239852619025,True,True
COST,ST,COSTCO WHOLESALE CORPORATION,"Tuesday, September 26, 2023",Purchase,"$1,001 - $15,000",NEW,,,HON. GREG STANTON,2023-11-09,D, AZ04,House,,2023-11-09,11.5579903148021,Arizona,2023-11-20,2023-09-26,2023-11-09,COST,2.2200637458196226,10.273108309679868,True,True
PH,ST,PARKER-HANNIFIN CORPORATION,"Tuesday, September 26, 2023",Purchase,"$1,001 - $15,000",NEW,,,HON. GREG STANTON,2023-11-09,D, AZ04,House,,2023-11-09,19.8037448061814,Arizona,2023-11-20,2023-09-26,2023-11-09,PH,-0.439248725270025,8.477824891696395,False,True
MS,ST,MORGAN STANLEY,"Tuesday, September 26, 2023",Purchase,"$1,001 - $15,000",NEW,,,HON. GREG STANTON,2023-11-09,D, AZ04,House,,2023-11-09,-12.1109971090093,Arizona,2023-11-20,2023-09-26,2023-11-09,MS,-9.102188221960873,1.2567950974781583,False,True
IBM,ST,INTERNATIONAL BUSINESS MACHINES CORPORATION,"Tuesday, September 26, 2023",Purchase,"$1,001 - $15,000",NEW,,,HON. GREG STANTON,2023-11-09,D, AZ04,House,,2023-11-09,13.7230109039518,Arizona,2023-11-20,2023-09-26,2023-11-09,IBM,3.5524202034169505,2.2131593373985625,True,True
LLY,ST,ELI LILLY AND COMPANY,"Tuesday, September 26, 2023",Purchase,"$1,001 - $15,000",NEW,,,HON. GREG STANTON,2023-11-09,D, AZ04,House,,2023-11-09,17.450825255945,Arizona,2023-11-20,2023-09-26,2023-11-09,LLY,6.478425635559026,-7.972187003899367,True,False
TGT,ST,TARGET CORPORATION,"Tuesday, September 26, 2023",Sale,"$1,001 - $15,000",NEW, MORGAN STANLEY - SELECT UMA ACCOUNT # 1,,Josh Gottheimer,2023-10-15,D, NJ05,House,,2023-10-16,30.331500152765,New Jersey,2023-11-16,2023-09-26,2023-10-15,TGT,-4.4590384934750205,-17.089566499259902,False,False
CSCO,ST,"CISCO SYSTEMS, INC.","Tuesday, September 26, 2023",Purchase,"$1,001 - $15,000",NEW,,,HON. GREG STANTON,2023-11-09,D, AZ04,House,,2023-11-09,-26.8398145882708,Arizona,2023-11-20,2023-09-26,2023-11-09,CSCO,0.6471883622003904,-16.33860895856303,True,False
DHR,ST,DANAHER CORPORATION,"Tuesday, September 26, 2023",Purchase,"$1,001 - $15,000",NEW,,,HON. GREG STANTON,2023-11-09,D, AZ04,House,,2023-11-09,-5.88764979388021,Arizona,2023-11-20,2023-09-26,2023-11-09,DHR,-8.450224540863394,-6.159544463598188,False,False
BALL,ST,BALL CORPORATION,"Tuesday, September 26, 2023",Purchase,"$1,001 - $15,000",NEW,,,HON. GREG STANTON,2023-11-09,D, AZ04,House,,2023-11-09,13.4156123022978,Arizona,2023-11-20,2023-09-26,2023-11-09,BALL,0.8010280283944571,7.918456737696089,True,True
PM,ST,PHILIP MORRIS INTERNATIONAL INC,"Tuesday, September 26, 2023",Purchase,"$1,001 - $15,000",NEW,,,HON. GREG STANTON,2023-11-09,D, AZ04,House,,2023-11-09,-16.1547192389117,Arizona,2023-11-20,2023-09-26,2023-11-09,PM,1.696043366065092,-9.334714012024126,True,False
SPGI,ST,S&P GLOBAL INC.,"Tuesday, September 26, 2023",Purchase,"$1,001 - $15,000",NEW,,,HON. GREG STANTON,2023-11-09,D, AZ04,House,,2023-11-09,-3.53423995215983,Arizona,2023-11-20,2023-09-26,2023-11-09,SPGI,-1.1531699257495531,8.091887428248867,False,True
PGR,ST,PROGRESSIVE CORPORATION,"Tuesday, September 26, 2023",Purchase,"$1,001 - $15,000",NEW,,,HON. GREG STANTON,2023-11-09,D, AZ04,House,,2023-11-09,25.894555214932,Arizona,2023-11-20,2023-09-26,2023-11-09,PGR,12.503788444817165,0.08680138540726468,True,True
ADI,ST,"ANALOG DEVICES, INC.","Tuesday, September 26, 2023",Purchase,"$1,001 - $15,000",NEW,,,HON. GREG STANTON,2023-11-09,D, AZ04,House,,2023-11-09,-6.40402265099497,Arizona,2023-11-20,2023-09-26,2023-11-09,ADI,-3.4718478780860873,3.665510851367282,False,True
LOW,ST,"LOWE'S COMPANIES, INC.","Tuesday, September 26, 2023",Purchase,"$1,001 - $15,000",NEW,,,HON. GREG STANTON,2023-11-09,D, AZ04,House,,2023-11-09,-2.3145150002032,Arizona,2023-11-20,2023-09-26,2023-11-09,LOW,-8.228072262985453,-4.880863268822511,False,False
MMM,ST,3M COMPANY,"Tuesday, September 26, 2023",Purchase,"$1,001 - $15,000",NEW,,PURCHASE OF THIS STOCK WAS ABOVE THE $1000 REPORTING THRESHOLD. THE SALE FELL BELOW THE $1000 THRESHOLD AND,HON. GREG STANTON,2023-11-09,D, AZ04,House,,2023-11-09,-7.82359145354087,Arizona,2023-11-20,2023-09-26,2023-11-09,MMM,-2.3815408754273015,3.429173472509306,False,True
NEE,ST,"NEXTERA ENERGY, INC.","Tuesday, September 26, 2023",Purchase,"$1,001 - $15,000",NEW,,,HON. GREG STANTON,2023-11-09,D, AZ04,House,,2023-11-09,-27.7186988065248,Arizona,2023-11-20,2023-09-26,2023-11-09,NEE,-8.702238438869337,-19.579713300502444,False,False
LRCX,ST,LAM RESEARCH CORPORATION,"Tuesday, September 26, 2023",Purchase,"$1,001 - $15,000",NEW,,,HON. GREG STANTON,2023-11-09,D, AZ04,House,,2023-11-09,30.5113681395637,Arizona,2023-11-20,2023-09-26,2023-11-09,LRCX,-0.25449278388711694,19.576806759337593,False,True
NFLX,ST,"NETFLIX, INC.","Tuesday, September 26, 2023",Purchase,"$1,001 - $15,000",NEW,,,HON. GREG STANTON,2023-11-09,D, AZ04,House,,2023-11-09,40.088916105303,Arizona,2023-11-20,2023-09-26,2023-11-09,NFLX,9.594149262542029,17.787673545817917,True,True
MMC,ST,"MARSH & MCLENNAN COMPANIES, INC.","Tuesday, September 26, 2023",Purchase,"$1,001 - $15,000",NEW,,,HON. GREG STANTON,2023-11-09,D, AZ04,House,,2023-11-09,-13.0328409325063,Arizona,2023-11-20,2023-09-26,2023-11-09,MMC,-0.10775934634914552,-14.82925258836454,False,False
GS,ST,"GOLDMAN SACHS GROUP, INC.","Tuesday, September 26, 2023",Purchase,"$1,001 - $15,000",NEW,,,HON. GREG STANTON,2023-11-09,D, AZ04,House,,2023-11-09,-0.0928096489766617,Arizona,2023-11-20,2023-09-26,2023-11-09,GS,-5.096071525249213,6.117849799628128,False,True
AAPL,ST,APPLE INC.,"Tuesday, September 26, 2023",Purchase,"$15,001 - $50,000",NEW,,,HON. GREG STANTON,2023-11-09,D, AZ04,House,,2023-11-09,-19.284689658819,Arizona,2023-11-20,2023-09-26,2023-11-09,AAPL,0.24103657192309225,0.5360001086148314,True,True
MA,ST,MASTERCARD INCORPORATED,"Tuesday, September 26, 2023",Purchase,"$1,001 - $15,000",NEW,,,HON. GREG STANTON,2023-11-09,D, AZ04,House,,2023-11-09,0.679013936972645,Arizona,2023-11-20,2023-09-26,2023-11-09,MA,-4.59804625484288,-4.573333432921678,False,False
NKE,ST,"NIKE, INC.","Tuesday, September 26, 2023",Purchase,"$1,001 - $15,000",NEW,,,HON. GREG STANTON,2023-11-09,D, AZ04,House,,2023-11-09,-9.16611546218449,Arizona,2023-11-20,2023-09-26,2023-11-09,NKE,14.113209909424572,8.067462315532126,True,True
WFC,ST,WELLS FARGO & COMPANY,"Tuesday, September 26, 2023",Purchase,"$1,001 - $15,000",NEW,,,HON. GREG STANTON,2023-11-09,D, AZ04,House,,2023-11-09,21.8075149129126,Arizona,2023-11-20,2023-09-26,2023-11-09,WFC,0.7293762919031166,10.387137676312207,True,True
CVX,ST,CHEVRON CORPORATION,"Tuesday, September 26, 2023",Purchase,"$1,001 - $15,000",NEW,,,HON. GREG STANTON,2023-11-09,D, AZ04,House,,2023-11-09,-26.9688574157689,Arizona,2023-11-20,2023-09-26,2023-11-09,CVX,-4.587716491264937,-20.900109760330345,False,False
KO,ST,COCA-COLA COMPANY,"Tuesday, September 26, 2023",Purchase,"$1,001 - $15,000",NEW,,,HON. GREG STANTON,2023-11-09,D, AZ04,House,,2023-11-09,-13.7424428863292,Arizona,2023-11-20,2023-09-26,2023-11-09,KO,1.8626716008058986,-8.13745910723227,True,False
ZTS,ST,ZOETIS INC. CLASS A,"Tuesday, September 26, 2023",Purchase,"$1,001 - $15,000",NEW,,,HON. GREG STANTON,2023-11-09,D, AZ04,House,,2023-11-09,-22.0996639790832,Arizona,2023-11-20,2023-09-26,2023-11-09,ZTS,-7.439868331179433,-1.1953143951161538,False,False
NOW,ST,"SERVICENOW, INC.","Tuesday, September 26, 2023",Purchase,"$1,001 - $15,000",NEW,,,HON. GREG STANTON,2023-11-09,D, AZ04,House,,2023-11-09,16.9214786702907,Arizona,2023-11-20,2023-09-26,2023-11-09,NOW,4.3498229703738955,17.024983520543245,True,True
BLK,ST,"BLACKROCK, INC.","Tuesday, September 26, 2023",Purchase,"$1,001 - $15,000",NEW,,,HON. GREG STANTON,2023-11-09,D, AZ04,House,,2023-11-09,4.42229678809409,Arizona,2023-11-20,2023-09-26,2023-11-09,BLK,-2.9415314699661077,12.994744694060989,False,True
NOC,ST,NORTHROP GRUMMAN CORPORATION,"Tuesday, September 26, 2023",Purchase,"$1,001 - $15,000",NEW, MORGAN STANLEY - SELECT UMA ACCOUNT # 1,,Josh Gottheimer,2023-10-15,D, NJ05,House,,2023-10-16,-11.4238564040355,New Jersey,2023-11-16,2023-09-26,2023-10-15,NOC,15.191842034437775,-2.8391683267787515,True,False
DE,ST,DEERE & COMPANY,"Tuesday, September 26, 2023",Purchase,"$1,001 - $15,000",NEW,,,HON. GREG STANTON,2023-11-09,D, AZ04,House,,2023-11-09,-18.6780617891257,Arizona,2023-11-20,2023-09-26,2023-11-09,DE,0.5315507331336344,-6.028194526371977,True,False
WMB,ST,"WILLIAMS COMPANIES, INC.","Monday, September 25, 2023",Purchase,"$1,001 - $15,000",NEW, HERN FAMILY REVOCABLE TRUST > BROKERAGE INVESTMENT ACCOUNT,DIVIDEND REINVESTMENT,Kevin Hern,2023-10-13,R, OK01,House,,2023-10-13,-8.96053715991693,Oklahoma,2023-11-16,2023-09-25,2023-10-13,WMB,4.946028410261527,-6.666431476533741,True,False
BX,ST,BLACKSTONE INC.,"Monday, September 25, 2023",Sale,"$15,001 - $50,000",NEW,,,Michael C. Burgess,2023-10-03,R, TX26,House,,2023-10-04,-4.61215438972277,Texas,2023-11-16,2023-09-25,2023-10-03,BX,13.19900178044967,-9.020225753554033,True,False
ACN,Stock,Accenture Plc,"Friday, September 22, 2023",Purchase,"$1,001 - $15,000",New,,,"Capito, Shelley Moore",2023-10-14,R,,Senate,,2023-11-09,0.10819287230235,West Virginia,2023-10-15,2023-09-22,2023-10-14,ACN,-4.30644131749256,0.4555553620227526,False,True
UNH,Stock,Unitedhealth Group Inc,"Friday, September 22, 2023",Purchase,"$1,001 - $15,000",New,,,"Capito, Shelley Moore",2023-10-14,R,,Senate,,2023-11-09,-21.4215240928866,West Virginia,2023-10-15,2023-09-22,2023-10-14,UNH,5.441397466317277,-7.154164368678484,True,False
TSLA,ST,"TESLA, INC.","Friday, September 22, 2023",Purchase,"$1,001 - $15,000",NEW, MORGAN STANLEY - SELECT UMA ACCOUNT # 1,,Josh Gottheimer,2023-10-15,D, NJ05,House,,2023-10-16,-51.6063762148684,New Jersey,2023-11-16,2023-09-22,2023-10-15,TSLA,-11.009627460750826,-5.948493472470218,False,False
MA,ST,MASTERCARD INCORPORATED,"Friday, September 22, 2023",Purchase,"$1,001 - $15,000",NEW, MORGAN STANLEY - SELECT UMA ACCOUNT # 1,,Josh Gottheimer,2023-10-15,D, NJ05,House,,2023-10-16,-0.101428080802108,New Jersey,2023-11-16,2023-09-22,2023-10-15,MA,-2.2272117827198623,-4.601226110687806,False,False
AVGO,ST,BROADCOM INC.,"Friday, September 22, 2023",Purchase,"$1,001 - $15,000",NEW, MORGAN STANLEY - SELECT UMA ACCOUNT # 1,,Josh Gottheimer,2023-10-15,D, NJ05,House,,2023-10-16,30.6182432280672,New Jersey,2023-11-16,2023-09-22,2023-10-15,AVGO,6.381894564690482,26.09183873735006,True,True
KO,Stock,Coca-Cola Company,"Thursday, September 21, 2023",Sale (Full),"$100,001 - $250,000",New,,,"Ricketts, Pete",2023-10-20,R,,Senate,,2023-11-09,-14.0499706922294,Nebraska,2023-10-20,2023-09-21,2023-10-20,KO,3.404430534673364,8.385274437557166,True,True
GD,Stock,General Dynamics Corp,"Thursday, September 21, 2023",Sale (Full),"$100,001 - $250,000",New,,,"Ricketts, Pete",2023-10-20,R,,Senate,,2023-11-09,5.91880781687273,Nebraska,2023-10-20,2023-09-21,2023-10-20,GD,-7.715140494648676,-3.968279844227629,False,False
UNP,Stock,Union Pacific Corporation Common Stock,"Thursday, September 21, 2023",Sale (Full),"$100,001 - $250,000",New,,,"Ricketts, Pete",2023-10-20,R,,Senate,,2023-11-09,-2.6342092409384,Nebraska,2023-10-20,2023-09-21,2023-10-20,UNP,-0.8869219158941344,-4.000168662965309,False,False
CVS,Stock,CVS Health Corporation Common Stock,"Thursday, September 21, 2023",Sale (Full),"$50,001 - $100,000",New,,,"Ricketts, Pete",2023-10-20,R,,Senate,,2023-11-09,-10.4522194644311,Nebraska,2023-10-20,2023-09-21,2023-10-20,CVS,1.425166918044729,1.065005302358868,True,True
UNH,Stock,UnitedHealth Group Incorporated Common Stock (DE),"Thursday, September 21, 2023",Sale (Full),"$100,001 - $250,000",New,,,"Ricketts, Pete",2023-10-20,R,,Senate,,2023-11-09,-20.1760116608439,Nebraska,2023-10-20,2023-09-21,2023-10-20,UNH,-6.685479513193626,5.555661775379539,False,True
EMR,Stock,Emerson Electric Company,"Thursday, September 21, 2023",Sale (Full),"$100,001 - $250,000",New,,,"Ricketts, Pete",2023-10-20,R,,Senate,,2023-11-09,-3.50379362049429,Nebraska,2023-10-20,2023-09-21,2023-10-20,EMR,3.951483466918493,10.403492031894135,True,True
PLD,Stock,"Prologis, Inc. Common Stock","Thursday, September 21, 2023",Sale (Full),"$50,001 - $100,000",New,,,"Ricketts, Pete",2023-10-20,R,,Senate,,2023-11-09,-5.48466846457974,Nebraska,2023-10-20,2023-09-21,2023-10-20,PLD,9.38599060696358,-5.390930820784745,True,False
JNJ,Stock,Johnson & Johnson,"Thursday, September 21, 2023",Sale (Full),"$100,001 - $250,000",New,,,"Ricketts, Pete",2023-10-20,R,,Senate,,2023-11-09,-20.2693729650772,Nebraska,2023-10-20,2023-09-21,2023-10-20,JNJ,3.744065809774111,13.69683264968591,True,True
CAT,ST,"CATERPILLAR, INC.","Thursday, September 21, 2023",Sale,$848.75,NEW, BILL'S IRA,,William R. Keating,2023-09-28,D, MA09,House,,2023-09-30,9.43172528246395,Massachusetts,2023-11-16,2023-09-21,2023-09-28,CAT,6.474777878697546,2.0076479024345506,True,True
VZ,Stock,Verizon Communications Inc. Common Stock,"Thursday, September 21, 2023",Sale (Full),"$50,001 - $100,000",New,,,"Ricketts, Pete",2023-10-20,R,,Senate,,2023-11-09,0.507504599163489,Nebraska,2023-10-20,2023-09-21,2023-10-20,VZ,3.0986480906472047,-3.538725577468438,True,False
PNC,Stock,"PNC Financial Services Group, Inc. (The) Common St","Thursday, September 21, 2023",Sale (Full),"$50,001 - $100,000",New,,,"Ricketts, Pete",2023-10-20,R,,Senate,,2023-11-09,3.66441778660182,Nebraska,2023-10-20,2023-09-21,2023-10-20,PNC,7.590126589663571,-14.002689676666336,True,False
ADP,Stock,Automatic Data Procs,"Thursday, September 21, 2023",Sale (Full),"$50,001 - $100,000",New,,,"Ricketts, Pete",2023-10-20,R,,Senate,,2023-11-09,-16.7050111652981,Nebraska,2023-10-20,2023-09-21,2023-10-20,ADP,-3.6308949614711317,11.225596913494506,False,True
HTGC,ST,"HERCULES CAPITAL, INC.","Thursday, September 21, 2023",Purchase,"$1,001 - $15,000",NEW,,,Virginia Foxx,2023-10-06,R, NC05,House,,2023-10-09,-6.84823396934996,North Carolina,2023-11-16,2023-09-21,2023-10-06,HTGC,-3.6104373381585453,-8.75322772138305,False,False
LLY,ST,ELI LILLY AND COMPANY,"Thursday, September 21, 2023",Purchase,"$1,001 - $15,000",NEW, MORGAN STANLEY - SELECT UMA ACCOUNT # 1,,Josh Gottheimer,2023-10-15,D, NJ05,House,,2023-10-16,18.9727083533737,New Jersey,2023-11-16,2023-09-21,2023-10-15,LLY,7.42945823769372,-4.856878979673085,True,False
RTX,Stock,Rtx Corp,"Thursday, September 21, 2023",Sale (Full),"$1,001 - $15,000",New,,,"Capito, Shelley Moore",2023-10-14,R,,Senate,,2023-11-09,9.81556184671306,West Virginia,2023-10-15,2023-09-21,2023-10-14,RTX,-3.28333251771189,-3.8829395390480137,False,False
ABT,Stock,Abbott Laboratories,"Thursday, September 21, 2023",Sale (Full),"$100,001 - $250,000",New,,,"Ricketts, Pete",2023-10-20,R,,Senate,,2023-11-09,-1.37759841522628,Nebraska,2023-10-20,2023-09-21,2023-10-20,ABT,0.5752950951581459,-0.05468201966829511,True,False
PG,Stock,Procter & Gamble Company,"Thursday, September 21, 2023",Sale (Full),"$100,001 - $250,000",New,,,"Ricketts, Pete",2023-10-20,R,,Senate,,2023-11-09,-12.0433533855475,Nebraska,2023-10-20,2023-09-21,2023-10-20,PG,0.01381210127519017,13.916416877976944,True,True
MCD,Stock,McDonald&#39;s Corp,"Thursday, September 21, 2023",Sale (Full),"$100,001 - $250,000",New,,,"Ricketts, Pete",2023-10-20,R,,Senate,,2023-11-09,-15.1965682429097,Nebraska,2023-10-20,2023-09-21,2023-10-20,MCD,3.4637854617967423,1.95505578140458,True,True
VGR,ST,VECTOR GROUP LTD.,"Thursday, September 21, 2023",Sale,"$50,001 - $100,000",,,,Virginia Foxx,2023-10-06,R, NC05,House,,2023-10-09,-18.2092994683465,North Carolina,2023-11-16,2023-09-21,2023-10-06,VGR,0.4467788136428452,4.432858289682917,True,True
PM,Stock,Philip Morris International Inc,"Thursday, September 21, 2023",Sale (Full),"$100,001 - $250,000",New,,,"Ricketts, Pete",2023-10-20,R,,Senate,,2023-11-09,-19.8368903619925,Nebraska,2023-10-20,2023-09-21,2023-10-20,PM,2.603901349008464,12.604093106421832,True,True
MDT,Stock,Medtronic plc. Ordinary Shares,"Thursday, September 21, 2023",Sale (Full),"$50,001 - $100,000",New,,,"Ricketts, Pete",2023-10-20,R,,Senate,,2023-11-09,-14.2514322051101,Nebraska,2023-10-20,2023-09-21,2023-10-20,MDT,7.421052239517312,8.320498469124082,True,True
MRK,Stock,Merck & Company,"Thursday, September 21, 2023",Sale (Full),"$50,001 - $100,000",New,,,"Ricketts, Pete",2023-10-20,R,,Senate,,2023-11-09,-4.25930970532386,Nebraska,2023-10-20,2023-09-21,2023-10-20,MRK,0.558098164922527,9.790543794353635,True,True
WBD,Stock,"Warner Bros. Discovery, Inc. - Series A Common Sto","Wednesday, September 20, 2023",Sale (Full),"$1,001 - $15,000",New,,,"Whitehouse, Sheldon",2023-10-17,D,,Senate,,2023-11-09,-41.9200722219535,Rhode Island,2023-10-18,2023-09-20,2023-10-17,WBD,6.12957224127304,0.8396286271398434,True,True
MSFT,ST,MICROSOFT CORPORATION,"Wednesday, September 20, 2023",Purchase,"$1,001 - $15,000",NEW, TRUST ONE,20 SHARES SCHWAB + 20 MORE SCHWAB,Pete Sessions,2023-09-23,R, TX17,House,,2023-09-27,13.6379315488643,Texas,2023-11-16,2023-09-20,2023-09-23,MSFT,5.883673266029077,8.045870245803787,True,True
MMM,Stock,3M Company,"Wednesday, September 20, 2023",Sale (Full),"$15,001 - $50,000",New,,,"Whitehouse, Sheldon",2023-10-17,D,,Senate,,2023-11-09,-10.1096214517835,Rhode Island,2023-10-18,2023-09-20,2023-10-17,MMM,8.522583629790127,0.9838095427405102,True,True
SQ,Stock,"Block, Inc. Class A Common Stock,","Wednesday, September 20, 2023",Sale (Full),"$1,001 - $15,000",New,,,"Whitehouse, Sheldon",2023-10-17,D,,Senate,,2023-11-09,52.3496447169283,Rhode Island,2023-10-18,2023-09-20,2023-10-17,SQ,3.5024320799206143,-54.20050334483908,True,False
KVUE,Stock,Kenvue Inc,"Wednesday, September 20, 2023",Purchase,"$1,001 - $15,000",New,,,"Whitehouse, Sheldon",2023-10-17,D,,Senate,,2023-11-09,-18.8137804659646,Rhode Island,2023-10-18,2023-09-20,2023-10-17,KVUE,-1.4606831975107815,-5.541438734113457,False,False
PYPL,Stock,Paypal Holdings,"Wednesday, September 20, 2023",Sale (Full),"$1,001 - $15,000",New,,,"Whitehouse, Sheldon",2023-10-17,D,,Senate,,2023-11-09,-12.9111422472432,Rhode Island,2023-10-18,2023-09-20,2023-10-17,PYPL,8.22973205686035,4.785192312111719,True,True
T,Stock,AT&T Inc,"Wednesday, September 20, 2023",Sale (Full),"$15,001 - $50,000",New,,,"Whitehouse, Sheldon",2023-10-17,D,,Senate,,2023-11-09,-6.53463953636706,Rhode Island,2023-10-18,2023-09-20,2023-10-17,T,-2.951093399979754,1.501163639168701,False,True
LLY,Stock,Eli Lilly and Company,"Wednesday, September 20, 2023",Purchase,"$15,001 - $50,000",New,,,"Whitehouse, Sheldon",2023-10-17,D,,Senate,,2023-11-09,16.2132018825152,Rhode Island,2023-10-18,2023-09-20,2023-10-17,LLY,6.677583445525337,-6.532551449034263,True,False
VZ,Stock,Verizon Communications Inc,"Wednesday, September 20, 2023",Purchase,"$1,001 - $15,000",New,,,"Whitehouse, Sheldon",2023-10-17,D,,Senate,,2023-11-09,1.34882011759098,Rhode Island,2023-10-18,2023-09-20,2023-10-17,VZ,-1.997321842361266,3.4975938488085445,False,True
TSLA,Stock,Tesla Inc,"Wednesday, September 20, 2023",Purchase,"$1,001 - $15,000",New,,,"Whitehouse, Sheldon",2023-10-17,D,,Senate,,2023-11-09,-53.8899177573145,Rhode Island,2023-10-18,2023-09-20,2023-10-17,TSLA,-15.22523907833493,-10.362897818680828,False,False
C,Stock,Citigroup Inc,"Wednesday, September 20, 2023",Sale (Full),"$1,001 - $15,000",New,,,"Whitehouse, Sheldon",2023-10-17,D,,Senate,,2023-11-09,20.0129116407251,Rhode Island,2023-10-18,2023-09-20,2023-10-17,C,2.149509548884776,-12.084007634736981,True,False
INTC,Stock,Intel Corp,"Wednesday, September 20, 2023",Sale (Full),"$1,001 - $15,000",New,,,"Whitehouse, Sheldon",2023-10-17,D,,Senate,,2023-11-09,6.73632543681294,Rhode Island,2023-10-18,2023-09-20,2023-10-17,INTC,-4.707355450472095,-26.187739590081716,False,False
NVS,Stock,Novartis Ag ADR,"Wednesday, September 20, 2023",Purchase,"$15,001 - $50,000",New,,,"Whitehouse, Sheldon",2023-10-17,D,,Senate,,2023-11-09,-22.2728514222356,Rhode Island,2023-10-18,2023-09-20,2023-10-17,NVS,-4.5480522093522495,-13.425050849977172,False,False
WBD,Stock,"Warner Bros. Discovery, Inc. - Series A Common Sto","Wednesday, September 20, 2023",Sale (Full),"$1,001 - $15,000",New,,,"Whitehouse, Sheldon",2023-10-17,D,,Senate,,2023-11-09,-41.9200722219535,Rhode Island,2023-10-18,2023-09-20,2023-10-17,WBD,6.12957224127304,0.8396286271398434,True,True
T,Stock,AT&T Inc,"Wednesday, September 20, 2023",Sale (Full),"$1,001 - $15,000",New,,,"Whitehouse, Sheldon",2023-10-17,D,,Senate,,2023-11-09,-6.53463953636706,Rhode Island,2023-10-18,2023-09-20,2023-10-17,T,-2.951093399979754,1.501163639168701,False,True
NEE,ST,"NEXTERA ENERGY, INC.","Tuesday, September 19, 2023",Sale,"$15,001 - $50,000",NEW, MORGAN STANLEY TRUST ACCOUNT,,Jonathan Jackson,2023-11-01,D, IL01,House,,2023-11-02,-26.2052659216995,Illinois,2023-11-16,2023-09-19,2023-11-01,NEE,18.754240070318428,16.424425656934815,True,True
CHX,ST,CHAMPIONX CORPORATION,"Tuesday, September 19, 2023",Purchase,"$15,001 - $50,000",NEW, MORGAN STANLEY TRUST ACCOUNT,,Jonathan Jackson,2023-11-01,D, IL01,House,,2023-11-02,-26.4995602159938,Illinois,2023-11-16,2023-09-19,2023-11-01,CHX,-3.6711195019907272,-22.944739041982597,False,False
LIN,ST,LINDE PLC ORDINARY SHARES,"Tuesday, September 19, 2023",Purchase,"$1,001 - $15,000",NEW, HERN FAMILY REVOCABLE TRUST > BROKERAGE INVESTMENT ACCOUNT,DIVIDEND REINVESTMENT,Kevin Hern,2023-10-13,R, OK01,House,,2023-10-13,5.03258334939927,Oklahoma,2023-11-16,2023-09-19,2023-10-13,LIN,-1.3044453066012651,-1.7178234315000651,False,False
UNH,ST,UNITEDHEALTH GROUP INCORPORATED COMMON STOCK,"Tuesday, September 19, 2023",Purchase,"$1,001 - $15,000",NEW, HERN FAMILY REVOCABLE TRUST > BROKERAGE INVESTMENT ACCOUNT,DIVIDEND REINVESTMENT,Kevin Hern,2023-10-13,R, OK01,House,,2023-10-13,-12.9803945642605,Oklahoma,2023-11-16,2023-09-19,2023-10-13,UNH,14.338459880240595,2.8728182353089604,True,True
CRT,ST,CROSS TIMBERS ROYALTY TRUST,"Tuesday, September 19, 2023",Purchase,"$1,001 - $15,000",NEW,,,Virginia Foxx,2023-10-06,R, NC05,House,,2023-10-09,-33.4624754212755,North Carolina,2023-11-16,2023-09-19,2023-10-06,CRT,-8.193190997208388,-18.601948971533034,False,False
TXN,Stock Option,Texas Instruments Incorporated - Common Stock,"Monday, September 18, 2023",Sale (Full),"$1,001 - $15,000",New,,Option Type: Call Strike price: $180.00  Expires: 04/19/2024,"Tuberville, Tommy",2023-10-13,R,,Senate,,2023-11-09,-8.9125190065138,Alabama,2023-10-15,2023-09-18,2023-10-13,TXN,3.6421019441269076,3.6261112221013914,True,True
VGR,ST,VECTOR GROUP LTD.,"Monday, September 18, 2023",Purchase,"$1,001 - $15,000",NEW,,,Virginia Foxx,2023-10-06,R, NC05,House,,2023-10-09,-15.5080780576386,North Carolina,2023-11-16,2023-09-18,2023-10-06,VGR,4.132444860862861,-2.945919455051249,True,False
INTA,ST,"INTAPP, INC.","Monday, September 18, 2023",Purchase,"$1,001 - $15,000",NEW, MORGAN STANLEY - SELECT UMA ACCOUNT # 1,,Josh Gottheimer,2023-10-15,D, NJ05,House,,2023-10-16,-21.2668958878511,New Jersey,2023-11-16,2023-09-18,2023-10-15,INTA,6.419965759243529,4.4717811459976,True,True
FITB,Stock Option,Fifth Third Bancorp - Common Stock,"Monday, September 18, 2023",Sale (Full),"$1,001 - $15,000",New,,Option Type: Call Strike price: $30.00  Expires: 05/17/2024,"Tuberville, Tommy",2023-10-13,R,,Senate,,2023-11-09,15.0295964228485,Alabama,2023-10-15,2023-09-18,2023-10-13,FITB,6.058483275210181,-22.74777690036767,True,False
TXN,Stock,Texas Instruments Incorporated - Common Stock,"Monday, September 18, 2023",Purchase,"$100,001 - $250,000",New,,,"Tuberville, Tommy",2023-10-13,R,,Senate,,2023-11-09,-8.9125190065138,Alabama,2023-10-15,2023-09-18,2023-10-13,TXN,-3.6421019441269076,-3.6261112221013914,False,False
COST,Stock,Costco Wholesale Corporation - Common Stock,"Monday, September 18, 2023",Purchase,"$15,001 - $50,000",New,,,"Mullin, Markwayne",2023-10-12,R,,Senate,,2023-11-09,14.0869440946959,Oklahoma,2023-10-13,2023-09-18,2023-10-12,COST,5.237838411247697,14.616989404279401,True,True
VBTX,ST,"VERITEX HOLDINGS, INC.","Monday, September 18, 2023",Sale,"$1,001 - $15,000",NEW, MORGAN STANLEY - SELECT UMA ACCOUNT # 1,,Josh Gottheimer,2023-10-15,D, NJ05,House,,2023-10-16,-11.5394111154941,New Jersey,2023-11-16,2023-09-18,2023-10-15,VBTX,-4.615395338938177,-22.197661103990598,False,False
PHR,ST,"PHREESIA, INC.","Friday, September 15, 2023",Sale,"$1,001 - $15,000",NEW, MORGAN STANLEY - SELECT UMA ACCOUNT # 1,,Josh Gottheimer,2023-10-15,D, NJ05,House,,2023-10-16,3.99800677834605,New Jersey,2023-11-16,2023-09-15,2023-10-15,PHR,16.162523966894803,-6.675778745732197,True,False
NVZMY,ST,NOVOZYMES A/S UNSPONSORED AMERICAN DEPOSITARY RECEIPT,"Friday, September 15, 2023",Sale,"$1,001 - $15,000",NEW, MORGAN STANLEY - SELECT UMA ACCOUNT # 1,,Josh Gottheimer,2023-10-15,D, NJ05,House,,2023-10-16,25.4470609016302,New Jersey,2023-11-16,2023-09-15,2023-10-15,NVZMY,0.1799517863875999,-17.799000736559844,True,False
VBTX,ST,"VERITEX HOLDINGS, INC.","Friday, September 15, 2023",Sale,"$1,001 - $15,000",NEW, MORGAN STANLEY - SELECT UMA ACCOUNT # 1,,Josh Gottheimer,2023-10-15,D, NJ05,House,,2023-10-16,-15.0435597416178,New Jersey,2023-11-16,2023-09-15,2023-10-15,VBTX,-0.276299065006802,-18.387619046580774,False,False
SHLS,ST,"SHOALS TECHNOLOGIES GROUP, INC. - CLASS A","Friday, September 15, 2023",Sale,"$1,001 - $15,000",NEW, MORGAN STANLEY - SELECT UMA ACCOUNT # 1,,Josh Gottheimer,2023-10-15,D, NJ05,House,,2023-10-16,-57.5340377776549,New Jersey,2023-11-16,2023-09-15,2023-10-15,SHLS,23.002811431438385,30.823378450765038,True,True
ARQT,ST,"ARCUTIS BIOTHERAPEUTICS, INC. - COMMON STOCK","Friday, September 15, 2023",Sale,"$1,001 - $15,000",NEW, MORGAN STANLEY - SELECT UMA ACCOUNT # 1,,Josh Gottheimer,2023-10-15,D, NJ05,House,,2023-10-16,41.5445389028005,New Jersey,2023-11-16,2023-09-15,2023-10-15,ARQT,43.137250254356175,68.75158653075685,True,True
SMNNY,ST,SHIMANO INC UNSP/ADR,"Friday, September 15, 2023",Sale,"$1,001 - $15,000",NEW, MORGAN STANLEY - SELECT UMA ACCOUNT # 1,,Josh Gottheimer,2023-10-15,D, NJ05,House,,2023-10-16,-7.31437178036443,New Jersey,2023-11-16,2023-09-15,2023-10-15,SMNNY,-2.157710764232579,0.40159833112962673,False,True
AZTA,ST,"AZENTA, INC.","Friday, September 15, 2023",Sale,"$1,001 - $15,000",NEW, MORGAN STANLEY - SELECT UMA ACCOUNT # 1,,Josh Gottheimer,2023-10-15,D, NJ05,House,,2023-10-16,1.46795646245006,New Jersey,2023-11-16,2023-09-15,2023-10-15,AZTA,0.7816431862112005,-15.82899319987936,True,False
CCI,ST,CROWN CASTLE INC.,"Friday, September 15, 2023",Sale,"$1,001 - $15,000",NEW, MORGAN STANLEY - SELECT UMA ACCOUNT # 1,,Josh Gottheimer,2023-10-15,D, NJ05,House,,2023-10-16,-7.51105442912122,New Jersey,2023-11-16,2023-09-15,2023-10-15,CCI,2.1686357545820822,-10.35109372213443,True,False
MRNA,ST,"MODERNA, INC.","Friday, September 15, 2023",Sale,"$1,001 - $15,000",NEW, MORGAN STANLEY - SELECT UMA ACCOUNT # 1,,Josh Gottheimer,2023-10-15,D, NJ05,House,,2023-10-16,-24.3625147709048,New Jersey,2023-11-16,2023-09-15,2023-10-15,MRNA,18.042871135973005,31.112941581005515,True,True
FIS,ST,"FIDELITY NATIONAL INFORMATION SERVICES, INC.","Friday, September 15, 2023",Sale,"$1,001 - $15,000",NEW, MORGAN STANLEY - SELECT UMA ACCOUNT # 1,,Josh Gottheimer,2023-10-15,D, NJ05,House,,2023-10-16,6.48630499164436,New Jersey,2023-11-16,2023-09-15,2023-10-15,FIS,5.833876043510655,-0.031164486582779816,True,False
FANUY,ST,FANUC CORPORATION UNSPONSORED ADR,"Friday, September 15, 2023",Sale,"$1,001 - $15,000",NEW, MORGAN STANLEY - SELECT UMA ACCOUNT # 1,,Josh Gottheimer,2023-10-15,D, NJ05,House,,2023-10-16,-8.93492330199813,New Jersey,2023-11-16,2023-09-15,2023-10-15,FANUY,0.3310431589198637,3.261708792089024,True,True
FOXF,ST,FOX FACTORY HOLDING CORP.,"Friday, September 15, 2023",Sale,"$1,001 - $15,000",NEW, MORGAN STANLEY - SELECT UMA ACCOUNT # 1,,Josh Gottheimer,2023-10-15,D, NJ05,House,,2023-10-16,-69.8414352229405,New Jersey,2023-11-16,2023-09-15,2023-10-15,FOXF,7.632460037925037,42.102915312099185,True,True
NEE,ST,"NEXTERA ENERGY, INC.","Friday, September 15, 2023",Purchase,"$1,001 - $15,000",NEW, HERN FAMILY REVOCABLE TRUST > BROKERAGE INVESTMENT ACCOUNT,DIVIDEND REINVESTMENT,Kevin Hern,2023-10-13,R, OK01,House,,2023-10-13,-27.4608316444202,Oklahoma,2023-11-16,2023-09-15,2023-10-13,NEE,-19.051809146831754,-14.586974328991364,False,False
ALGT,ST,ALLEGIANT TRAVEL COMPANY,"Friday, September 15, 2023",Sale,"$1,001 - $15,000",NEW, MORGAN STANLEY - SELECT UMA ACCOUNT # 1,,Josh Gottheimer,2023-10-15,D, NJ05,House,,2023-10-16,-35.1010408975327,New Jersey,2023-11-16,2023-09-15,2023-10-15,ALGT,9.939278758624337,10.138061111004715,True,True
D,ST,"DOMINION ENERGY, INC.","Friday, September 15, 2023",Sale,"$15,001 - $50,000",NEW, MORGAN STANLEY - SELECT UMA ACCOUNT # 1,,Josh Gottheimer,2023-10-15,D, NJ05,House,,2023-10-16,-16.289742229056,New Jersey,2023-11-16,2023-09-15,2023-10-15,D,11.171326770889124,4.626119230160897,True,True
IART,ST,INTEGRA LIFESCIENCES HOLDINGS CORPORATION,"Friday, September 15, 2023",Sale,"$1,001 - $15,000",NEW, MORGAN STANLEY - SELECT UMA ACCOUNT # 1,,Josh Gottheimer,2023-10-15,D, NJ05,House,,2023-10-16,-27.430039827103,New Jersey,2023-11-16,2023-09-15,2023-10-15,IART,1.4309291765421395,-3.7661169827985175,True,False
SBUX,ST,STARBUCKS CORPORATION,"Friday, September 15, 2023",Sale,"$1,001 - $15,000",NEW, MORGAN STANLEY - SELECT UMA ACCOUNT # 1,,Josh Gottheimer,2023-10-15,D, NJ05,House,,2023-10-16,-21.3393404714898,New Jersey,2023-11-16,2023-09-15,2023-10-15,SBUX,0.957831528963693,4.376609754306537,True,True
BCRX,ST,"BIOCRYST PHARMACEUTICALS, INC.","Friday, September 15, 2023",Sale,"$1,001 - $15,000",NEW, MORGAN STANLEY - SELECT UMA ACCOUNT # 1,,Josh Gottheimer,2023-10-15,D, NJ05,House,,2023-10-16,-41.9972684436307,New Jersey,2023-11-16,2023-09-15,2023-10-15,BCRX,11.561422622597828,12.18106538703111,True,True
XNGSY,ST,ENN ENERGY HOLDINGS LTD UNSPONSORED ADR,"Friday, September 15, 2023",Sale,"$1,001 - $15,000",NEW, MORGAN STANLEY - SELECT UMA ACCOUNT # 1,,Josh Gottheimer,2023-10-15,D, NJ05,House,,2023-10-16,-3.99097825529338,New Jersey,2023-11-16,2023-09-15,2023-10-15,XNGSY,-10.552712190271595,13.214154936944212,False,True
IFF,ST,"INTERNATIONAL FLAVORS & FRAGRANCES, INC.","Friday, September 15, 2023",Sale,"$1,001 - $15,000",NEW,,,Robert J. Wittman,2023-10-19,R, VA01,House,,2023-10-20,4.9955485672098,Virginia,2023-11-16,2023-09-15,2023-10-19,IFF,2.12903922149289,-10.083557861407133,True,False
PNGAY,ST,PING AN INSURANCE,"Friday, September 15, 2023",Sale,"$1,001 - $15,000",NEW, MORGAN STANLEY - SELECT UMA ACCOUNT # 1,,Josh Gottheimer,2023-10-15,D, NJ05,House,,2023-10-16,-39.2907563113906,New Jersey,2023-11-16,2023-09-15,2023-10-15,PNGAY,4.474406374608209,33.68786286288072,True,True
CSPCY,ST,CSPC PHARMS GRP U/ADR,"Friday, September 15, 2023",Sale,"$1,001 - $15,000",NEW, MORGAN STANLEY - SELECT UMA ACCOUNT # 1,,Josh Gottheimer,2023-10-15,D, NJ05,House,,2023-10-16,0.31615327542184,New Jersey,2023-11-16,2023-09-15,2023-10-15,CSPCY,-0.7028396973726481,-13.133992071525856,False,False
FSLR,ST,"FIRST SOLAR, INC.","Friday, September 15, 2023",Sale,"$1,001 - $15,000",NEW, MORGAN STANLEY - SELECT UMA ACCOUNT # 1,,Josh Gottheimer,2023-10-15,D, NJ05,House,,2023-10-16,-30.2901702651981,New Jersey,2023-11-16,2023-09-15,2023-10-15,FSLR,11.353460610989053,15.127530112971144,True,True
NCLTY,ST,NITORI HOLDINGS CO U/ADR,"Friday, September 15, 2023",Sale,"$1,001 - $15,000",NEW, MORGAN STANLEY - SELECT UMA ACCOUNT # 1,,Josh Gottheimer,2023-10-15,D, NJ05,House,,2023-10-16,14.9929950513145,New Jersey,2023-11-16,2023-09-15,2023-10-15,NCLTY,8.924112794794059,-1.957141688619668,True,False
VIAV,ST,VIAVI SOLUTIONS INC.,"Friday, September 15, 2023",Sale,"$1,001 - $15,000",NEW, MORGAN STANLEY - SELECT UMA ACCOUNT # 1,,Josh Gottheimer,2023-10-15,D, NJ05,House,,2023-10-16,-14.8884463309182,New Jersey,2023-11-16,2023-09-15,2023-10-15,VIAV,15.63715893867661,8.486232813861195,True,True
GMAB,ST,GENMAB A/S - AMERICAN DEPOSITARY SHARES,"Friday, September 15, 2023",Sale,"$1,001 - $15,000",NEW, MORGAN STANLEY - SELECT UMA ACCOUNT # 1,,Josh Gottheimer,2023-10-15,D, NJ05,House,,2023-10-16,-36.1590055084709,New Jersey,2023-11-16,2023-09-15,2023-10-15,GMAB,12.573752528415504,23.032296950932064,True,True
FIS,ST,"FIDELITY NATIONAL INFORMATION SERVICES, INC.","Friday, September 15, 2023",Sale,"$1,001 - $15,000",NEW,,,Robert J. Wittman,2023-10-19,R, VA01,House,,2023-10-20,6.48630499164436,Virginia,2023-11-16,2023-09-15,2023-10-19,FIS,5.833876043510655,-0.031164486582779816,True,False
VCYT,ST,"VERACYTE, INC.","Friday, September 15, 2023",Sale,"$1,001 - $15,000",NEW, MORGAN STANLEY - SELECT UMA ACCOUNT # 1,,Josh Gottheimer,2023-10-15,D, NJ05,House,,2023-10-16,-30.75843224741,New Jersey,2023-11-16,2023-09-15,2023-10-15,VCYT,13.326648003563124,-7.523183469559913,True,False
ADYEY,ST,ADYEN NV UNSP/ADR,"Friday, September 15, 2023",Sale,"$1,001 - $15,000",NEW, MORGAN STANLEY - SELECT UMA ACCOUNT # 1,,Josh Gottheimer,2023-10-15,D, NJ05,House,,2023-10-16,93.8490809583684,New Jersey,2023-11-16,2023-09-15,2023-10-15,ADYEY,-2.646731991202189,-65.19042389878398,False,False
GOOG,ST,ALPHABET INC. - CLASS C CAPITAL STOCK,"Friday, September 15, 2023",Purchase,"$1,001 - $15,000",NEW, MORGAN STANLEY - SELECT UMA ACCOUNT # 1,,Josh Gottheimer,2023-10-15,D, NJ05,House,,2023-10-16,-12.1917045314753,New Jersey,2023-11-16,2023-09-15,2023-10-15,GOOG,3.3067626977791975,-9.737317233282738,True,False
VZ,ST,VERIZON COMMUNICATIONS INC.,"Friday, September 15, 2023",Sale,"$1,001 - $15,000",NEW, MORGAN STANLEY - SELECT UMA ACCOUNT # 1,,Josh Gottheimer,2023-10-15,D, NJ05,House,,2023-10-16,1.8789269495556,New Jersey,2023-11-16,2023-09-15,2023-10-15,VZ,5.793772507046735,-6.0248947533647845,True,False
EXAS,ST,EXACT SCIENCES CORPORATION,"Friday, September 15, 2023",Sale,"$1,001 - $15,000",NEW, MORGAN STANLEY - SELECT UMA ACCOUNT # 1,,Josh Gottheimer,2023-10-15,D, NJ05,House,,2023-10-16,-39.7291449690716,New Jersey,2023-11-16,2023-09-15,2023-10-15,EXAS,10.991933050455472,17.630268377796,True,True
SLGN,ST,SILGAN HOLDINGS INC.,"Friday, September 15, 2023",Sale,"$1,001 - $15,000",NEW, MORGAN STANLEY - SELECT UMA ACCOUNT # 1,,Josh Gottheimer,2023-10-15,D, NJ05,House,,2023-10-16,-13.8081509917396,New Jersey,2023-11-16,2023-09-15,2023-10-15,SLGN,4.299483872992926,5.004224861863715,True,True
DAVA,ST,ENDAVA PLC AMERICAN DEPOSITARY SHARES,"Friday, September 15, 2023",Sale,"$1,001 - $15,000",NEW, MORGAN STANLEY - SELECT UMA ACCOUNT # 1,,Josh Gottheimer,2023-10-15,D, NJ05,House,,2023-10-16,-44.8673168163328,New Jersey,2023-11-16,2023-09-15,2023-10-15,DAVA,-14.045976395371518,-30.477722917045824,False,False
SHYF,ST,"THE SHYFT GROUP, INC.","Friday, September 15, 2023",Sale,"$1,001 - $15,000",NEW, MORGAN STANLEY - SELECT UMA ACCOUNT # 1,,Josh Gottheimer,2023-10-15,D, NJ05,House,,2023-10-16,-45.6945587016767,New Jersey,2023-11-16,2023-09-15,2023-10-15,SHYF,7.326530430607736,22.339272764620567,True,True
TWKS,ST,"THOUGHTWORKS HOLDING, INC.","Friday, September 15, 2023",Sale,"$1,001 - $15,000",NEW, MORGAN STANLEY - SELECT UMA ACCOUNT # 1,,Josh Gottheimer,2023-10-15,D, NJ05,House,,2023-10-16,-59.4594951329257,New Jersey,2023-11-16,2023-09-15,2023-10-15,TWKS,10.4663636145103,0.4063362501084411,True,True
UTZ,ST,UTZ BRANDS INC CLASS A,"Friday, September 15, 2023",Sale,"$1,001 - $15,000",NEW, MORGAN STANLEY - SELECT UMA ACCOUNT # 1,,Josh Gottheimer,2023-10-15,D, NJ05,House,,2023-10-16,12.1558786980403,New Jersey,2023-11-16,2023-09-15,2023-10-15,UTZ,15.30396592631601,5.212274073273737,True,True
SGIOY,ST,SHIONOGI & CO LTD UNSPONSORED ADR,"Friday, September 15, 2023",Sale,"$1,001 - $15,000",NEW, MORGAN STANLEY - SELECT UMA ACCOUNT # 1,,Josh Gottheimer,2023-10-15,D, NJ05,House,,2023-10-16,-2.10722612290162,New Jersey,2023-11-16,2023-09-15,2023-10-15,SGIOY,-2.173027238266123,-3.3956011191661473,False,False
MSFT,ST,MICROSOFT CORPORATION,"Friday, September 15, 2023",Sale,"$15,001 - $50,000",NEW,,,Michael C. Burgess,2023-10-03,R, TX26,House,,2023-10-04,11.1138404079334,Texas,2023-11-16,2023-09-15,2023-10-03,MSFT,-2.4560957013846862,-4.764322831826573,False,False
HD,ST,"HOME DEPOT, INC.","Thursday, September 14, 2023",Purchase,"$1,001 - $15,000",NEW,,REINVEST SHARES,Lloyd Doggett,2023-10-05,D, TX37,House,,2023-10-08,-0.32946316250518,Texas,2023-11-16,2023-09-14,2023-10-05,HD,-6.880622596674302,-0.30617762821771866,False,False
TXN,Stock,Texas Instruments Incorporated - Common Stock,"Thursday, September 14, 2023",Purchase,"$50,001 - $100,000",New,,,"Tuberville, Tommy",2023-10-13,R,,Senate,,2023-11-09,-9.65999785095164,Alabama,2023-10-15,2023-09-14,2023-10-13,TXN,-4.157933535292935,-7.037036287936916,False,False
HD,ST,"HOME DEPOT, INC.","Thursday, September 14, 2023",Purchase,"$1,001 - $15,000",,,,Kevin Hern,2023-10-13,R, OK01,House,,2023-10-13,-0.32946316250518,Oklahoma,2023-11-16,2023-09-14,2023-10-13,HD,-6.880622596674302,-0.30617762821771866,False,False
CLF,Stock,Cleveland-Cliffs Inc. Common Stock,"Thursday, September 14, 2023",Purchase,"$1,001 - $15,000",New,,,"Tuberville, Tommy",2023-10-13,R,,Senate,,2023-11-09,21.6009041485533,Alabama,2023-10-15,2023-09-14,2023-10-13,CLF,7.979806189191995,19.18262584646242,True,True
HD,ST,"HOME DEPOT, INC.","Thursday, September 14, 2023",Purchase,"$1,001 - $15,000",NEW, HERN FAMILY FOUNDATION,DIVIDEND REINVESTMENT,Kevin Hern,2023-10-13,R, OK01,House,,2023-10-13,-0.32946316250518,Oklahoma,2023-11-16,2023-09-14,2023-10-13,HD,-6.880622596674302,-0.30617762821771866,False,False
UNP,ST,UNION PACIFIC CORPORATION,"Wednesday, September 13, 2023",Sale,"$1,001 - $15,000",NEW, NORTHWESTERN MUTUAL - JOINT,,John Curtis,2023-10-04,R, UT03,House,,2023-10-05,0.546280997664669,Utah,2023-11-16,2023-09-13,2023-10-04,UNP,-1.0614013130778255,-5.850442771524933,False,False
AXP,Stock,American Express Company Common Stock,"Wednesday, September 13, 2023",Purchase,"$15,001 - $50,000",New,,,"Mullin, Markwayne",2023-10-12,R,,Senate,,2023-11-09,22.7365466989553,Oklahoma,2023-10-13,2023-09-13,2023-10-12,AXP,-1.9259759657864084,3.532252478560882,False,True
HON,Stock,Honeywell International Inc,"Wednesday, September 13, 2023",Purchase,"$15,001 - $50,000",New,,,"Mullin, Markwayne",2023-10-12,R,,Senate,,2023-11-09,-11.3549260857971,Oklahoma,2023-10-13,2023-09-13,2023-10-12,HON,-1.0650659873740587,1.2322860939526947,False,True
UNP,Stock,Union Pacific Corporation Common Stock,"Wednesday, September 13, 2023",Purchase,"$15,001 - $50,000",New,,,"Mullin, Markwayne",2023-10-12,R,,Senate,,2023-11-09,0.546280997664669,Oklahoma,2023-10-13,2023-09-13,2023-10-12,UNP,1.0614013130778255,5.850442771524933,True,True
KO,Stock,Coca-Cola Company,"Wednesday, September 13, 2023",Purchase,"$15,001 - $50,000",New,,,"Mullin, Markwayne",2023-10-12,R,,Senate,,2023-11-09,-12.0747426259298,Oklahoma,2023-10-13,2023-09-13,2023-10-12,KO,-6.370743665852984,-2.268503449299475,False,False
LRCX,Stock,Lam Research Corp,"Wednesday, September 13, 2023",Purchase,"$15,001 - $50,000",New,,,"Mullin, Markwayne",2023-10-12,R,,Senate,,2023-11-09,23.6341488818174,Oklahoma,2023-10-13,2023-09-13,2023-10-12,LRCX,1.0704895990578778,7.0739090324450915,True,True
EMR,Stock,Emerson Electric Company,"Wednesday, September 13, 2023",Purchase,"$15,001 - $50,000",New,,,"Mullin, Markwayne",2023-10-12,R,,Senate,,2023-11-09,-1.32218261772301,Oklahoma,2023-10-13,2023-09-13,2023-10-12,EMR,0.13682406420270077,-11.357391514351589,True,False
RTX,Stock,RTX Corporation Common Stock,"Wednesday, September 13, 2023",Purchase,"$15,001 - $50,000",New,,,"Mullin, Markwayne",2023-10-12,R,,Senate,,2023-11-09,8.44954529190857,Oklahoma,2023-10-13,2023-09-13,2023-10-12,RTX,0.06900519451107368,3.3070829225220644,True,True
GOOGL,Stock,Alphabet Cl A,"Wednesday, September 13, 2023",Purchase,"$15,001 - $50,000",New,,,"Mullin, Markwayne",2023-10-12,R,,Senate,,2023-11-09,-11.2691133595846,Oklahoma,2023-10-13,2023-09-13,2023-10-12,GOOGL,3.601629682555585,-7.010319814555476,True,False
COP,Stock,ConocoPhillips Common Stock,"Wednesday, September 13, 2023",Purchase,"$15,001 - $50,000",New,,,"Mullin, Markwayne",2023-10-12,R,,Senate,,2023-11-09,-16.3947481593835,Oklahoma,2023-10-13,2023-09-13,2023-10-12,COP,5.211044029665512,-13.143376157633146,True,False
PG,Stock,Procter & Gamble Company,"Wednesday, September 13, 2023",Purchase,"$15,001 - $50,000",New,,,"Mullin, Markwayne",2023-10-12,R,,Senate,,2023-11-09,-9.12369304269022,Oklahoma,2023-10-13,2023-09-13,2023-10-12,PG,-2.360789424633858,-8.61588772510078,False,False
EW,Stock,Edwards Lifesciences Corporation Common Stock,"Wednesday, September 13, 2023",Purchase,"$15,001 - $50,000",New,,,"Mullin, Markwayne",2023-10-12,R,,Senate,,2023-11-09,11.6194532482671,Oklahoma,2023-10-13,2023-09-13,2023-10-12,EW,-0.1401900749053997,-5.298446956968794,False,False
QCOM,Stock Option,QUALCOMM Incorporated - Common Stock,"Wednesday, September 13, 2023",Sale (Full),"$15,001 - $50,000",New,,Option Type: Put Strike price: $110.00  Expires: 06/21/2024,"Tuberville, Tommy",2023-10-13,R,,Senate,,2023-11-09,33.8986916656513,Alabama,2023-10-15,2023-09-13,2023-10-13,QCOM,0.4072017382691806,-17.396887388116646,True,False
PANW,ST,"PALO ALTO NETWORKS, INC.","Wednesday, September 13, 2023",Purchase,"$1,001 - $15,000",NEW, NORTHWESTERN MUTUAL - JOINT,,John Curtis,2023-10-04,R, UT03,House,,2023-10-05,0.0253233802966317,Utah,2023-11-16,2023-09-13,2023-10-04,PANW,8.449168781970739,20.12780860297836,True,True
INTC,Stock Option,Intel Corporation - Common Stock,"Wednesday, September 13, 2023",Sale (Full),"$1,001 - $15,000",New,,Option Type: Call Strike price: $45.00  Expires: 04/19/2024,"Tuberville, Tommy",2023-10-13,R,,Senate,,2023-11-09,-4.38639293781036,Alabama,2023-10-15,2023-09-13,2023-10-13,INTC,3.9520938268998718,-9.823620667884402,True,False
AAPL,Stock,Apple Inc. - Common Stock,"Wednesday, September 13, 2023",Purchase,"$50,001 - $100,000",New,,,"Mullin, Markwayne",2023-10-12,R,,Senate,,2023-11-09,-15.4514999134774,Oklahoma,2023-10-13,2023-09-13,2023-10-12,AAPL,5.789626872116205,7.821970386265176,True,True
SPGI,Stock,S&P Global Inc. Common Stock,"Wednesday, September 13, 2023",Purchase,"$15,001 - $50,000",New,,,"Mullin, Markwayne",2023-10-12,R,,Senate,,2023-11-09,-6.08427453929935,Oklahoma,2023-10-13,2023-09-13,2023-10-12,SPGI,-3.5789714865258615,5.5351307969923935,False,True
LLY,ST,ELI LILLY AND COMPANY,"Wednesday, September 13, 2023",Purchase,"$1,001 - $15,000",NEW, NORTHWESTERN MUTUAL - JOINT,,John Curtis,2023-10-04,R, UT03,House,,2023-10-05,11.3912611286489,Utah,2023-11-16,2023-09-13,2023-10-04,LLY,4.849393049727768,-6.303169915588713,True,False
LLY,Stock,Eli Lilly and Company,"Wednesday, September 13, 2023",Purchase,"$15,001 - $50,000",New,,,"Mullin, Markwayne",2023-10-12,R,,Senate,,2023-11-09,11.3912611286489,Oklahoma,2023-10-13,2023-09-13,2023-10-12,LLY,4.849393049727768,-6.303169915588713,True,False
MRK,ST,"MERCK & COMPANY, INC. COMMON STOCK","Wednesday, September 13, 2023",Sale,"$1,001 - $15,000",NEW,,,Michael C. Burgess,2023-10-03,R, TX26,House,,2023-10-04,-1.82199171251402,Texas,2023-11-16,2023-09-13,2023-10-03,MRK,0.3985400779077941,7.145507758923763,True,True
V,Stock,Visa Inc,"Wednesday, September 13, 2023",Purchase,"$15,001 - $50,000",New,,,"Mullin, Markwayne",2023-10-12,R,,Senate,,2023-11-09,-0.331488800797493,Oklahoma,2023-10-13,2023-09-13,2023-10-12,V,-0.9734106702357637,0.7876450904078514,False,True
QCOM,Stock,QUALCOMM Incorporated - Common Stock,"Wednesday, September 13, 2023",Sale (Full),"$250,001 - $500,000",New,,,"Tuberville, Tommy",2023-10-13,R,,Senate,,2023-11-09,33.8986916656513,Alabama,2023-10-15,2023-09-13,2023-10-13,QCOM,0.4072017382691806,-17.396887388116646,True,False
TMUS,Stock,T-Mobile US,"Wednesday, September 13, 2023",Purchase,"$15,001 - $50,000",New,,,"Mullin, Markwayne",2023-10-12,R,,Senate,,2023-11-09,-0.185451443889354,Oklahoma,2023-10-13,2023-09-13,2023-10-12,TMUS,3.2463152183967225,9.439724423457129,True,True
ELV,Stock,"Elevance Health, Inc. Common Stock","Wednesday, September 13, 2023",Purchase,"$15,001 - $50,000",New,,,"Mullin, Markwayne",2023-10-12,R,,Senate,,2023-11-09,1.23095181366907,Oklahoma,2023-10-13,2023-09-13,2023-10-12,ELV,5.590125811609237,5.1567537449437095,True,True
CAT,Stock,"Caterpillar, Inc. Common Stock","Wednesday, September 13, 2023",Purchase,"$15,001 - $50,000",New,,,"Mullin, Markwayne",2023-10-12,R,,Senate,,2023-11-09,11.2114091199859,Oklahoma,2023-10-13,2023-09-13,2023-10-12,CAT,0.23402867866806343,-9.196965758297404,True,False
MA,Stock,Mastercard Inc,"Wednesday, September 13, 2023",Purchase,"$15,001 - $50,000",New,,,"Mullin, Markwayne",2023-10-12,R,,Senate,,2023-11-09,-0.239024524596143,Oklahoma,2023-10-13,2023-09-13,2023-10-12,MA,-1.2624843425539156,-2.8764926811192026,False,False
JPM,Stock,JP Morgan Chase & Co. Common Stock,"Wednesday, September 13, 2023",Purchase,"$15,001 - $50,000",New,,,"Mullin, Markwayne",2023-10-12,R,,Senate,,2023-11-09,15.4386522216242,Oklahoma,2023-10-13,2023-09-13,2023-10-12,JPM,4.212164035269083,5.691883718505064,True,True
CRM,Stock,"Salesforce, Inc. Common Stock","Wednesday, September 13, 2023",Purchase,"$15,001 - $50,000",New,,,"Mullin, Markwayne",2023-10-12,R,,Senate,,2023-11-09,19.9813013548652,Oklahoma,2023-10-13,2023-09-13,2023-10-12,CRM,-3.3683433475446,13.262063061403385,False,True
AMZN,Stock,Amazon.com Inc,"Wednesday, September 13, 2023",Purchase,"$50,001 - $100,000",New,,,"Mullin, Markwayne",2023-10-12,R,,Senate,,2023-11-09,5.87541327421186,Oklahoma,2023-10-13,2023-09-13,2023-10-12,AMZN,-7.27079561583156,-2.1297721680909376,False,False
TXN,Stock,Texas Instruments Incorporated - Common Stock,"Wednesday, September 13, 2023",Purchase,"$15,001 - $50,000",New,,,"Mullin, Markwayne",2023-10-12,R,,Senate,,2023-11-09,-9.57409672568481,Oklahoma,2023-10-13,2023-09-13,2023-10-12,TXN,-3.937587648068075,-7.86366606275708,False,False
DE,Stock,Deere & Company,"Wednesday, September 13, 2023",Purchase,"$15,001 - $50,000",New,,,"Mullin, Markwayne",2023-10-12,R,,Senate,,2023-11-09,-19.2226956624943,Oklahoma,2023-10-13,2023-09-13,2023-10-12,DE,-2.2364299903272267,-14.596057889173775,False,False
JNJ,ST,JOHNSON & JOHNSON,"Wednesday, September 13, 2023",Sale,"$1,001 - $15,000",NEW, NORTHWESTERN MUTUAL - JOINT,,John Curtis,2023-10-04,R, UT03,House,,2023-10-05,-18.0817072916022,Utah,2023-11-16,2023-09-13,2023-10-04,JNJ,1.2277483320537685,9.384791072048648,True,True
ZTS,Stock,Zoetis Inc. Class A Common Stock,"Wednesday, September 13, 2023",Purchase,"$15,001 - $50,000",New,,,"Mullin, Markwayne",2023-10-12,R,,Senate,,2023-11-09,-19.7201270156674,Oklahoma,2023-10-13,2023-09-13,2023-10-12,ZTS,-1.0606353342770602,1.2578610614936814,False,True
BSX,Stock,Boston Scientific Corp,"Wednesday, September 13, 2023",Purchase,"$15,001 - $50,000",New,,,"Mullin, Markwayne",2023-10-12,R,,Senate,,2023-11-09,9.9536728686588,Oklahoma,2023-10-13,2023-09-13,2023-10-12,BSX,-3.7911185378485923,1.2237365456808647,False,True
QCOM,Stock Option,QUALCOMM Incorporated - Common Stock,"Wednesday, September 13, 2023",Purchase,"$1,001 - $15,000",New,,Option Type: Call Strike price: $125.00  Expires: 03/15/2024,"Tuberville, Tommy",2023-10-13,R,,Senate,,2023-11-09,33.8986916656513,Alabama,2023-10-15,2023-09-13,2023-10-13,QCOM,-0.4072017382691806,17.396887388116646,False,True
EMR,ST,EMERSON ELECTRIC COMPANY,"Wednesday, September 13, 2023",Purchase,"$1,001 - $15,000",NEW, NORTHWESTERN MUTUAL - JOINT,,John Curtis,2023-10-04,R, UT03,House,,2023-10-05,-1.32218261772301,Utah,2023-11-16,2023-09-13,2023-10-04,EMR,0.13682406420270077,-11.357391514351589,True,False
PANW,Stock,"Palo Alto Networks, Inc. - Common Stock","Wednesday, September 13, 2023",Purchase,"$15,001 - $50,000",New,,,"Mullin, Markwayne",2023-10-12,R,,Senate,,2023-11-09,0.0253233802966317,Oklahoma,2023-10-13,2023-09-13,2023-10-12,PANW,8.449168781970739,20.12780860297836,True,True
AMAT,Stock,"Applied Materials, Inc. - Common Stock","Wednesday, September 13, 2023",Purchase,"$15,001 - $50,000",New,,,"Mullin, Markwayne",2023-10-12,R,,Senate,,2023-11-09,22.8591720225471,Oklahoma,2023-10-13,2023-09-13,2023-10-12,AMAT,0.7468679364172837,4.797127824683423,True,True
ADBE,Stock,Adobe Systems Inc,"Wednesday, September 13, 2023",Purchase,"$15,001 - $50,000",New,,,"Mullin, Markwayne",2023-10-12,R,,Senate,,2023-11-09,-25.5764555631947,Oklahoma,2023-10-13,2023-09-13,2023-10-12,ADBE,2.2590626951185966,10.524535495272058,True,True
ADBE,ST,ADOBE INC.,"Wednesday, September 13, 2023",Sale,"$1,001 - $15,000",NEW, NORTHWESTERN MUTUAL - JOINT,,John Curtis,2023-10-04,R, UT03,House,,2023-10-05,-25.5764555631947,Utah,2023-11-16,2023-09-13,2023-10-04,ADBE,-2.2590626951185966,-10.524535495272058,False,False
CSX,Stock,CSX Corporation - Common Stock,"Wednesday, September 13, 2023",Purchase,"$15,001 - $50,000",New,,,"Mullin, Markwayne",2023-10-12,R,,Senate,,2023-11-09,6.67430641974964,Oklahoma,2023-10-13,2023-09-13,2023-10-12,CSX,5.224533824257172,4.97260047667154,True,True
NVDA,Stock,NVIDIA Corporation - Common Stock,"Wednesday, September 13, 2023",Purchase,"$15,001 - $50,000",New,,,"Mullin, Markwayne",2023-10-12,R,,Senate,,2023-11-09,78.5721073521413,Oklahoma,2023-10-13,2023-09-13,2023-10-12,NVDA,3.0734059603212627,0.8297661847091575,True,True
AMD,Stock,"Advanced Micro Devices, Inc. - Common Stock","Wednesday, September 13, 2023",Purchase,"$15,001 - $50,000",New,,,"Mullin, Markwayne",2023-10-12,R,,Senate,,2023-11-09,62.8449071980995,Oklahoma,2023-10-13,2023-09-13,2023-10-12,AMD,0.6937150741824993,23.814290528096336,True,True
VLO,Stock,Valero Energy Corporation Common Stock,"Wednesday, September 13, 2023",Purchase,"$50,001 - $100,000",New,,,"Mullin, Markwayne",2023-10-12,R,,Senate,,2023-11-09,-2.01475004454943,Oklahoma,2023-10-13,2023-09-13,2023-10-12,VLO,-10.229607925187578,-20.841226059237595,False,False
ABT,Stock,Abbott Laboratories Common Stock,"Wednesday, September 13, 2023",Purchase,"$15,001 - $50,000",New,,,"Mullin, Markwayne",2023-10-12,R,,Senate,,2023-11-09,-2.07410875308472,Oklahoma,2023-10-13,2023-09-13,2023-10-12,ABT,-8.384195279066109,-0.05995791256845351,False,False
GS,Stock,"Goldman Sachs Group, Inc. (The) Common Stock","Wednesday, September 13, 2023",Purchase,"$15,001 - $50,000",New,,,"Mullin, Markwayne",2023-10-12,R,,Senate,,2023-11-09,1.05316730598801,Oklahoma,2023-10-13,2023-09-13,2023-10-12,GS,-4.53996082385959,1.3175566384107995,False,True
UNH,Stock,Unitedhealth Group Inc,"Wednesday, September 13, 2023",Purchase,"$15,001 - $50,000",New,,,"Mullin, Markwayne",2023-10-12,R,,Senate,,2023-11-09,-12.2505455800973,Oklahoma,2023-10-13,2023-09-13,2023-10-12,UNH,15.538651939164117,9.784134975415771,True,True
DHR,Stock,Danaher Corporation Common Stock,"Wednesday, September 13, 2023",Purchase,"$15,001 - $50,000",New,,,"Mullin, Markwayne",2023-10-12,R,,Senate,,2023-11-09,-3.10161708775349,Oklahoma,2023-10-13,2023-09-13,2023-10-12,DHR,-3.296074363741497,-5.756488290794859,False,False
CVX,Stock,Chevron Corp,"Wednesday, September 13, 2023",Purchase,"$15,001 - $50,000",New,,,"Mullin, Markwayne",2023-10-12,R,,Senate,,2023-11-09,-20.9467505726159,Oklahoma,2023-10-13,2023-09-13,2023-10-12,CVX,1.8385702184428587,-18.20536253599713,True,False
HD,Stock,"Home Depot, Inc. (The) Common Stock","Wednesday, September 13, 2023",Purchase,"$15,001 - $50,000",New,,,"Mullin, Markwayne",2023-10-12,R,,Senate,,2023-11-09,-0.0089200319060953,Oklahoma,2023-10-13,2023-09-13,2023-10-12,HD,-7.2948359222143715,-1.699208494138138,False,False
CMCSA,Stock,Comcast Corporation - Class A Common Stock,"Wednesday, September 13, 2023",Purchase,"$15,001 - $50,000",New,,,"Mullin, Markwayne",2023-10-12,R,,Senate,,2023-11-09,-19.8939754067098,Oklahoma,2023-10-13,2023-09-13,2023-10-12,CMCSA,0.07240819610480065,-9.521892462872284,True,False
ABT,ST,ABBOTT LABORATORIES,"Wednesday, September 13, 2023",Purchase,"$1,001 - $15,000",NEW, NORTHWESTERN MUTUAL - JOINT,,John Curtis,2023-10-04,R, UT03,House,,2023-10-05,-2.07410875308472,Utah,2023-11-16,2023-09-13,2023-10-04,ABT,-8.384195279066109,-0.05995791256845351,False,False
MSFT,Stock,Microsoft Corp,"Wednesday, September 13, 2023",Purchase,"$15,001 - $50,000",New,,,"Mullin, Markwayne",2023-10-12,R,,Senate,,2023-11-09,9.37358826149726,Oklahoma,2023-10-13,2023-09-13,2023-10-12,MSFT,0.6474551099264758,7.457291653500664,True,True
NKE,Stock,Nike Inc,"Wednesday, September 13, 2023",Purchase,"$15,001 - $50,000",New,,,"Mullin, Markwayne",2023-10-12,R,,Senate,,2023-11-09,-10.8875028105788,Oklahoma,2023-10-13,2023-09-13,2023-10-12,NKE,7.0583571281575335,20.51103181184115,True,True
META,Stock,"Meta Platforms, Inc. - Class A Common Stock","Wednesday, September 13, 2023",Purchase,"$50,001 - $100,000",New,,,"Mullin, Markwayne",2023-10-12,R,,Senate,,2023-11-09,44.1512854177001,Oklahoma,2023-10-13,2023-09-13,2023-10-12,META,6.282932843533596,5.613340287322988,True,True
SBUX,Stock,Starbucks Corporation - Common Stock,"Wednesday, September 13, 2023",Purchase,"$15,001 - $50,000",New,,,"Mullin, Markwayne",2023-10-12,R,,Senate,,2023-11-09,-21.5644969756362,Oklahoma,2023-10-13,2023-09-13,2023-10-12,SBUX,-2.4964359219232013,-2.6867948012613496,False,False
SHW,Stock,Sherwin-Williams Company,"Wednesday, September 13, 2023",Purchase,"$15,001 - $50,000",New,,,"Mullin, Markwayne",2023-10-12,R,,Senate,,2023-11-09,10.1203587668954,Oklahoma,2023-10-13,2023-09-13,2023-10-12,SHW,-4.889912775884142,5.873537355127656,False,True
BLK,Stock,"BlackRock, Inc. Common Stock","Wednesday, September 13, 2023",Purchase,"$15,001 - $50,000",New,,,"Mullin, Markwayne",2023-10-12,R,,Senate,,2023-11-09,0.562377787877802,Oklahoma,2023-10-13,2023-09-13,2023-10-12,BLK,-6.851882181999224,4.95550014991919,False,True
PEP,Stock,Pepsico Inc,"Wednesday, September 13, 2023",Purchase,"$15,001 - $50,000",New,,,"Mullin, Markwayne",2023-10-12,R,,Senate,,2023-11-09,-22.8981137662276,Oklahoma,2023-10-13,2023-09-13,2023-10-12,PEP,-7.826626187178054,-10.184300911821232,False,False
TMO,Stock,Thermo Fisher Scientific Inc,"Wednesday, September 13, 2023",Purchase,"$15,001 - $50,000",New,,,"Mullin, Markwayne",2023-10-12,R,,Senate,,2023-11-09,-0.201364607592014,Oklahoma,2023-10-13,2023-09-13,2023-10-12,TMO,-2.364133722101347,-6.59370386799647,False,False
LLY,ST,ELI LILLY AND COMPANY,"Tuesday, September 12, 2023",Purchase,"$1,001 - $15,000",NEW, MORGAN STANLEY - SELECT UMA ACCOUNT # 1,,Josh Gottheimer,2023-10-15,D, NJ05,House,,2023-10-16,11.1688703712126,New Jersey,2023-11-16,2023-09-12,2023-10-15,LLY,4.385489955993815,-6.144324483965424,True,False
NVDA,ST,NVIDIA CORPORATION,"Tuesday, September 12, 2023",Purchase,"$1,001 - $15,000",NEW, IRA TWO,3 SHARES $1344,Pete Sessions,2023-09-23,R, TX17,House,,2023-09-27,81.0847995153508,Texas,2023-11-16,2023-09-12,2023-09-23,NVDA,7.141113396423693,0.3177378742284631,True,True
ATLKY,ST,ATLAS COPCO AB SPONSORED ADR REPSTG CLASS A,"Tuesday, September 12, 2023",Sale,"$1,001 - $15,000",NEW, MORGAN STANLEY - SELECT UMA ACCOUNT # 1,,Josh Gottheimer,2023-10-15,D, NJ05,House,,2023-10-16,17.1519807358764,New Jersey,2023-11-16,2023-09-12,2023-10-15,ATLKY,-5.797778395236475,-15.193931154914765,False,False
PPG,ST,"PPG INDUSTRIES, INC.","Tuesday, September 12, 2023",Purchase,"$1,001 - $15,000",NEW,,REINVEST SHARES,Lloyd Doggett,2023-10-05,D, TX37,House,,2023-10-08,-11.6693587083601,Texas,2023-11-16,2023-09-12,2023-10-05,PPG,-0.30762605474926596,5.367910932109221,False,True
LRLCY,ST,L'OREAL CO. AMERICAN DEPOSITARY SHARES,"Tuesday, September 12, 2023",Purchase,"$1,001 - $15,000",NEW, MORGAN STANLEY - SELECT UMA ACCOUNT # 1,,Josh Gottheimer,2023-10-15,D, NJ05,House,,2023-10-16,-2.3519289138656,New Jersey,2023-11-16,2023-09-12,2023-10-15,LRLCY,-1.3818793703719967,7.317839731628939,False,True
V,ST,VISA INC.,"Monday, September 11, 2023",Sale,"$15,001 - $50,000",NEW, FIDELITY JOINT TBE,,C. Scott Franklin,2023-10-12,R, FL18,House,,2023-10-13,0.431169090678566,Florida,2023-11-16,2023-09-11,2023-10-12,V,2.2052702250974554,-0.753888935520064,True,False
PFE,ST,"PFIZER, INC.","Monday, September 11, 2023",Sale,"$1,001 - $15,000",NEW, FIDELITY JOINT TBE,,C. Scott Franklin,2023-10-12,R, FL18,House,,2023-10-13,-31.7362056580714,Florida,2023-11-16,2023-09-11,2023-10-12,PFE,-0.017154036334587897,18.62372863428765,False,True
ROK,ST,"ROCKWELL AUTOMATION, INC.","Monday, September 11, 2023",Purchase,"$1,001 - $15,000",NEW, HERN FAMILY REVOCABLE TRUST > BROKERAGE INVESTMENT ACCOUNT,DIVIDEND REINVESTMENT,Kevin Hern,2023-10-13,R, OK01,House,,2023-10-13,-18.4847762762438,Oklahoma,2023-11-16,2023-09-11,2023-10-13,ROK,4.514427901861396,-7.805652943074392,True,False
AAPL,ST,APPLE INC.,"Monday, September 11, 2023",Sale,"$15,001 - $50,000",NEW, FIDELITY JOINT TBE,,C. Scott Franklin,2023-10-12,R, FL18,House,,2023-10-13,-17.8157554434144,Florida,2023-11-16,2023-09-11,2023-10-12,AAPL,-2.7079583773888305,-4.697231826574266,False,False
UPS,ST,"UNITED PARCEL SERVICE, INC.","Monday, September 11, 2023",Sale,"$15,001 - $50,000",NEW, FIDELITY JOINT TBE,,C. Scott Franklin,2023-10-12,R, FL18,House,,2023-10-13,-18.7319507827981,Florida,2023-11-16,2023-09-11,2023-10-12,UPS,1.011780920685157,6.184021104719339,True,True
JPM,ST,JP MORGAN CHASE & CO.,"Monday, September 11, 2023",Sale,"$15,001 - $50,000",NEW, FIDELITY JOINT TBE,,C. Scott Franklin,2023-10-12,R, FL18,House,,2023-10-13,17.6740174139573,Florida,2023-11-16,2023-09-11,2023-10-12,JPM,-3.632505422093113,-7.126354661246359,False,False
CSCO,ST,"CISCO SYSTEMS, INC.","Monday, September 11, 2023",Sale,"$50,001 - $100,000",NEW, FIDELITY JOINT TBE,,C. Scott Franklin,2023-10-12,R, FL18,House,,2023-10-13,-27.9742060702738,Florida,2023-11-16,2023-09-11,2023-10-12,CSCO,3.132011840136484,16.114905906983523,True,True
MSFT,ST,MICROSOFT CORPORATION,"Monday, September 11, 2023",Sale,"$15,001 - $50,000",NEW, FIDELITY JOINT TBE,,C. Scott Franklin,2023-10-12,R, FL18,House,,2023-10-13,9.16510743481981,Florida,2023-11-16,2023-09-11,2023-10-12,MSFT,-0.829217546321348,-6.8636327546165665,False,False
NVDA,ST,NVIDIA CORPORATION,"Monday, September 11, 2023",Sale,"$1,001 - $15,000",NEW, MORGAN STANLEY - SELECT UMA ACCOUNT # 1,,Josh Gottheimer,2023-10-15,D, NJ05,House,,2023-10-16,80.365220657108,New Jersey,2023-11-16,2023-09-11,2023-10-15,NVDA,-6.066160414897082,-0.19936998013978524,False,False
HD,ST,"HOME DEPOT, INC.","Monday, September 11, 2023",Sale,"$15,001 - $50,000",NEW, FIDELITY JOINT TBE,,C. Scott Franklin,2023-10-12,R, FL18,House,,2023-10-13,-0.396531390848878,Florida,2023-11-16,2023-09-11,2023-10-12,HD,6.770848647973171,2.106518087826492,True,True
XOM,ST,EXXON MOBIL CORPORATION,"Monday, September 11, 2023",Purchase,"$1,001 - $15,000",NEW, HERN FAMILY REVOCABLE TRUST > BROKERAGE INVESTMENT ACCOUNT,DIVIDEND REINVESTMENT,Kevin Hern,2023-10-13,R, OK01,House,,2023-10-13,-16.5894846007953,Oklahoma,2023-11-16,2023-09-11,2023-10-13,XOM,-4.2560050326509895,-15.74444822978508,False,False
PG,ST,PROCTER & GAMBLE COMPANY,"Monday, September 11, 2023",Sale,"$15,001 - $50,000",NEW, FIDELITY JOINT TBE,,C. Scott Franklin,2023-10-12,R, FL18,House,,2023-10-13,-9.77362034882573,Florida,2023-11-16,2023-09-11,2023-10-12,PG,5.130251425391941,8.778530680561836,True,True
PEP,ST,"PEPSICO, INC.","Monday, September 11, 2023",Sale,"$15,001 - $50,000",NEW, FIDELITY JOINT TBE,,C. Scott Franklin,2023-10-12,R, FL18,House,,2023-10-13,-22.033135739498,Florida,2023-11-16,2023-09-11,2023-10-12,PEP,6.652655157818687,9.217061805502935,True,True
GOOG,ST,ALPHABET INC. - CLASS C CAPITAL STOCK,"Monday, September 11, 2023",Sale,"$50,001 - $100,000",NEW, FIDELITY JOINT TBE,,C. Scott Franklin,2023-10-12,R, FL18,House,,2023-10-13,-10.8417454694846,Florida,2023-11-16,2023-09-11,2023-10-12,GOOG,-5.337615867058421,5.215000564483208,False,True
MCD,ST,MCDONALD'S CORPORATION,"Monday, September 11, 2023",Sale,"$15,001 - $50,000",NEW, FIDELITY JOINT TBE,,C. Scott Franklin,2023-10-12,R, FL18,House,,2023-10-13,-14.279568442807,Florida,2023-11-16,2023-09-11,2023-10-12,MCD,7.8461995951267465,-0.3485049195428136,True,False
UNH,ST,UNITEDHEALTH GROUP INCORPORATED COMMON STOCK,"Monday, September 11, 2023",Sale,"$15,001 - $50,000",NEW, FIDELITY JOINT TBE,,C. Scott Franklin,2023-10-12,R, FL18,House,,2023-10-13,-11.67153412558,Florida,2023-11-16,2023-09-11,2023-10-12,UNH,-11.797614582287885,-10.405218305020147,False,False
EMR,ST,EMERSON ELECTRIC COMPANY,"Monday, September 11, 2023",Purchase,"$1,001 - $15,000",NEW, HERN FAMILY REVOCABLE TRUST > BROKERAGE INVESTMENT ACCOUNT,DIVIDEND REINVESTMENT,Kevin Hern,2023-10-13,R, OK01,House,,2023-10-13,-3.6004988539088,Oklahoma,2023-11-16,2023-09-11,2023-10-13,EMR,-0.5637343404456652,-13.395473872350605,False,False
SBUX,ST,STARBUCKS CORPORATION,"Monday, September 11, 2023",Sale,"$15,001 - $50,000",NEW, FIDELITY JOINT TBE,,C. Scott Franklin,2023-10-12,R, FL18,House,,2023-10-13,-19.85914150875,Florida,2023-11-16,2023-09-11,2023-10-12,SBUX,1.4257272738750104,0.4470464611119551,True,True
WMT,ST,WALMART INC.,"Monday, September 11, 2023",Sale,"$15,001 - $50,000",NEW, FIDELITY JOINT TBE,,C. Scott Franklin,2023-10-12,R, FL18,House,,2023-10-13,-3.28759576879021,Florida,2023-11-16,2023-09-11,2023-10-12,WMT,1.2552620294046468,10.979213658745014,True,True
MRK,ST,"MERCK & COMPANY, INC. COMMON STOCK","Monday, September 11, 2023",Sale,"$15,001 - $50,000",NEW, FIDELITY JOINT TBE,,C. Scott Franklin,2023-10-12,R, FL18,House,,2023-10-13,-2.16108066770278,Florida,2023-11-16,2023-09-11,2023-10-12,MRK,2.2703241781776295,6.90296142012058,True,True
NEE,ST,"NEXTERA ENERGY, INC.","Monday, September 11, 2023",Sale,"$15,001 - $50,000",NEW, FIDELITY JOINT TBE,,C. Scott Franklin,2023-10-12,R, FL18,House,,2023-10-13,-25.0900837790681,Florida,2023-11-16,2023-09-11,2023-10-12,NEE,18.25407537107563,14.587975934031883,True,True
IBM,ST,INTERNATIONAL BUSINESS MACHINES CORPORATION,"Monday, September 11, 2023",Purchase,"$1,001 - $15,000",NEW,,REINVEST SHARES,Lloyd Doggett,2023-10-05,D, TX37,House,,2023-10-08,14.7127739045877,Texas,2023-11-16,2023-09-11,2023-10-05,IBM,-1.0081838899890783,7.188847016886557,False,True
JNJ,ST,JOHNSON & JOHNSON,"Monday, September 11, 2023",Sale,"$15,001 - $50,000",NEW, FIDELITY JOINT TBE,,C. Scott Franklin,2023-10-12,R, FL18,House,,2023-10-13,-16.8121611508038,Florida,2023-11-16,2023-09-11,2023-10-12,JNJ,1.5211361555962366,7.6802639585068615,True,True
DEO,ST,DIAGEO PLC,"Friday, September 8, 2023",Sale,"$1,001 - $15,000",NEW, MORGAN STANLEY IRA - X141,,Lois Frankel,2023-10-10,D, FL22,House,,2023-10-11,-22.6470096572693,Florida,2023-11-16,2023-09-08,2023-10-10,DEO,3.315431069158359,15.782839023459172,True,True
LAMR,ST,LAMAR ADVERTISING COMPANY - CLASS A,"Friday, September 8, 2023",Sale,"$1,001 - $15,000",NEW, MORGAN STANLEY IRA - X142,,Lois Frankel,2023-10-10,D, FL22,House,,2023-10-11,19.4472584233607,Florida,2023-11-16,2023-09-08,2023-10-10,LAMR,5.570305568275247,-17.029040506675663,True,False
PGR,ST,PROGRESSIVE CORPORATION,"Friday, September 8, 2023",Sale,"$1,001 - $15,000",NEW, MORGAN STANLEY IRA - X141,,Lois Frankel,2023-10-10,D, FL22,House,,2023-10-11,36.105980176638,Florida,2023-11-16,2023-09-08,2023-10-10,PGR,-8.257607658063137,-16.24080915420647,False,False
NSC,ST,NORFOLK SOUTHERN CORPORATION,"Friday, September 8, 2023",Sale,"$1,001 - $15,000",NEW, MORGAN STANLEY IRA - X142,,Lois Frankel,2023-10-10,D, FL22,House,,2023-10-11,15.9582957172983,Florida,2023-11-16,2023-09-08,2023-10-10,NSC,-2.78937854694683,-13.354972984043467,False,False
BIO,ST,"BIO-RAD LABORATORIES, INC. CLASS A","Friday, September 8, 2023",Sale,"$1,001 - $15,000",NEW, MORGAN STANLEY IRA - X142,,Lois Frankel,2023-10-10,D, FL22,House,,2023-10-11,-21.6247526888369,Florida,2023-11-16,2023-09-08,2023-10-10,BIO,-3.015349087325103,16.209572367411205,False,True
NOC,ST,NORTHROP GRUMMAN CORPORATION,"Friday, September 8, 2023",Sale,"$1,001 - $15,000",NEW, MORGAN STANLEY IRA - X141,,Lois Frankel,2023-10-10,D, FL22,House,,2023-10-11,-5.57433429602312,Florida,2023-11-16,2023-09-08,2023-10-10,NOC,-14.29872404835586,-10.08038899979249,False,False
BSX,ST,BOSTON SCIENTIFIC CORPORATION,"Friday, September 8, 2023",Sale,"$1,001 - $15,000",NEW, MORGAN STANLEY IRA - X141,,Lois Frankel,2023-10-10,D, FL22,House,,2023-10-11,8.13672837454657,Florida,2023-11-16,2023-09-08,2023-10-10,BSX,-0.00436574008555457,0.7204827803612979,False,True
C,ST,"CITIGROUP, INC.","Friday, September 8, 2023",Sale,"$1,001 - $15,000",NEW, MORGAN STANLEY IRA - X141,,Lois Frankel,2023-10-10,D, FL22,House,,2023-10-11,27.1241138539838,Florida,2023-11-16,2023-09-08,2023-10-10,C,-3.1027054219791017,-16.613743427174455,False,False
MRK,ST,"MERCK & COMPANY, INC. COMMON STOCK","Friday, September 8, 2023",Sale,"$1,001 - $15,000",NEW, MORGAN STANLEY IRA - X141,,Lois Frankel,2023-10-10,D, FL22,House,,2023-10-11,-3.37227486631205,Florida,2023-11-16,2023-09-08,2023-10-10,MRK,1.43924815022346,7.614764340916469,True,True
LLY,Stock,Eli Lilly and Company Common Stock,"Friday, September 8, 2023",Sale (Partial),"$1,001 - $15,000",New,,,"Tuberville, Tommy",2023-10-13,R,,Senate,,2023-11-09,13.7896093931846,Alabama,2023-10-15,2023-09-08,2023-10-13,LLY,-0.22658571391389604,2.565183613734434,False,True
JNJ,ST,JOHNSON & JOHNSON,"Friday, September 8, 2023",Sale,"$1,001 - $15,000",NEW, MORGAN STANLEY IRA - X141,,Lois Frankel,2023-10-10,D, FL22,House,,2023-10-11,-16.2897082785302,Florida,2023-11-16,2023-09-08,2023-10-10,JNJ,-1.4750531722941385,6.087568833753676,False,True
TGT,ST,TARGET CORPORATION,"Friday, September 8, 2023",Sale,"$1,001 - $15,000",NEW, MORGAN STANLEY IRA - X141,,Lois Frankel,2023-10-10,D, FL22,House,,2023-10-11,17.9600060067007,Florida,2023-11-16,2023-09-08,2023-10-10,TGT,11.762764658907122,-6.423622322135536,True,False
WRB,ST,W.R. BERKLEY CORPORATION,"Friday, September 8, 2023",Sale,"$1,001 - $15,000",NEW, MORGAN STANLEY IRA - X142,,Lois Frankel,2023-10-10,D, FL22,House,,2023-10-11,23.267849875552,Florida,2023-11-16,2023-09-08,2023-10-10,WRB,-5.720396777531089,-11.610279130197188,False,False
AON,ST,AON PLC CLASS A ORDINARY SHARES,"Friday, September 8, 2023",Sale,"$15,001 - $50,000",NEW, MORGAN STANLEY IRA - X141,,Lois Frankel,2023-10-10,D, FL22,House,,2023-10-11,-19.1438786014284,Florida,2023-11-16,2023-09-08,2023-10-10,AON,-0.9607718136019128,6.400583067173216,False,True
AXP,ST,AMERICAN EXPRESS COMPANY,"Friday, September 8, 2023",Sale,"$1,001 - $15,000",NEW, MORGAN STANLEY IRA - X141,,Lois Frankel,2023-10-10,D, FL22,House,,2023-10-11,23.9590395060531,Florida,2023-11-16,2023-09-08,2023-10-10,AXP,2.7359358122400868,-4.234108226637456,True,False
ACN,ST,ACCENTURE PLC CLASS A ORDINARY SHARES,"Friday, September 8, 2023",Sale,"$1,001 - $15,000",NEW, MORGAN STANLEY IRA - X141,,Lois Frankel,2023-10-10,D, FL22,House,,2023-10-11,0.28769687955254,Florida,2023-11-16,2023-09-08,2023-10-10,ACN,1.4024026537036272,-0.08498489944901433,True,False
NSRGY,ST,NESTLE SA SPONSORED ADR REPRESENTING REGISTERED SHARES SERIES B,"Friday, September 8, 2023",Sale,"$1,001 - $15,000",NEW, MORGAN STANLEY IRA - X141,,Lois Frankel,2023-10-10,D, FL22,House,,2023-10-11,-23.1895619753049,Florida,2023-11-16,2023-09-08,2023-10-10,NSRGY,1.7537014698553732,7.3437079386068245,True,True
ABBV,ST,ABBVIE INC.,"Friday, September 8, 2023",Sale,"$1,001 - $15,000",NEW, MORGAN STANLEY IRA - X141,,Lois Frankel,2023-10-10,D, FL22,House,,2023-10-11,4.55913161261175,Florida,2023-11-16,2023-09-08,2023-10-10,ABBV,-2.7935446327989055,3.5784200722126958,False,True
PEP,ST,"PEPSICO, INC.","Friday, September 8, 2023",Sale,"$1,001 - $15,000",NEW, MORGAN STANLEY IRA - X141,,Lois Frankel,2023-10-10,D, FL22,House,,2023-10-11,-21.3938830100233,Florida,2023-11-16,2023-09-08,2023-10-10,PEP,5.725463983743184,7.871827539122744,True,True
TEL,ST,TE CONNECTIVITY LTD. NEW SWITZERLAND REGISTERED SHARES,"Friday, September 8, 2023",Sale,"$1,001 - $15,000",NEW, MORGAN STANLEY IRA - X142,,Lois Frankel,2023-10-10,D, FL22,House,,2023-10-11,-5.96960503593748,Florida,2023-11-16,2023-09-08,2023-10-10,TEL,0.989670975286705,-0.6534765307684598,True,False
PFE,ST,"PFIZER, INC.","Friday, September 8, 2023",Sale,"$1,001 - $15,000",NEW, MORGAN STANLEY IRA - X141,,Lois Frankel,2023-10-10,D, FL22,House,,2023-10-11,-33.2307540344429,Florida,2023-11-16,2023-09-08,2023-10-10,PFE,0.33253868901345074,19.28257620999497,True,True
DD,ST,"DUPONT DE NEMOURS, INC.","Friday, September 8, 2023",Sale,"$1,001 - $15,000",NEW, MORGAN STANLEY IRA - X141,,Lois Frankel,2023-10-10,D, FL22,House,,2023-10-11,-17.4330428361953,Florida,2023-11-16,2023-09-08,2023-10-10,DD,-2.547491444935901,9.093151876868333,False,True
ES,ST,EVERSOURCE ENERGY,"Friday, September 8, 2023",Sale,"$1,001 - $15,000",NEW, MORGAN STANLEY IRA - X142,,Lois Frankel,2023-10-10,D, FL22,House,,2023-10-11,-19.8976025557763,Florida,2023-11-16,2023-09-08,2023-10-10,ES,5.063239254331419,5.628329533679233,True,True
GD,ST,GENERAL DYNAMICS CORPORATION,"Friday, September 8, 2023",Sale,"$1,001 - $15,000",NEW, MORGAN STANLEY IRA - X141,,Lois Frankel,2023-10-10,D, FL22,House,,2023-10-11,11.5110504099807,Florida,2023-11-16,2023-09-08,2023-10-10,GD,-12.192922593604937,-12.557410925273116,False,False
MMC,ST,"MARSH & MCLENNAN COMPANIES, INC.","Friday, September 8, 2023",Sale,"$1,001 - $15,000",NEW, MORGAN STANLEY IRA - X141,,Lois Frankel,2023-10-10,D, FL22,House,,2023-10-11,-8.8616169493837,Florida,2023-11-16,2023-09-08,2023-10-10,MMC,-1.870556127163181,2.5195311785835006,False,True
CLF,Stock,Cleveland-Cliffs Inc. Common Stock,"Friday, September 8, 2023",Purchase,"$50,001 - $100,000",New,,,"Tuberville, Tommy",2023-10-13,R,,Senate,,2023-11-09,23.9566485736109,Alabama,2023-10-15,2023-09-08,2023-10-13,CLF,12.845515977587096,18.825624986979108,True,True
TXN,ST,TEXAS INSTRUMENTS INCORPORATED,"Friday, September 8, 2023",Sale,"$1,001 - $15,000",NEW, MORGAN STANLEY IRA - X141,,Lois Frankel,2023-10-10,D, FL22,House,,2023-10-11,-10.0339237599822,Florida,2023-11-16,2023-09-08,2023-10-10,TXN,2.0889064345487984,7.112859231175528,True,True
CMCSA,ST,COMCAST CORPORATION - CLASS A,"Friday, September 8, 2023",Sale,"$15,001 - $50,000",NEW, MORGAN STANLEY IRA - X141,,Lois Frankel,2023-10-10,D, FL22,House,,2023-10-11,-19.8262726748951,Florida,2023-11-16,2023-09-08,2023-10-10,CMCSA,-0.645658283145667,9.22513750452797,False,True
CB,ST,CHUBB LIMITED,"Friday, September 8, 2023",Sale,"$1,001 - $15,000",NEW, MORGAN STANLEY IRA - X141,,Lois Frankel,2023-10-10,D, FL22,House,,2023-10-11,10.4136912342271,Florida,2023-11-16,2023-09-08,2023-10-10,CB,-5.5767580138078365,-6.1455858036612465,False,False
ARE,ST,"ALEXANDRIA REAL ESTATE EQUITIES, INC.","Friday, September 8, 2023",Sale,"$1,001 - $15,000",NEW, MORGAN STANLEY IRA - X142,,Lois Frankel,2023-10-10,D, FL22,House,,2023-10-11,-7.20805718231264,Florida,2023-11-16,2023-09-08,2023-10-10,ARE,9.926620477436266,-3.1691353854080173,True,False
MAR,ST,MARRIOTT INTERNATIONAL - CLASS A,"Friday, September 8, 2023",Sale,"$1,001 - $15,000",NEW, MORGAN STANLEY IRA - X141,,Lois Frankel,2023-10-10,D, FL22,House,,2023-10-11,3.99036464220244,Florida,2023-11-16,2023-09-08,2023-10-10,MAR,2.630685128239807,1.6180337305638393,True,True
DUK,ST,DUKE ENERGY CORPORATION,"Friday, September 8, 2023",Sale,"$1,001 - $15,000",NEW, MORGAN STANLEY IRA - X141,,Lois Frankel,2023-10-10,D, FL22,House,,2023-10-11,-10.7533423161553,Florida,2023-11-16,2023-09-08,2023-10-10,DUK,0.33210060504608174,-0.9055773313151994,True,False
ETN,ST,"EATON CORPORATION, PLC ORDINARY SHARES","Friday, September 8, 2023",Sale,"$1,001 - $15,000",NEW, MORGAN STANLEY IRA - X141,,Lois Frankel,2023-10-10,D, FL22,House,,2023-10-11,11.351922648975,Florida,2023-11-16,2023-09-08,2023-10-10,ETN,6.943722779616179,6.346483096806043,True,True
SHW,ST,SHERWIN-WILLIAMS COMPANY,"Friday, September 8, 2023",Sale,"$1,001 - $15,000",NEW, MORGAN STANLEY IRA - X141,,Lois Frankel,2023-10-10,D, FL22,House,,2023-10-11,8.47865999376194,Florida,2023-11-16,2023-09-08,2023-10-10,SHW,4.498383312056831,-4.541905924363077,True,False
HAL,ST,HALLIBURTON COMPANY,"Friday, September 8, 2023",Sale,"$1,001 - $15,000",NEW, MORGAN STANLEY IRA - X142,,Lois Frankel,2023-10-10,D, FL22,House,,2023-10-11,-23.4072025717597,Florida,2023-11-16,2023-09-08,2023-10-10,HAL,-2.8058332187374635,19.492033659841578,False,True
NXPI,ST,NXP SEMICONDUCTORS N.V.,"Friday, September 8, 2023",Sale,"$1,001 - $15,000",NEW, MORGAN STANLEY IRA - X141,,Lois Frankel,2023-10-10,D, FL22,House,,2023-10-11,2.17856767805462,Florida,2023-11-16,2023-09-08,2023-10-10,NXPI,-0.30517523731655727,-1.3862167687324511,False,False
MKL,ST,MARKEL GROUP INC.,"Friday, September 8, 2023",Sale,"$1,001 - $15,000",NEW, MORGAN STANLEY IRA - X142,,Lois Frankel,2023-10-10,D, FL22,House,,2023-10-11,-11.4158629843783,Florida,2023-11-16,2023-09-08,2023-10-10,MKL,-2.0638076281496054,10.130712124716823,False,True
ADI,ST,"ANALOG DEVICES, INC.","Friday, September 8, 2023",Sale,"$1,001 - $15,000",NEW, MORGAN STANLEY IRA - X142,,Lois Frankel,2023-10-10,D, FL22,House,,2023-10-11,-4.81697545399815,Florida,2023-11-16,2023-09-08,2023-10-10,ADI,-0.3947325738456908,-1.0198032235288812,False,False
PNC,ST,"PNC FINANCIAL SERVICES GROUP, INC.","Friday, September 8, 2023",Sale,"$1,001 - $15,000",NEW, MORGAN STANLEY IRA - X141,,Lois Frankel,2023-10-10,D, FL22,House,,2023-10-11,12.4311224017055,Florida,2023-11-16,2023-09-08,2023-10-10,PNC,-6.094137971124747,-16.659242670211725,False,False
LOW,ST,"LOWE'S COMPANIES, INC.","Friday, September 8, 2023",Sale,"$1,001 - $15,000",NEW, MORGAN STANLEY IRA - X141,,Lois Frankel,2023-10-10,D, FL22,House,,2023-10-11,-8.99650960467689,Florida,2023-11-16,2023-09-08,2023-10-10,LOW,10.47536868431348,12.813712989054748,True,True
MTB,ST,M&T BANK CORPORATION,"Friday, September 8, 2023",Sale,"$1,001 - $15,000",NEW, MORGAN STANLEY IRA - X142,,Lois Frankel,2023-10-10,D, FL22,House,,2023-10-11,0.589220479848143,Florida,2023-11-16,2023-09-08,2023-10-10,MTB,-5.62361425471769,-6.158867340318319,False,False
KVUE,ST,KENVUE INC.,"Friday, September 8, 2023",Sale,"$1,001 - $15,000",NEW, MORGAN STANLEY IRA - X141,,Lois Frankel,2023-10-10,D, FL22,House,,2023-10-11,-19.3144386237305,Florida,2023-11-16,2023-09-08,2023-10-10,KVUE,3.9804552279259275,5.17428312699627,True,True
ULTA,ST,"ULTA BEAUTY, INC.","Friday, September 8, 2023",Sale,"$1,001 - $15,000",NEW, MORGAN STANLEY IRA - X142,,Lois Frankel,2023-10-10,D, FL22,House,,2023-10-11,14.7471224956629,Florida,2023-11-16,2023-09-08,2023-10-10,ULTA,3.3701566932174853,-15.530385461351903,True,False
UNP,ST,UNION PACIFIC CORPORATION,"Friday, September 8, 2023",Sale,"$1,001 - $15,000",NEW, MORGAN STANLEY IRA - X141,,Lois Frankel,2023-10-10,D, FL22,House,,2023-10-11,0.457004007505478,Florida,2023-11-16,2023-09-08,2023-10-10,UNP,0.8079239221468582,-6.422692521018836,True,False
TMO,ST,THERMO FISHER SCIENTIFIC INC,"Friday, September 8, 2023",Sale,"$1,001 - $15,000",NEW, MORGAN STANLEY IRA - X141,,Lois Frankel,2023-10-10,D, FL22,House,,2023-10-11,-2.09587534834815,Florida,2023-11-16,2023-09-08,2023-10-10,TMO,1.5387547570460236,7.537409386758432,True,True
MCK,ST,MCKESSON CORPORATION,"Friday, September 8, 2023",Sale,"$1,001 - $15,000",NEW, MORGAN STANLEY IRA - X141,,Lois Frankel,2023-10-10,D, FL22,House,,2023-10-11,12.0142206267962,Florida,2023-11-16,2023-09-08,2023-10-10,MCK,-10.100422842979961,-5.415553914245397,False,False
JPM,ST,JP MORGAN CHASE & CO.,"Friday, September 8, 2023",Sale,"$15,001 - $50,000",NEW, MORGAN STANLEY IRA - X141,,Lois Frankel,2023-10-10,D, FL22,House,,2023-10-11,17.5015795040867,Florida,2023-11-16,2023-09-08,2023-10-10,JPM,-3.3867035322568295,-6.1368168669388545,False,False
NSA,ST,NATIONAL STORAGE AFFILIATES TRUST COMMON SHARES OF BENEFICIAL INTEREST,"Friday, September 8, 2023",Sale,"$1,001 - $15,000",NEW, MORGAN STANLEY IRA - X142,,Lois Frankel,2023-10-10,D, FL22,House,,2023-10-11,-8.27221827188729,Florida,2023-11-16,2023-09-08,2023-10-10,NSA,5.656603974158669,-4.573929516254949,True,False
LKQ,ST,LKQ CORPORATION,"Friday, September 8, 2023",Sale,"$1,001 - $15,000",NEW, MORGAN STANLEY IRA - X142,,Lois Frankel,2023-10-10,D, FL22,House,,2023-10-11,-12.726540246547,Florida,2023-11-16,2023-09-08,2023-10-10,LKQ,-2.3962556214359942,13.297909794070172,False,True
D,ST,"DOMINION ENERGY, INC.","Friday, September 8, 2023",Sale,"$1,001 - $15,000",NEW, MORGAN STANLEY IRA - X141,,Lois Frankel,2023-10-10,D, FL22,House,,2023-10-11,-13.2793827878664,Florida,2023-11-16,2023-09-08,2023-10-10,D,7.7507157768524015,2.6191398705182056,True,True
MS,ST,MORGAN STANLEY,"Friday, September 8, 2023",Sale,"$1,001 - $15,000",NEW, MORGAN STANLEY IRA - X141,,Lois Frankel,2023-10-10,D, FL22,House,,2023-10-11,-10.7329733838693,Florida,2023-11-16,2023-09-08,2023-10-10,MS,3.1665114224007196,8.255349955142322,True,True
PCAR,ST,PACCAR INC.,"Friday, September 8, 2023",Sale,"$1,001 - $15,000",NEW, MORGAN STANLEY IRA - X141,,Lois Frankel,2023-10-10,D, FL22,House,,2023-10-11,25.2115363004805,Florida,2023-11-16,2023-09-08,2023-10-10,PCAR,-6.200198107636101,-10.154222553531156,False,False
COP,ST,CONOCOPHILLIPS,"Friday, September 8, 2023",Sale,"$15,001 - $50,000",NEW, MORGAN STANLEY IRA - X141,,Lois Frankel,2023-10-10,D, FL22,House,,2023-10-11,-16.9912294862458,Florida,2023-11-16,2023-09-08,2023-10-10,COP,-1.9997744852967458,12.546241810061565,False,True
ITW,ST,ILLINOIS TOOL WORKS INC.,"Friday, September 8, 2023",Sale,"$1,001 - $15,000",NEW, MORGAN STANLEY IRA - X141,,Lois Frankel,2023-10-10,D, FL22,House,,2023-10-11,-2.86778638908121,Florida,2023-11-16,2023-09-08,2023-10-10,ITW,-1.0682327105550504,-0.9508909600045579,False,False
PLD,ST,"PROLOGIS, INC.","Friday, September 8, 2023",Sale,"$15,001 - $50,000",NEW, MORGAN STANLEY IRA - X141,,Lois Frankel,2023-10-10,D, FL22,House,,2023-10-11,-9.46774908085597,Florida,2023-11-16,2023-09-08,2023-10-10,PLD,7.8971576717501435,5.755922989559636,True,True
CI,ST,THE CIGNA GROUP,"Friday, September 8, 2023",Sale,"$15,001 - $50,000",NEW, MORGAN STANLEY IRA - X141,,Lois Frankel,2023-10-10,D, FL22,House,,2023-10-11,10.2636566353328,Florida,2023-11-16,2023-09-08,2023-10-10,CI,-5.642773844815485,11.23675609720155,False,True
ADSK,ST,"AUTODESK, INC.","Friday, September 8, 2023",Sale,"$1,001 - $15,000",NEW, MORGAN STANLEY IRA - X142,,Lois Frankel,2023-10-10,D, FL22,House,,2023-10-11,1.18329663585846,Florida,2023-11-16,2023-09-08,2023-10-10,ADSK,1.2040730832019064,0.75237029748636,True,True
LNT,ST,ALLIANT ENERGY CORPORATION,"Friday, September 8, 2023",Sale,"$1,001 - $15,000",,,,Lois Frankel,2023-10-10,D, FL22,House,,2023-10-11,-19.4388508439973,Florida,2023-11-16,2023-09-08,2023-10-10,LNT,1.5435560232828438,0.7453203891751414,True,True
CRL,ST,"CHARLES RIVER LABORATORIES INTERNATIONAL, INC.","Friday, September 8, 2023",Sale,"$1,001 - $15,000",NEW, MORGAN STANLEY IRA - X142,,Lois Frankel,2023-10-10,D, FL22,House,,2023-10-11,14.8461532442895,Florida,2023-11-16,2023-09-08,2023-10-10,CRL,0.6061876208473316,1.3568432247732742,True,True
MCK,ST,MCKESSON CORPORATION,"Friday, September 8, 2023",Sale,"$1,001 - $15,000",NEW, MORGAN STANLEY IRA - X142,,Lois Frankel,2023-10-10,D, FL22,House,,2023-10-11,12.0142206267962,Florida,2023-11-16,2023-09-08,2023-10-10,MCK,-10.100422842979961,-5.415553914245397,False,False
BSX,ST,BOSTON SCIENTIFIC CORPORATION,"Friday, September 8, 2023",Sale,"$1,001 - $15,000",NEW,,,Lois Frankel,2023-10-10,D, FL22,House,,2023-10-11,8.13672837454657,Florida,2023-11-16,2023-09-08,2023-10-10,BSX,-0.00436574008555457,0.7204827803612979,False,True
PRU,Stock,"Prudential Financial, Inc. Common Stock","Thursday, September 7, 2023",Sale (Partial),"$15,001 - $50,000",New,,,"Tuberville, Tommy",2023-10-13,R,,Senate,,2023-11-09,4.72138634260494,Alabama,2023-10-15,2023-09-07,2023-10-13,PRU,-1.6716135172561097,-1.6652720276688182,False,False
TSN,Stock,"Tyson Foods, Inc. Common Stock","Thursday, September 7, 2023",Sale (Partial),"$1,001 - $15,000",New,,,"Tuberville, Tommy",2023-10-13,R,,Senate,,2023-11-09,-5.57443509150732,Alabama,2023-10-15,2023-09-07,2023-10-13,TSN,5.412622796745925,4.427105995259117,True,True
AMT,ST,AMERICAN TOWER CORPORATION,"Thursday, September 7, 2023",Purchase,"$1,001 - $15,000",NEW,,,Robert J. Wittman,2023-10-19,R, VA01,House,,2023-10-20,-6.86276534249258,Virginia,2023-11-16,2023-09-07,2023-10-19,AMT,-8.651841502684189,13.247119131160169,False,True
PCAR,ST,PACCAR INC.,"Thursday, September 7, 2023",Purchase,"$1,001 - $15,000",NEW, MORGAN STANLEY IRA - X141,,Lois Frankel,2023-10-10,D, FL22,House,,2023-10-11,27.5157782381384,Florida,2023-11-16,2023-09-07,2023-10-10,PCAR,7.880362925812035,11.845596922161782,True,True
JNJ,ST,JOHNSON & JOHNSON,"Thursday, September 7, 2023",Purchase,"$1,001 - $15,000",NEW, HERN FAMILY REVOCABLE TRUST > BROKERAGE INVESTMENT ACCOUNT,DIVIDEND REINVESTMENT,Kevin Hern,2023-10-13,R, OK01,House,,2023-10-13,-16.1206884794393,Oklahoma,2023-11-16,2023-09-07,2023-10-13,JNJ,1.6633126860869596,-4.3370291654415976,True,False
CLF,Stock,Cleveland-Cliffs Inc. Common Stock,"Thursday, September 7, 2023",Purchase,"$50,001 - $100,000",New,,,"Tuberville, Tommy",2023-10-13,R,,Senate,,2023-11-09,22.0672449030237,Alabama,2023-10-15,2023-09-07,2023-10-13,CLF,11.332257167823167,18.944997120158913,True,True
AAPL,Stock,Apple Inc. - Common Stock,"Thursday, September 7, 2023",Sale (Partial),"$15,001 - $50,000",New,,,"Tuberville, Tommy",2023-10-13,R,,Senate,,2023-11-09,-17.7468133793986,Alabama,2023-10-15,2023-09-07,2023-10-13,AAPL,-3.3997575967954607,-6.106512255658325,False,False
MA,ST,MASTERCARD INCORPORATED,"Thursday, September 7, 2023",Purchase,"$1,001 - $15,000",NEW, MORGAN STANLEY - SELECT UMA ACCOUNT # 1,,Josh Gottheimer,2023-10-15,D, NJ05,House,,2023-10-16,-0.201739795028091,New Jersey,2023-11-16,2023-09-07,2023-10-15,MA,-2.200361505938764,-3.228797176773157,False,False
RTX,ST,RTX CORPORATION,"Thursday, September 7, 2023",Purchase,"$1,001 - $15,000",NEW, HERN FAMILY REVOCABLE TRUST > BROKERAGE INVESTMENT ACCOUNT,DIVIDEND REINVESTMENT,Kevin Hern,2023-10-13,R, OK01,House,,2023-10-13,-4.7666236929238,Oklahoma,2023-11-16,2023-09-07,2023-10-13,RTX,-10.8527846883406,-4.12720415691944,False,False
JNJ,ST,JOHNSON & JOHNSON,"Thursday, September 7, 2023",Purchase,"$1,001 - $15,000",NEW,,REINVEST SHARES,Lloyd Doggett,2023-10-05,D, TX37,House,,2023-10-08,-16.1206884794393,Texas,2023-11-16,2023-09-07,2023-10-05,JNJ,1.6633126860869596,-4.3370291654415976,True,False
PCAR,ST,PACCAR INC.,"Wednesday, September 6, 2023",Purchase,"$1,001 - $15,000",NEW, MORGAN STANLEY IRA - X141,,Lois Frankel,2023-10-10,D, FL22,House,,2023-10-11,28.3743718528173,Florida,2023-11-16,2023-09-06,2023-10-10,PCAR,9.23142769840971,11.16059905335911,True,True
ABBV,ST,ABBVIE INC.,"Wednesday, September 6, 2023",Purchase,"$1,001 - $15,000",NEW, MORGAN STANLEY IRA - X141,,Lois Frankel,2023-10-10,D, FL22,House,,2023-10-11,7.53933242809069,Florida,2023-11-16,2023-09-06,2023-10-10,ABBV,5.3216095323686545,-2.991702776750471,True,False
MRK,ST,"MERCK & COMPANY, INC. COMMON STOCK","Wednesday, September 6, 2023",Sale,"$1,001 - $15,000",NEW, MORGAN STANLEY IRA - X141,,Lois Frankel,2023-10-10,D, FL22,House,,2023-10-11,-0.508605684469005,Florida,2023-11-16,2023-09-06,2023-10-10,MRK,-1.064476574745854,2.521619958235921,False,True
JCI,ST,JOHNSON CONTROLS INTERNATIONAL PLC ORDINARY SHARE,"Wednesday, September 6, 2023",Sale,"$1,001 - $15,000",NEW, MORGAN STANLEY IRA - X141,,Lois Frankel,2023-10-10,D, FL22,House,,2023-10-11,-4.8796406914007,Florida,2023-11-16,2023-09-06,2023-10-10,JCI,5.567608919833644,7.765493589002748,True,True
USB,Stock,U.S. Bancorp,"Friday, September 1, 2023",Sale (Full),"$1,001 - $15,000",New,,,"Capito, Shelley Moore",2023-10-14,R,,Senate,,2023-11-09,0.18035230263545,West Virginia,2023-10-15,2023-09-01,2023-10-14,USB,8.263921518019824,-1.6802926030129228,True,False
WFC,Stock,Wells Fargo & Company Common Stock,"Friday, September 1, 2023",Purchase,"$1,001 - $15,000",New,,,"McConnell, A. Mitchell Jr.",2023-09-15,R,,Senate,Dividend Reinvestment,2023-11-09,24.7446123201035,Kentucky,2023-09-16,2023-09-01,2023-09-15,WFC,0.13728195659612474,5.906635517782188,True,True
DG,ST,DOLLAR GENERAL CORPORATION,"Friday, September 1, 2023",Sale,"$1,001 - $15,000",NEW, MORGAN STANLEY IRA - X142,,Lois Frankel,2023-10-10,D, FL22,House,,2023-10-11,3.30773880659272,Florida,2023-11-16,2023-09-01,2023-10-10,DG,15.299449881919713,0.4997005248564168,True,True
QCOM,Stock Option,QUALCOMM Incorporated - Common Stock,"Friday, September 1, 2023",Sale (Full),"$1,001 - $15,000",New,,Option Type: Call Strike price: $125.00  Expires: 03/15/2024,"Tuberville, Tommy",2023-10-13,R,,Senate,,2023-11-09,31.5715642734809,Alabama,2023-10-15,2023-09-01,2023-10-13,QCOM,-1.3174158444587358,-10.685933001826587,False,False
MSFT,ST,MICROSOFT CORPORATION,"Thursday, August 31, 2023",Sale,"$500,001 - $1,000,000",NEW,,VESTED SHARES SOLD TO SEPARATE TRUST NOT FOR THE BENEFIT OF FILER OR SPOUSE PURSUANT TO FORWARD CONTRACT DATED,Suzan K. Delbene,2023-09-11,D, WA01,House,,2023-09-12,13.4746578528934,Washington,2023-11-16,2023-08-31,2023-09-11,MSFT,-3.0459760403010794,-14.63546651480021,False,False
JCI,ST,JOHNSON CONTROLS INTERNATIONAL PLC ORDINARY SHARE,"Thursday, August 31, 2023",Sale,"$1,001 - $15,000",NEW, MORGAN STANLEY IRA - X141,,Lois Frankel,2023-10-10,D, FL22,House,,2023-10-11,-6.58273425242001,Florida,2023-11-16,2023-08-31,2023-10-10,JCI,6.446145516400625,11.619280099057683,True,True
QCOM,Stock,Qualcomm Inc,"Thursday, August 31, 2023",Purchase,"$100,001 - $250,000",New,,,"Tuberville, Tommy",2023-09-15,R,,Senate,,2023-11-09,32.4123279149639,Alabama,2023-09-16,2023-08-31,2023-09-15,QCOM,1.869537590352488,10.730375988010831,True,True
TIMB,ST,TIM S.A. AMERICAN DEPOSITARY SHARES,"Thursday, August 31, 2023",Purchase,"$15,001 - $50,000",NEW, MORGAN STANLEY TRUST ACCOUNT,,Jonathan Jackson,2023-09-11,D, IL01,House,,2023-09-12,12.8909528759379,Illinois,2023-11-16,2023-08-31,2023-09-11,TIMB,5.341874091395149,17.87458418925525,True,True
MSFT,ST,MICROSOFT CORPORATION,"Wednesday, August 30, 2023",Sale,"$250,001 - $500,000",NEW,,VESTED SHARES SOLD TO SEPARATE TRUST NOT FOR THE BENEFIT OF FILER OR SPOUSE PURSUANT TO FORWARD CONTRACT DATED,Suzan K. Delbene,2023-09-11,D, WA01,House,,2023-09-12,13.2219200262568,Washington,2023-11-16,2023-08-30,2023-09-11,MSFT,-1.0577835752552,-15.510080505967029,False,False
JCI,ST,JOHNSON CONTROLS INTERNATIONAL PLC ORDINARY SHARE,"Wednesday, August 30, 2023",Sale,"$1,001 - $15,000",NEW, MORGAN STANLEY IRA - X141,,Lois Frankel,2023-10-10,D, FL22,House,,2023-10-11,-6.38308631692623,Florida,2023-11-16,2023-08-30,2023-10-10,JCI,4.835549782693283,12.33820582047722,True,True
ABBV,ST,ABBVIE INC.,"Wednesday, August 30, 2023",Purchase,"$1,001 - $15,000",NEW, MORGAN STANLEY IRA - X141,,Lois Frankel,2023-10-10,D, FL22,House,,2023-10-11,6.49953091772364,Florida,2023-11-16,2023-08-30,2023-10-10,ABBV,5.522758075474943,-7.790398992374692,True,False
TAK,ST,TAKEDA PHARMACEUTICAL COMPANY LIMITED AMERICAN DEPOSITARY SHARES,"Tuesday, August 29, 2023",Sale,"$15,001 - $50,000",NEW,,,Virginia Foxx,2023-09-05,R, NC05,House,,2023-09-06,-19.6360591623903,North Carolina,2023-11-16,2023-08-29,2023-09-05,TAK,-5.964278564559078,9.512718095530914,False,True
NEE,Stock,Nextera Energy,"Tuesday, August 29, 2023",Purchase,"$1,001 - $15,000",New,,,"Carper, Thomas R.",2023-09-05,D,,Senate,,2023-11-09,-24.9089370615265,Delaware,2023-11-14,2023-08-29,2023-09-05,NEE,-11.048800811679572,-15.882883611197618,False,False
NEE,ST,"NEXTERA ENERGY, INC.","Tuesday, August 29, 2023",Sale,"$1,001 - $15,000",NEW, MORGAN STANLEY TRUST ACCOUNT,,Jonathan Jackson,2023-09-11,D, IL01,House,,2023-09-12,-24.9089370615265,Illinois,2023-11-16,2023-08-29,2023-09-11,NEE,11.048800811679572,15.882883611197618,True,True
EME,ST,"EMCOR GROUP, INC.","Tuesday, August 29, 2023",Purchase,"$1,001 - $15,000",NEW, MORGAN STANLEY TRUST ACCOUNT,,Jonathan Jackson,2023-09-11,D, IL01,House,,2023-09-12,32.2787551327499,Illinois,2023-11-16,2023-08-29,2023-09-11,EME,-0.9436639696136173,-3.568044197993181,False,False
NSC,ST,NORFOLK SOUTHERN CORPORATION,"Friday, August 25, 2023",Purchase,"$1,001 - $15,000",NEW, MORGAN STANLEY - SELECT UMA ACCOUNT # 1,,Josh Gottheimer,2023-09-16,D, NJ05,House,,2023-09-18,5.16635556892365,New Jersey,2023-11-16,2023-08-25,2023-09-16,NSC,-2.138997872052406,-1.013765451970161,False,False
ETN,ST,"EATON CORPORATION, PLC ORDINARY SHARES","Friday, August 25, 2023",Purchase,"$1,001 - $15,000",NEW, MORGAN STANLEY - SELECT UMA ACCOUNT # 1,,Josh Gottheimer,2023-09-16,D, NJ05,House,,2023-09-18,16.5612655743456,New Jersey,2023-11-16,2023-08-25,2023-09-16,ETN,-2.1739455988100898,-1.4937540677580463,False,False
SYY,ST,SYSCO CORPORATION,"Thursday, August 24, 2023",Purchase,"$1,001 - $15,000",NEW,,PART OF MY SPOUSE'S RETIREMENT PORTFOLIO.,Earl Blumenauer,2023-09-06,D, OR03,House,,2023-09-07,-1.2864712630336,Oregon,2023-11-16,2023-08-24,2023-09-06,SYY,-0.6997924780943299,-1.0729314370049314,False,False
TGT,ST,TARGET CORPORATION,"Thursday, August 24, 2023",Sale,"$1,001 - $15,000",NEW, MORGAN STANLEY - SELECT UMA ACCOUNT # 1,,Josh Gottheimer,2023-09-16,D, NJ05,House,,2023-09-18,15.2769167472355,New Jersey,2023-11-16,2023-08-24,2023-09-16,TGT,8.652498962861376,-1.0369948970413656,True,False
NSC,ST,NORFOLK SOUTHERN CORPORATION,"Thursday, August 24, 2023",Purchase,"$1,001 - $15,000",NEW, MORGAN STANLEY - SELECT UMA ACCOUNT # 1,,Josh Gottheimer,2023-09-16,D, NJ05,House,,2023-09-18,5.61309016863519,New Jersey,2023-11-16,2023-08-24,2023-09-16,NSC,-1.8352422276913916,-1.5549257325306431,False,False
VZ,ST,VERIZON COMMUNICATIONS INC.,"Thursday, August 24, 2023",Sale,"$1,001 - $15,000",NEW, MORGAN STANLEY - SELECT UMA ACCOUNT # 1,,Josh Gottheimer,2023-09-16,D, NJ05,House,,2023-09-18,1.2525235005206,New Jersey,2023-11-16,2023-08-24,2023-09-16,VZ,-0.2291102653457,-7.773203417677443,False,False
SYY,ST,SYSCO CORPORATION,"Wednesday, August 23, 2023",Purchase,"$1,001 - $15,000",NEW,,PART OF MY SPOUSE'S RETIREMENT PORTFOLIO.,Earl Blumenauer,2023-09-06,D, OR03,House,,2023-09-07,-0.421813482214096,Oregon,2023-11-16,2023-08-23,2023-09-06,SYY,0.2105327202197249,-0.9097874139568418,True,False
MPW,Stock,Medical Properties Trust,"Tuesday, August 22, 2023",Sale (Full),"$1,001 - $15,000",New,,,"Carper, Thomas R.",2023-09-05,D,,Senate,,2023-11-09,-51.7481520229689,Delaware,2023-11-14,2023-08-22,2023-09-05,MPW,20.2540658272213,32.00322228558109,True,True
MA,Stock,Mastercard Inc,"Tuesday, August 22, 2023",Sale (Full),"$1,001 - $15,000",New,,,"Sullivan, Dan",2023-09-18,R,,Senate,,2023-11-09,2.86259163532653,Alaska,2023-09-18,2023-08-22,2023-09-18,MA,-2.6991556744784595,1.9939040058175372,False,True
ACN,Stock,Accenture Plc,"Tuesday, August 22, 2023",Sale (Full),"$15,001 - $50,000",New,,,"Sullivan, Dan",2023-09-18,R,,Senate,,2023-11-09,4.52825260143574,Alaska,2023-09-18,2023-08-22,2023-09-18,ACN,-2.3152289826219197,-3.4792386209197,False,False
AMZN,Stock,"Amazon.com, Inc. - Common Stock","Tuesday, August 22, 2023",Sale (Full),"$1,001 - $15,000",New,,,"Sullivan, Dan",2023-09-18,R,,Senate,,2023-11-09,13.1810212109005,Alaska,2023-09-18,2023-08-22,2023-09-18,AMZN,2.353137141438999,-5.206358158904134,True,False
MSFT,Stock,Microsoft Corp,"Tuesday, August 22, 2023",Sale (Partial),"$1,001 - $15,000",New,,,"Capito, Shelley Moore",2023-09-15,R,,Senate,,2023-11-09,12.3977312995799,West Virginia,2023-09-16,2023-08-22,2023-09-15,MSFT,-0.4030283799028922,-13.407373135588774,False,False
BMY,Stock,Bristol-Myers Squibb Company,"Tuesday, August 22, 2023",Sale (Full),"$1,001 - $15,000",New,,,"Sullivan, Dan",2023-09-18,R,,Senate,,2023-11-09,-32.1303558940056,Alaska,2023-09-18,2023-08-22,2023-09-18,BMY,3.1823507704272003,24.593339265320246,True,True
AAPL,Stock,Apple Inc,"Tuesday, August 22, 2023",Sale (Full),"$15,001 - $50,000",New,,,"Sullivan, Dan",2023-09-18,R,,Senate,,2023-11-09,-19.341906260488,Alaska,2023-09-18,2023-08-22,2023-09-18,AAPL,0.5503230510940704,-4.380665716913912,True,False
COST,Stock,Costco Wholesale Corporation - Common Stock,"Tuesday, August 22, 2023",Sale (Full),"$1,001 - $15,000",New,,,"Sullivan, Dan",2023-09-18,R,,Senate,,2023-11-09,18.0420037151968,Alaska,2023-09-18,2023-08-22,2023-09-18,COST,-4.415483435958423,-4.238388168000817,False,False
ZTS,Stock,Zoetis Inc Cl A,"Tuesday, August 22, 2023",Sale (Full),"$1,001 - $15,000",New,,,"Sullivan, Dan",2023-09-18,R,,Senate,,2023-11-09,-21.8282156241054,Alaska,2023-09-18,2023-08-22,2023-09-18,ZTS,1.5428067191386674,6.810781053115322,True,True
JPM,Stock,JP Morgan Chase & Company,"Tuesday, August 22, 2023",Sale (Full),"$1,001 - $15,000",New,,,"Sullivan, Dan",2023-09-18,R,,Senate,,2023-11-09,13.2633324220209,Alaska,2023-09-18,2023-08-22,2023-09-18,JPM,-1.8308588054869124,-1.0777746754190742,False,False
LOW,Stock,Lowe&#39;s Companies,"Tuesday, August 22, 2023",Sale (Partial),"$1,001 - $15,000",New,,,"Capito, Shelley Moore",2023-09-15,R,,Senate,,2023-11-09,-8.32843372638084,West Virginia,2023-09-16,2023-08-22,2023-09-15,LOW,5.390737028299841,13.0784425267805,True,True
TMO,Stock,Thermo Fisher Scientific Inc,"Tuesday, August 22, 2023",Sale (Full),"$1,001 - $15,000",New,,,"Sullivan, Dan",2023-09-18,R,,Senate,,2023-11-09,-5.90687977058223,Alaska,2023-09-18,2023-08-22,2023-09-18,TMO,3.518993754276545,14.651248881551638,True,True
ALGN,Stock,"Align Technology, Inc. - Common Stock","Tuesday, August 22, 2023",Sale (Full),"$1,001 - $15,000",New,,,"Sullivan, Dan",2023-09-18,R,,Senate,,2023-11-09,-27.342819793253,Alaska,2023-09-18,2023-08-22,2023-09-18,ALGN,13.291753934966833,42.43073727230042,True,True
SQ,ST,"BLOCK, INC. CLASS A COMMON STOCK,","Tuesday, August 22, 2023",Sale,"$1,001 - $15,000",NEW, MORGAN STANLEY - SELECT UMA ACCOUNT # 1,,Josh Gottheimer,2023-09-16,D, NJ05,House,,2023-09-18,26.2412203036149,New Jersey,2023-11-16,2023-08-22,2023-09-16,SQ,17.325753012031463,-2.064345676947865,True,False
PPG,Stock,PPG Industries,"Tuesday, August 22, 2023",Sale (Full),"$1,001 - $15,000",New,,,"Sullivan, Dan",2023-09-18,R,,Senate,,2023-11-09,-17.1021426188626,Alaska,2023-09-18,2023-08-22,2023-09-18,PPG,5.966454359725382,5.666515959600337,True,True
MA,ST,MASTERCARD INCORPORATED,"Tuesday, August 22, 2023",Purchase,"$1,001 - $15,000",NEW, MORGAN STANLEY - SELECT UMA ACCOUNT # 1,,Josh Gottheimer,2023-09-16,D, NJ05,House,,2023-09-18,2.86259163532653,New Jersey,2023-11-16,2023-08-22,2023-09-16,MA,2.6991556744784595,-1.9939040058175372,True,False
TJX,Stock,TJX Companies,"Tuesday, August 22, 2023",Sale (Full),"$15,001 - $50,000",New,,,"Sullivan, Dan",2023-09-18,R,,Senate,,2023-11-09,-7.25704034820383,Alaska,2023-09-18,2023-08-22,2023-09-18,TJX,-1.3902290346535229,3.148977580348089,False,True
ULTA,Stock,Ulta Beauty Inc,"Tuesday, August 22, 2023",Sale (Full),"$1,001 - $15,000",New,,,"Sullivan, Dan",2023-09-18,R,,Senate,,2023-11-09,7.73784374804742,Alaska,2023-09-18,2023-08-22,2023-09-18,ULTA,4.80333877233563,9.441962582363782,True,True
JNJ,Stock,Johnson & Johnson,"Tuesday, August 22, 2023",Sale (Full),"$1,001 - $15,000",New,,,"Sullivan, Dan",2023-09-18,R,,Senate,,2023-11-09,-21.4630891103302,Alaska,2023-09-18,2023-08-22,2023-09-18,JNJ,1.3145239518416951,13.346457769922004,True,True
MSFT,Stock,Microsoft Corp,"Tuesday, August 22, 2023",Sale (Full),"$50,001 - $100,000",New,,,"Sullivan, Dan",2023-09-18,R,,Senate,,2023-11-09,12.3977312995799,Alaska,2023-09-18,2023-08-22,2023-09-18,MSFT,-0.4030283799028922,-13.407373135588774,False,False
ASAZY,ST,ASSA ABLOY AB UNSPONSORED ADR,"Tuesday, August 22, 2023",Purchase,"$1,001 - $15,000",NEW, MORGAN STANLEY - SELECT UMA ACCOUNT # 1,,Josh Gottheimer,2023-09-16,D, NJ05,House,,2023-09-18,17.1652009516746,New Jersey,2023-11-16,2023-08-22,2023-09-16,ASAZY,-2.304975600532866,9.738743017725282,False,True
CVS,Stock,CVS Corp,"Tuesday, August 22, 2023",Sale (Full),"$1,001 - $15,000",New,,,"Sullivan, Dan",2023-09-18,R,,Senate,,2023-11-09,-1.30452488785838,Alaska,2023-09-18,2023-08-22,2023-09-18,CVS,-8.53015383506136,1.8381855215881426,False,True
LRCX,Stock,Lam Research Corp,"Tuesday, August 22, 2023",Sale (Full),"$1,001 - $15,000",New,,,"Sullivan, Dan",2023-09-18,R,,Senate,,2023-11-09,19.7413426163069,Alaska,2023-09-18,2023-08-22,2023-09-18,LRCX,7.15088645741726,-4.204890017459273,True,False
AME,Stock,"AMETEK, Inc.","Tuesday, August 22, 2023",Sale (Full),"$1,001 - $15,000",New,,,"Sullivan, Dan",2023-09-18,R,,Senate,,2023-11-09,0.603599653061512,Alaska,2023-09-18,2023-08-22,2023-09-18,AME,1.054358733438665,3.5652361432658486,True,True
BLK,Stock,Blackrock Inc,"Tuesday, August 22, 2023",Sale (Full),"$1,001 - $15,000",New,,,"Sullivan, Dan",2023-09-18,R,,Senate,,2023-11-09,3.78668754441668,Alaska,2023-09-18,2023-08-22,2023-09-18,BLK,-1.7607213096161645,-4.629443176422621,False,False
PRU,ST,"PRUDENTIAL FINANCIAL, INC.","Tuesday, August 22, 2023",Purchase,"$15,001 - $50,000",NEW,,,Michael C. Burgess,2023-09-06,R, TX26,House,,2023-09-06,8.33127961091344,Texas,2023-11-16,2023-08-22,2023-09-06,PRU,8.793377234892164,0.8573005838485637,True,True
TSCO,Stock,Tractor Supply Company,"Tuesday, August 22, 2023",Sale (Full),"$1,001 - $15,000",New,,,"Sullivan, Dan",2023-09-18,R,,Senate,,2023-11-09,2.86388466419404,Alaska,2023-09-18,2023-08-22,2023-09-18,TSCO,3.5301962045023116,10.289315994551384,True,True
GOOG,Stock,Alphabet Inc. - Class C Capital Stock,"Tuesday, August 22, 2023",Sale (Full),"$15,001 - $50,000",New,,,"Sullivan, Dan",2023-09-18,R,,Senate,,2023-11-09,-7.11781947106948,Alaska,2023-09-18,2023-08-22,2023-09-18,GOOG,-2.599350548320134,-2.7030908625504058,False,False
AAPL,Stock,Apple Inc,"Tuesday, August 22, 2023",Sale (Partial),"$1,001 - $15,000",New,,,"Capito, Shelley Moore",2023-09-15,R,,Senate,,2023-11-09,-19.341906260488,West Virginia,2023-09-16,2023-08-22,2023-09-15,AAPL,0.5503230510940704,-4.380665716913912,True,False
STLA,ST,STELLANTIS N.V. COMMON SHARES,"Tuesday, August 22, 2023",Purchase,"$15,001 - $50,000",NEW,,,Michael C. Burgess,2023-09-06,R, TX26,House,,2023-09-06,40.8048388082027,Texas,2023-11-16,2023-08-22,2023-09-06,STLA,8.166280450702546,10.287543182310689,True,True
HON,Stock,Honeywell International Inc,"Tuesday, August 22, 2023",Sale (Full),"$1,001 - $15,000",New,,,"Sullivan, Dan",2023-09-18,R,,Senate,,2023-11-09,-10.4615341992579,Alaska,2023-09-18,2023-08-22,2023-09-18,HON,-4.225486903120823,0.5300669292368942,False,True
PNC,Stock,"PNC Financial Services Group, Inc. (The) Common St","Tuesday, August 22, 2023",Sale (Full),"$1,001 - $15,000",New,,,"Sullivan, Dan",2023-09-18,R,,Senate,,2023-11-09,8.26343447602946,Alaska,2023-09-18,2023-08-22,2023-09-18,PNC,-3.958281335054925,-5.86819907599585,False,False
SCHW,Stock,The Charles Schwab Corp,"Tuesday, August 22, 2023",Sale (Full),"$1,001 - $15,000",New,,,"Sullivan, Dan",2023-09-18,R,,Senate,,2023-11-09,1.99816371748554,Alaska,2023-09-18,2023-08-22,2023-09-18,SCHW,-0.5146401576215931,3.4656868899402005,False,True
BBY,ST,"BEST BUY CO., INC.","Tuesday, August 22, 2023",Purchase,"$15,001 - $50,000",NEW,,,Michael C. Burgess,2023-09-06,R, TX26,House,,2023-09-06,-11.6350141073802,Texas,2023-11-16,2023-08-22,2023-09-06,BBY,-3.7806231883717567,-11.887455838847483,False,False
CVX,Stock,Chevron Corp,"Tuesday, August 22, 2023",Sale (Full),"$1,001 - $15,000",New,,,"Sullivan, Dan",2023-09-18,R,,Senate,,2023-11-09,-18.9351829975906,Alaska,2023-09-18,2023-08-22,2023-09-18,CVX,-5.1786235940110785,12.860607427873816,False,True
ROK,Stock,Rockwell Automation Inc,"Tuesday, August 22, 2023",Purchase,"$1,001 - $15,000",New,,,"Carper, Thomas R.",2023-09-05,D,,Senate,,2023-11-09,-20.7593558917076,Delaware,2023-11-14,2023-08-22,2023-09-05,ROK,-3.3698579293479303,-10.99655901139367,False,False
AXP,Stock,American Express Company,"Tuesday, August 22, 2023",Sale (Full),"$1,001 - $15,000",New,,,"Sullivan, Dan",2023-09-18,R,,Senate,,2023-11-09,20.5863645046721,Alaska,2023-09-18,2023-08-22,2023-09-18,AXP,1.4353764467454733,0.6443135130363542,True,True
ASAZY,ST,ASSA ABLOY AB UNSPONSORED ADR,"Monday, August 21, 2023",Purchase,"$1,001 - $15,000",NEW, MORGAN STANLEY - SELECT UMA ACCOUNT # 1,,Josh Gottheimer,2023-09-16,D, NJ05,House,,2023-09-18,19.8325213075591,New Jersey,2023-11-16,2023-08-21,2023-09-16,ASAZY,0.4047532005109433,12.008438228645835,True,True
REGN,ST,"REGENERON PHARMACEUTICALS, INC.","Monday, August 21, 2023",Purchase,"$1,001 - $15,000",NEW, MORGAN STANLEY - SELECT UMA ACCOUNT # 1,,Josh Gottheimer,2023-09-16,D, NJ05,House,,2023-09-18,-2.19040648478127,New Jersey,2023-11-16,2023-08-21,2023-09-16,REGN,-1.565231708099779,-8.415523524533198,False,False
META,ST,"META PLATFORMS, INC. - CLASS A","Monday, August 21, 2023",Purchase,"$1,001 - $15,000",NEW, MORGAN STANLEY - SELECT UMA ACCOUNT # 1,,Josh Gottheimer,2023-09-16,D, NJ05,House,,2023-09-18,50.5745879339661,New Jersey,2023-11-16,2023-08-21,2023-09-16,META,3.3149042786503102,13.916527712232597,True,True
TGT,ST,TARGET CORPORATION,"Monday, August 21, 2023",Sale,"$1,001 - $15,000",NEW, MORGAN STANLEY - SELECT UMA ACCOUNT # 1,,Josh Gottheimer,2023-09-16,D, NJ05,House,,2023-09-18,12.0936791279338,New Jersey,2023-11-16,2023-08-21,2023-09-16,TGT,5.830327742155539,1.899440651691009,True,True
MA,ST,MASTERCARD INCORPORATED,"Monday, August 21, 2023",Sale,"$1,001 - $15,000",,,,Pete Sessions,2023-09-05,R, TX17,House,,2023-09-06,4.60072193253507,Texas,2023-11-16,2023-08-21,2023-09-05,MA,-4.349646816064601,0.5065296504890959,False,True
FCX,ST,"FREEPORT-MCMORAN, INC.","Monday, August 21, 2023",Sale,"$1,001 - $15,000",NEW, MORGAN STANLEY - SELECT UMA ACCOUNT # 1,,Josh Gottheimer,2023-09-16,D, NJ05,House,,2023-09-18,-1.23199939588855,New Jersey,2023-11-16,2023-08-21,2023-09-16,FCX,0.1585116366499939,8.725456854895807,True,True
ADYEY,ST,ADYEN NV UNSP/ADR,"Monday, August 21, 2023",Purchase,"$1,001 - $15,000",NEW, MORGAN STANLEY - SELECT UMA ACCOUNT # 1,,Josh Gottheimer,2023-09-16,D, NJ05,House,,2023-09-18,65.3310917206553,New Jersey,2023-11-16,2023-08-21,2023-09-16,ADYEY,-20.03227080654004,27.184659658903797,False,True
WBD,ST,"WARNER BROS. DISCOVERY, INC. - SERIES A","Friday, August 18, 2023",Sale,$469.21,NEW, TRUST ONE,35 SHARES LOSS 55%,Pete Sessions,2023-09-05,R, TX17,House,,2023-09-06,-50.3600146564618,Texas,2023-11-16,2023-08-18,2023-09-05,WBD,10.681897656656492,22.41906025666739,True,True
DASTY,ST,"DASSAULT SYSTEMES, S.A. AMERICAN DEPOSITARY SHARES","Friday, August 18, 2023",Purchase,"$1,001 - $15,000",NEW, MORGAN STANLEY - SELECT UMA ACCOUNT # 1,,Josh Gottheimer,2023-09-16,D, NJ05,House,,2023-09-18,-0.988315853491784,New Jersey,2023-11-16,2023-08-18,2023-09-16,DASTY,-5.5754950240629375,12.635394730873696,False,True
KO,ST,COCA-COLA COMPANY,"Friday, August 18, 2023",Sale,"$1,001 - $15,000",NEW, TRUST ONE,60.8 SHARES,Pete Sessions,2023-09-05,R, TX17,House,,2023-09-06,-18.9387131714969,Texas,2023-11-16,2023-08-18,2023-09-05,KO,6.266033634304435,9.4048504749064,True,True
LLY,ST,ELI LILLY AND COMPANY,"Friday, August 18, 2023",Purchase,"$1,001 - $15,000",NEW, MORGAN STANLEY - SELECT UMA ACCOUNT # 1,,Josh Gottheimer,2023-09-16,D, NJ05,House,,2023-09-18,20.8345025393344,New Jersey,2023-11-16,2023-08-18,2023-09-16,LLY,2.629502193447064,4.574584532699677,True,True
HSHCY,ST,HAIER SMART HOME U/ADR,"Friday, August 18, 2023",Purchase,"$1,001 - $15,000",NEW, MORGAN STANLEY - SELECT UMA ACCOUNT # 1,,Josh Gottheimer,2023-09-16,D, NJ05,House,,2023-09-18,-12.2309603810069,New Jersey,2023-11-16,2023-08-18,2023-09-16,HSHCY,4.5978677521633315,-2.822709710975424,True,False
CHGCY,ST,CHUGAI PHARMACEUTICAL LTD UNSPONSORED ADR,"Friday, August 18, 2023",Purchase,"$1,001 - $15,000",NEW, MORGAN STANLEY - SELECT UMA ACCOUNT # 1,,Josh Gottheimer,2023-09-16,D, NJ05,House,,2023-09-18,21.6865691576257,New Jersey,2023-11-16,2023-08-18,2023-09-16,CHGCY,2.8371330788348637,4.962084673673006,True,True
INTC,Stock Option,Intel Corp,"Friday, August 18, 2023",Purchase,"$1,001 - $15,000",New,,Option Type: Put Strike price: $30.00  Expires: 09/15/2023,"Tuberville, Tommy",2023-09-15,R,,Senate,,2023-11-09,13.0152974366226,Alabama,2023-09-16,2023-08-18,2023-09-15,INTC,14.081800026810631,29.196174289660483,True,True
IBM,ST,INTERNATIONAL BUSINESS MACHINES CORPORATION,"Friday, August 18, 2023",Sale,"$1,001 - $15,000",NEW, TRUST ONE,35 SHARES / SOLD,Pete Sessions,2023-09-05,R, TX17,House,,2023-09-06,17.9345668880742,Texas,2023-11-16,2023-08-18,2023-09-05,IBM,-0.6841515812205712,-5.068217760326199,False,False
PSX,ST,PHILLIPS 66,"Thursday, August 17, 2023",Sale,"$1,001 - $15,000",NEW,,,Robert J. Wittman,2023-09-30,R, VA01,House,,2023-10-04,22.7121459126895,Virginia,2023-11-16,2023-08-17,2023-09-30,PSX,-5.8969362930282765,1.3595606316022302,False,True
PG,ST,PROCTER & GAMBLE COMPANY,"Wednesday, August 16, 2023",Purchase,"$1,001 - $15,000",NEW,,REINVEST SHARES,Lloyd Doggett,2023-09-08,D, TX37,House,,2023-09-11,-11.0094385684444,Texas,2023-11-16,2023-08-16,2023-09-08,PG,-0.8745015615301499,-2.785998713777127,False,False
ARLP,ST,"ALLIANCE RESOURCE PARTNERS, L.P. - COMMON UNITS REPRESENTING LIMITED PARTNERSHIP INTERESTS","Wednesday, August 16, 2023",Purchase,"$1,001 - $15,000",NEW,,,Virginia Foxx,2023-09-05,R, NC05,House,,2023-09-06,-17.4430897641868,North Carolina,2023-11-16,2023-08-16,2023-09-05,ARLP,2.8597077447012342,10.037563407544049,True,True
F,ST,FORD MOTOR COMPANY,"Wednesday, August 16, 2023",Sale,"$15,001 - $50,000",NEW,,PART OF MY SPOUSE'S RETIREMENT PORTFOLIO.,Earl Blumenauer,2023-09-06,D, OR03,House,,2023-09-07,-14.2251385360747,Oregon,2023-11-16,2023-08-16,2023-09-06,F,-5.729714020330223,14.013590439181511,False,True
MMC,ST,"MARSH & MCLENNAN COMPANIES, INC.","Tuesday, August 15, 2023",Purchase,"$1,001 - $15,000",NEW, HERN FAMILY REVOCABLE TRUST > BROKERAGE INVESTMENT ACCOUNT,DIVIDEND REINVESTMENT,Kevin Hern,2023-09-07,R, OK01,House,,2023-09-08,-6.96153461473751,Oklahoma,2023-11-16,2023-08-15,2023-09-07,MMC,2.907913948418095,5.867913168863003,True,True
ARCC,ST,ARES CAPITAL CORPORATION - CLOSED END FUND,"Tuesday, August 15, 2023",Purchase,$155.92,NEW, IRA ONE,8 SHARES,Pete Sessions,2023-08-17,R, TX17,House,,2023-08-17,-11.1404872102546,Texas,2023-11-16,2023-08-15,2023-08-17,ARCC,-1.7735485288352226,1.88484295079413,False,True
MSFT,OP,MICROSOFT CORPORATION,"Tuesday, August 15, 2023",Purchase,"$1,000,001 - $5,000,000",NEW, MORGAN STANLEY - PORTFOLIO MANAGEMENT ACTIVE ASSETS ACCOUNT,CALL OPTIONS; STRIKE PRICE $160; EXPIRES 03/15/2024,Josh Gottheimer,2023-09-16,D, NJ05,House,,2023-09-18,13.8976607254119,New Jersey,2023-11-16,2023-08-15,2023-09-16,MSFT,3.7169523807811577,14.518165362160051,True,True
D,ST,"DOMINION ENERGY, INC.","Tuesday, August 15, 2023",Sale,"$1,001 - $15,000",NEW, TIAA JOINT,,Gerald E. Connolly,2023-08-25,D, VA11,House,,2023-08-28,-15.3978904732043,Virginia,2023-11-16,2023-08-15,2023-08-25,D,0.02979092993935506,6.248151938772817,True,True
TXN,ST,TEXAS INSTRUMENTS INCORPORATED,"Tuesday, August 15, 2023",Purchase,"$1,001 - $15,000",NEW, HERN FAMILY REVOCABLE TRUST > BROKERAGE INVESTMENT ACCOUNT,DIVIDEND REINVESTMENT,Kevin Hern,2023-09-07,R, OK01,House,,2023-09-08,-12.8888036899454,Oklahoma,2023-11-16,2023-08-15,2023-09-07,TXN,-2.7699023964164793,-12.662384591897801,False,False
NWN,ST,NORTHWEST NATURAL HOLDING COMPANY,"Tuesday, August 15, 2023",Purchase,"$1,001 - $15,000",NEW,,DIVIDEND REINVESTMENT. PART OF MY SPOUSE'S RETIREMENT PORTFOLIO.,Earl Blumenauer,2023-09-06,D, OR03,House,,2023-09-07,-24.8105822096842,Oregon,2023-11-16,2023-08-15,2023-09-06,NWN,0.3805857163405868,-10.232789332041692,True,False
MSFT,OP,MICROSOFT CORPORATION,"Tuesday, August 15, 2023",Purchase,"$1,000,001 - $5,000,000",NEW, MORGAN STANLEY - PORTFOLIO MANAGEMENT ACTIVE ASSETS ACCOUNT,CALL OPTIONS; STRIKE PRICE $165; EXPIRES 01/19/2024,Josh Gottheimer,2023-09-16,D, NJ05,House,,2023-09-18,13.8976607254119,New Jersey,2023-11-16,2023-08-15,2023-09-16,MSFT,3.7169523807811577,14.518165362160051,True,True
MSFT,OP,MICROSOFT CORPORATION,"Tuesday, August 15, 2023",Sale,"$1,000,001 - $5,000,000",NEW, MORGAN STANLEY - PORTFOLIO MANAGEMENT ACTIVE ASSETS ACCOUNT,CALL OPTIONS; STRIKE PRICE $170; EXPIRES 06/21/2024,Josh Gottheimer,2023-09-16,D, NJ05,House,,2023-09-18,13.8976607254119,New Jersey,2023-11-16,2023-08-15,2023-09-16,MSFT,-3.7169523807811577,-14.518165362160051,False,False
MSFT,OP,MICROSOFT CORPORATION,"Tuesday, August 15, 2023",Sale,"$1,000,001 - $5,000,000",NEW, MORGAN STANLEY - PORTFOLIO MANAGEMENT ACTIVE ASSETS ACCOUNT,CALL OPTIONS; STRIKE PRICE $170; EXPIRES 06/21/2024,Josh Gottheimer,2023-09-16,D, NJ05,House,,2023-09-18,13.8976607254119,New Jersey,2023-11-16,2023-08-15,2023-09-16,MSFT,-3.7169523807811577,-14.518165362160051,False,False
ACN,ST,ACCENTURE PLC CLASS A ORDINARY SHARES,"Tuesday, August 15, 2023",Purchase,"$1,001 - $15,000",NEW, HERN FAMILY REVOCABLE TRUST > BROKERAGE INVESTMENT ACCOUNT,DIVIDEND REINVESTMENT,Kevin Hern,2023-09-07,R, OK01,House,,2023-09-08,6.37919524777042,Oklahoma,2023-11-16,2023-08-15,2023-09-07,ACN,1.4744462773222056,3.270150368049707,True,True
NVDA,ST,NVIDIA CORPORATION,"Monday, August 14, 2023",Sale,"$15,001 - $50,000",NEW, SCHWAB JM BROKERAGE ACCOUNT,,Daniel Meuser,2023-09-14,R, PA09,House,,2023-09-15,86.5976967974809,Pennsylvania,2023-11-16,2023-08-14,2023-09-14,NVDA,-4.454835762240894,-12.864898928474622,False,False
NVDA,ST,NVIDIA CORPORATION,"Monday, August 14, 2023",Sale,"$100,001 - $250,000",NEW, SCHWAB BROKERAGE ACCOUNT,,Daniel Meuser,2023-09-14,R, PA09,House,,2023-09-15,86.5976967974809,Pennsylvania,2023-11-16,2023-08-14,2023-09-14,NVDA,-4.454835762240894,-12.864898928474622,False,False
ABBV,ST,ABBVIE INC.,"Monday, August 14, 2023",Sale,"$15,001 - $50,000",NEW,,,Michael C. Burgess,2023-09-05,R, TX26,House,,2023-09-06,2.66112871839792,Texas,2023-11-16,2023-08-14,2023-09-05,ABBV,0.2327239057261843,7.210119520600832,True,True
GOOG,ST,ALPHABET INC. - CLASS C CAPITAL STOCK,"Monday, August 14, 2023",Purchase,"$1,001 - $15,000",NEW, MORGAN STANLEY - SELECT UMA ACCOUNT # 1,,Josh Gottheimer,2023-09-16,D, NJ05,House,,2023-09-18,-6.31424525014144,New Jersey,2023-11-16,2023-08-14,2023-09-16,GOOG,4.797237010006661,3.1140670136136306,True,True
GOOGL,ST,ALPHABET INC. - CLASS A,"Monday, August 14, 2023",Sale,"$15,001 - $50,000",NEW,,,Michael C. Burgess,2023-09-06,R, TX26,House,,2023-09-06,-6.65748961652175,Texas,2023-11-16,2023-08-14,2023-09-06,GOOGL,-4.592799089415156,-2.319779231079888,False,False
NVDA,ST,NVIDIA CORPORATION,"Monday, August 14, 2023",Sale,"$15,001 - $50,000",NEW, SCHWAB DM BROKERAGE ACCOUNT,,Daniel Meuser,2023-09-14,R, PA09,House,,2023-09-15,86.5976967974809,Pennsylvania,2023-11-16,2023-08-14,2023-09-14,NVDA,-4.454835762240894,-12.864898928474622,False,False
OKE,ST,"ONEOK, INC.","Monday, August 14, 2023",Purchase,"$1,001 - $15,000",NEW, HERN FAMILY REVOCABLE TRUST > BROKERAGE INVESTMENT ACCOUNT,DIVIDEND REINVESTMENT FILING ID #20023641,Kevin Hern,2023-09-07,R, OK01,House,,2023-09-08,2.59743753658445,Oklahoma,2023-11-16,2023-08-14,2023-09-07,OKE,2.0883646945558554,-0.21492867254476744,True,False
AMZN,ST,"AMAZON.COM, INC.","Monday, August 14, 2023",Sale,"$15,001 - $50,000",NEW,,,Michael C. Burgess,2023-09-06,R, TX26,House,,2023-09-06,9.9228492969883,Texas,2023-11-16,2023-08-14,2023-09-06,AMZN,-3.5409901173453995,-3.1780871143466616,False,False
F,Stock Option,Ford Motor Company,"Monday, August 14, 2023",Purchase,"$1,001 - $15,000",New,,Option Type: Call Strike price: $14.35  Expires: 06/21/2024,"Tuberville, Tommy",2023-09-15,R,,Senate,,2023-11-09,-15.3052209602897,Alabama,2023-09-16,2023-08-14,2023-09-15,F,4.102806565639694,-17.767109433209693,True,False
F,Stock,Ford Motor Company,"Monday, August 14, 2023",Sale (Full),"$100,001 - $250,000",New,,,"Tuberville, Tommy",2023-09-15,R,,Senate,,2023-11-09,-15.3052209602897,Alabama,2023-09-16,2023-08-14,2023-09-15,F,-4.102806565639694,17.767109433209693,False,True
FOXF,ST,FOX FACTORY HOLDING CORP.,"Thursday, August 10, 2023",Purchase,"$1,001 - $15,000",NEW, MORGAN STANLEY - SELECT UMA ACCOUNT # 1,,Josh Gottheimer,2023-09-16,D, NJ05,House,,2023-09-18,-73.8275126527923,New Jersey,2023-11-16,2023-08-10,2023-09-16,FOXF,-10.553085055344358,-48.09190161442606,False,False
NVDA,ST,NVIDIA CORPORATION,"Thursday, August 10, 2023",Sale,"$1,001 - $15,000",NEW, MORGAN STANLEY - SELECT UMA ACCOUNT # 1,,Josh Gottheimer,2023-09-16,D, NJ05,House,,2023-09-18,92.5248720759837,New Jersey,2023-11-16,2023-08-10,2023-09-16,NVDA,-6.16516596633756,-11.80099820843673,False,False
JNJ,ST,JOHNSON & JOHNSON,"Thursday, August 10, 2023",Sale,"$1,001 - $15,000",NEW, MORGAN STANLEY IRA - X141,,Lois Frankel,2023-08-26,D, FL22,House,,2023-08-28,-22.8210214805608,Florida,2023-11-16,2023-08-10,2023-08-26,JNJ,5.94049489501407,10.747955949971477,True,True
SHLS,ST,"SHOALS TECHNOLOGIES GROUP, INC. - CLASS A","Thursday, August 10, 2023",Purchase,"$1,001 - $15,000",NEW, MORGAN STANLEY - SELECT UMA ACCOUNT # 1,,Josh Gottheimer,2023-09-16,D, NJ05,House,,2023-09-18,-59.5765017735708,New Jersey,2023-11-16,2023-08-10,2023-09-16,SHLS,-3.5247414987212067,-31.346830644258205,False,False
KVUE,ST,KENVUE INC.,"Thursday, August 10, 2023",Purchase,"$1,001 - $15,000",NEW, MORGAN STANLEY IRA - X141,,Lois Frankel,2023-08-26,D, FL22,House,,2023-08-28,-27.6606719350069,Florida,2023-11-16,2023-08-10,2023-08-26,KVUE,-5.979579544706537,-16.08899222958444,False,False
RY,ST,ROYAL BANK OF CANADA,"Wednesday, August 9, 2023",Purchase,"$15,001",,,,Michael C. Burgess,2023-09-06,R, TX26,House,,2023-09-06,-10.1721041632395,Texas,2023-11-16,2023-08-09,2023-09-06,RY,-7.025413366247757,-9.434528005351538,False,False
UPS,ST,"UNITED PARCEL SERVICE, INC.","Wednesday, August 9, 2023",Purchase,"$15,001 - $50,000",NEW,,,Michael C. Burgess,2023-09-06,R, TX26,House,,2023-09-06,-29.2577218218158,Texas,2023-11-16,2023-08-09,2023-09-06,UPS,-9.990348945333738,-18.918192350278208,False,False
AMD,ST,"ADVANCED MICRO DEVICES, INC.","Wednesday, August 9, 2023",Purchase,"$1,001 - $15,000",NEW,,,Michael C. Burgess,2023-09-06,R, TX26,House,,2023-09-06,58.189388395508,Texas,2023-11-16,2023-08-09,2023-09-06,AMD,-3.7361291808339137,4.697019387899715,False,True
IFF,ST,"INTERNATIONAL FLAVORS & FRAGRANCES, INC.","Wednesday, August 9, 2023",Sale,"$1,001 - $15,000",NEW, MORGAN STANLEY IRA - X142,,Lois Frankel,2023-08-26,D, FL22,House,,2023-08-28,15.1371108083929,Florida,2023-11-16,2023-08-09,2023-08-26,IFF,-7.989813485248732,-14.244672678644632,False,False
CC,ST,CHEMOURS COMPANY,"Wednesday, August 9, 2023",Purchase,"$15,001 - $50,000",NEW,,,Michael C. Burgess,2023-09-05,R, TX26,House,,2023-09-06,-38.5265891997108,Texas,2023-11-16,2023-08-09,2023-09-05,CC,-9.967874755477911,-28.56233836986607,False,False
CME,ST,CME GROUP INC. - CLASS A,"Wednesday, August 9, 2023",Purchase,"$15,001 - $50,000",NEW,,PURCHASE OF 100 SHARES,Michael C. Burgess,2023-09-05,R, TX26,House,,2023-09-06,-9.44586790493187,Texas,2023-11-16,2023-08-09,2023-09-05,CME,-0.5120951999236567,4.827269790578848,False,True
SHV,ST,ISHARES SHORT TREASURY BOND ETF,"Wednesday, August 9, 2023",Purchase,"$1,001 - $15,000",NEW, MORGAN STANLEY IRA - X142,,Lois Frankel,2023-08-26,D, FL22,House,,2023-08-28,-14.5718258833541,Florida,2023-11-16,2023-08-09,2023-08-26,SHV,0.27416444527376127,2.053947081515217,True,True
BX,ST,BLACKSTONE INC.,"Wednesday, August 9, 2023",Purchase,"$15,001 - $50,000",NEW,,,Michael C. Burgess,2023-09-06,R, TX26,House,,2023-09-06,10.0950838787882,Texas,2023-11-16,2023-08-09,2023-09-06,BX,12.797443007564501,0.840505318037077,True,True
PR,ST,PERMIAN RESOURCES CORPORATION CLASS A,"Wednesday, August 9, 2023",Purchase,"$1,001 - $15,000",NEW, TR - SP,,Michael Patrick Guest,2023-08-23,R, MS03,House,,2023-08-25,19.3302140842233,Mississippi,2023-11-16,2023-08-09,2023-08-23,PR,16.664883245819173,12.984001750124385,True,True
UPS,ST,"UNITED PARCEL SERVICE, INC.","Wednesday, August 9, 2023",Purchase,"$15,001 - $50,000",NEW,,,Michael C. Burgess,2023-09-05,R, TX26,House,,2023-09-06,-29.2577218218158,Texas,2023-11-16,2023-08-09,2023-09-05,UPS,-9.990348945333738,-18.918192350278208,False,False
JNJ,ST,JOHNSON & JOHNSON,"Monday, August 7, 2023",Purchase,"$1,001 - $15,000",NEW, TRUST - KF19,,Michael Patrick Guest,2023-08-23,R, MS03,House,,2023-08-25,-22.1263469825181,Mississippi,2023-11-16,2023-08-07,2023-08-23,JNJ,-7.545424783620747,-8.98862753745493,False,False
TSLA,ST,"TESLA, INC.","Monday, August 7, 2023",Purchase,"$1,001 - $15,000",NEW, TRUST - KF19,,Michael Patrick Guest,2023-08-23,R, MS03,House,,2023-08-25,-48.4563458716876,Mississippi,2023-11-16,2023-08-07,2023-08-23,TSLA,1.3590023167500798,-9.423596772334298,True,False
LOW,ST,"LOWE'S COMPANIES, INC.","Monday, August 7, 2023",Purchase,"$1,001 - $15,000",NEW, TRUST - KF19,,Michael Patrick Guest,2023-08-23,R, MS03,House,,2023-08-25,-3.91009700806576,Mississippi,2023-11-16,2023-08-07,2023-08-23,LOW,3.9978797039767366,-9.644190664193541,True,False
GD,ST,GENERAL DYNAMICS CORPORATION,"Monday, August 7, 2023",Purchase,"$1,001 - $15,000",NEW, TRUST - KF19,,Michael Patrick Guest,2023-08-23,R, MS03,House,,2023-08-25,7.62944190626654,Mississippi,2023-11-16,2023-08-07,2023-08-23,GD,-2.850978142389682,10.742451064323276,False,True
ABBV,ST,ABBVIE INC.,"Monday, August 7, 2023",Purchase,"$1,001 - $15,000",NEW, TRUST - KF19,,Michael Patrick Guest,2023-08-23,R, MS03,House,,2023-08-25,4.81929692209338,Mississippi,2023-11-16,2023-08-07,2023-08-23,ABBV,-1.9676740290416106,-2.699135181611123,False,False
UBER,ST,"UBER TECHNOLOGIES, INC.","Monday, August 7, 2023",Purchase,"$1,001 - $15,000",NEW, TRUST - KF19,,Michael Patrick Guest,2023-08-23,R, MS03,House,,2023-08-25,55.7254287564922,Mississippi,2023-11-16,2023-08-07,2023-08-23,UBER,3.285547001933109,10.470944405217232,True,True
JPM,ST,JP MORGAN CHASE & CO.,"Monday, August 7, 2023",Purchase,"$1,001 - $15,000",NEW, TRUST - KF19,,Michael Patrick Guest,2023-08-23,R, MS03,House,,2023-08-25,7.88871244813345,Mississippi,2023-11-16,2023-08-07,2023-08-23,JPM,-6.355337002482364,-4.7146203867180825,False,False
XOM,ST,EXXON MOBIL CORPORATION,"Monday, August 7, 2023",Purchase,"$1,001 - $15,000",NEW, TRUST - KF19,,Michael Patrick Guest,2023-08-23,R, MS03,House,,2023-08-25,-9.71040998638954,Mississippi,2023-11-16,2023-08-07,2023-08-23,XOM,7.9911208255766475,2.133507119064171,True,True
LNC,ST,LINCOLN NATIONAL CORPORATION,"Monday, August 7, 2023",Purchase,"$1,001 - $15,000",NEW, TRUST - KF19,,Michael Patrick Guest,2023-08-23,R, MS03,House,,2023-08-25,-15.5323682331305,Mississippi,2023-11-16,2023-08-07,2023-08-23,LNC,-6.53134693461338,-10.513711623813238,False,False
WMT,ST,WALMART INC.,"Monday, August 7, 2023",Purchase,"$1,001 - $15,000",NEW, TRUST - KF19,,Michael Patrick Guest,2023-08-23,R, MS03,House,,2023-08-25,-0.079494563624861,Mississippi,2023-11-16,2023-08-07,2023-08-23,WMT,1.7827179867622167,6.109545963811058,True,True
CVX,ST,CHEVRON CORPORATION,"Monday, August 7, 2023",Purchase,"$1,001 - $15,000",NEW, TRUST - KF19,,Michael Patrick Guest,2023-08-23,R, MS03,House,,2023-08-25,-16.2214179041464,Mississippi,2023-11-16,2023-08-07,2023-08-23,CVX,5.387487479030839,-4.687618744098632,True,False
AAPL,ST,APPLE INC.,"Monday, August 7, 2023",Sale,"$15,001 - $50,000",NEW, MORGAN STANLEY - SELECT UMA ACCOUNT # 1,,Josh Gottheimer,2023-09-16,D, NJ05,House,,2023-09-18,-16.9904177265537,New Jersey,2023-11-16,2023-08-07,2023-09-16,AAPL,-3.442143207053383,-3.5866361275915803,False,False
AAPL,ST,APPLE INC.,"Monday, August 7, 2023",Purchase,"$1,001 - $15,000",NEW, TRUST - KF19,,Michael Patrick Guest,2023-08-23,R, MS03,House,,2023-08-25,-16.9904177265537,Mississippi,2023-11-16,2023-08-07,2023-08-23,AAPL,3.442143207053383,3.5866361275915803,True,True
MDT,ST,MEDTRONIC PLC. ORDINARY SHARES,"Monday, August 7, 2023",Purchase,"$1,001 - $15,000",NEW, TRUST - KF19,,Michael Patrick Guest,2023-08-23,R, MS03,House,,2023-08-25,-14.864464430881,Mississippi,2023-11-16,2023-08-07,2023-08-23,MDT,-3.561155416780215,-9.963884791359911,False,False
AMZN,ST,"AMAZON.COM, INC.","Monday, August 7, 2023",Purchase,"$1,001 - $15,000",NEW, TRUST - KF19,,Michael Patrick Guest,2023-08-23,R, MS03,House,,2023-08-25,9.13392698785888,Mississippi,2023-11-16,2023-08-07,2023-08-23,AMZN,-3.6514273139819697,1.630399159843987,False,True
SWX,ST,"SOUTHWEST GAS HOLDINGS, INC. COMMON STOCK","Monday, August 7, 2023",Purchase,"$1,001 - $15,000",NEW, TRUST - KF19,,Michael Patrick Guest,2023-08-23,R, MS03,House,,2023-08-25,-3.09685911118198,Mississippi,2023-11-16,2023-08-07,2023-08-23,SWX,-5.260479861176249,-3.508984262141024,False,False
VLO,ST,VALERO ENERGY CORPORATION,"Monday, August 7, 2023",Purchase,"$1,001 - $15,000",NEW, TRUST - KF19,,Michael Patrick Guest,2023-08-23,R, MS03,House,,2023-08-25,13.1075355843106,Mississippi,2023-11-16,2023-08-07,2023-08-23,VLO,4.838267192079448,0.6902892728804844,True,True
NEE,ST,"NEXTERA ENERGY, INC.","Monday, August 7, 2023",Purchase,"$1,001 - $15,000",NEW, TRUST - KF19,,Michael Patrick Guest,2023-08-23,R, MS03,House,,2023-08-25,-25.9779142482968,Mississippi,2023-11-16,2023-08-07,2023-08-23,NEE,-3.12569519880207,-10.611838500086247,False,False
NVDA,ST,NVIDIA CORPORATION,"Monday, August 7, 2023",Purchase,"$1,001 - $15,000",NEW, TRUST - KF19,,Michael Patrick Guest,2023-08-23,R, MS03,House,,2023-08-25,79.8951258452359,Mississippi,2023-11-16,2023-08-07,2023-08-23,NVDA,4.791878119662818,4.109580030460935,True,True
MCD,ST,MCDONALD'S CORPORATION,"Monday, August 7, 2023",Purchase,"$1,001 - $15,000",NEW, TRUST - KF19,,Michael Patrick Guest,2023-08-23,R, MS03,House,,2023-08-25,-17.7143270004954,Mississippi,2023-11-16,2023-08-07,2023-08-23,MCD,-4.304918790944267,-4.343736944035259,False,False
MSFT,ST,MICROSOFT CORPORATION,"Monday, August 7, 2023",Purchase,"$1,001 - $15,000",NEW, TRUST - KF19,,Michael Patrick Guest,2023-08-23,R, MS03,House,,2023-08-25,12.6387784003852,Mississippi,2023-11-16,2023-08-07,2023-08-23,MSFT,2.0112061296384764,11.377570618533639,True,True
ABNB,ST,"AIRBNB, INC. - CLASS A","Monday, August 7, 2023",Purchase,"$1,001 - $15,000",NEW, TRUST - KF19,,Michael Patrick Guest,2023-08-23,R, MS03,House,,2023-08-25,-1.32828082771364,Mississippi,2023-11-16,2023-08-07,2023-08-23,ABNB,0.17348768260684322,-14.104876412106815,True,False
NFLX,ST,"NETFLIX, INC.","Monday, August 7, 2023",Purchase,"$1,001 - $15,000",NEW, MORGAN STANLEY - SELECT UMA ACCOUNT # 1,,Josh Gottheimer,2023-09-16,D, NJ05,House,,2023-09-18,23.9555128836057,New Jersey,2023-11-16,2023-08-07,2023-09-16,NFLX,2.306490126939731,2.008346316336773,True,True
SHV,ST,ISHARES SHORT TREASURY BOND ETF,"Monday, August 7, 2023",Purchase,"$1,001 - $15,000",NEW, MORGAN STANLEY IRA - X142,,Lois Frankel,2023-08-26,D, FL22,House,,2023-08-28,-13.2890285216204,Florida,2023-11-16,2023-08-07,2023-08-26,SHV,1.1811652531837913,3.4286769824749097,True,True
TSCO,ST,TRACTOR SUPPLY COMPANY,"Monday, August 7, 2023",Purchase,"$1,001 - $15,000",NEW, TRUST - KF19,,Michael Patrick Guest,2023-08-23,R, MS03,House,,2023-08-25,1.91036294428919,Mississippi,2023-11-16,2023-08-07,2023-08-23,TSCO,-1.996674140473087,-7.195845790995126,False,False
ORCL,ST,ORACLE CORPORATION,"Monday, August 7, 2023",Purchase,"$1,001 - $15,000",NEW, TRUST - KF19,,Michael Patrick Guest,2023-08-23,R, MS03,House,,2023-08-25,-5.37613015814059,Mississippi,2023-11-16,2023-08-07,2023-08-23,ORCL,8.260805549347161,-2.6464966864867323,True,False
ELF,ST,"E.L.F. BEAUTY, INC.","Monday, August 7, 2023",Purchase,"$1,001 - $15,000",NEW, TRUST - KF19,,Michael Patrick Guest,2023-08-23,R, MS03,House,,2023-08-25,38.8000528826115,Mississippi,2023-11-16,2023-08-07,2023-08-23,ELF,3.3722425623262664,-18.948206256543322,True,False
ALL,ST,ALLSTATE CORPORATION,"Monday, August 7, 2023",Purchase,"$1,001 - $15,000",NEW, TRUST - KF19,,Michael Patrick Guest,2023-08-23,R, MS03,House,,2023-08-25,32.962155374453,Mississippi,2023-11-16,2023-08-07,2023-08-23,ALL,-1.365387070212476,21.23583745649842,False,True
ET,ST,ENERGY TRANSFER LP COMMON UNITS,"Friday, August 4, 2023",Sale,"$250,001 - $500,000",NEW, EQUITABLE RETIREMENT ACCOUNT,,Mark Dr Green,2023-08-08,R, TN07,House,,2023-08-09,5.783290283802,Tennessee,2023-11-16,2023-08-04,2023-08-08,ET,-7.658601809430077,-10.558977395933155,False,False
NGL,ST,NGL ENERGY PARTNERS LP COMMON UNITS REPRESENTING LIMITED PARTNER INTERESTS,"Friday, August 4, 2023",Purchase,"$250,001 - $500,000",NEW, EQUITABLE RETIREMENT ACCOUNT,,Mark Dr Green,2023-08-08,R, TN07,House,,2023-08-09,29.1146487264596,Tennessee,2023-11-16,2023-08-04,2023-08-08,NGL,-7.374262877581428,4.777616430825294,False,True
SPY,OP,SPDR S&P 500,"Friday, August 4, 2023",Sale,"$15,001 - $50,000",NEW, EQUITABLE RETIREMENT ACCOUNT,SELL OF JAN 24 SPY 440 PUT,Mark Dr Green,2023-08-08,R, TN07,House,,2023-08-09,-0.426006030681805,Tennessee,2023-11-16,2023-08-04,2023-08-08,SPY,-0.12402622497791338,0.013545624617261609,False,True
CHRD,ST,CHORD ENERGY CORPORATION,"Friday, August 4, 2023",Purchase,"$15,001 - $50,000",NEW, TR - SP,,Michael Patrick Guest,2023-08-23,R, MS03,House,,2023-08-25,-10.0608097735958,Mississippi,2023-11-16,2023-08-04,2023-08-23,CHRD,2.721494559958648,13.002567844113589,True,True
SPG,ST,"SIMON PROPERTY GROUP, INC.","Thursday, August 3, 2023",Purchase,"$15,001 - $50,000",NEW, TD AMERITRADE ROTH IRA,THIS TRANSACTION WAS MADE BY JASON SPARTZ (SPOUSE) ROTH IRA,Victoria Spartz,2023-08-22,R, IN05,House,,2023-08-25,13.4023531485346,Indiana,2023-11-16,2023-08-03,2023-08-22,SPG,-2.7852966253574696,0.8973912111737481,False,True
PLD,ST,"PROLOGIS, INC.","Thursday, August 3, 2023",Purchase,"$1,001 - $15,000",NEW, MORGAN STANLEY IRA - X141,,Lois Frankel,2023-08-26,D, FL22,House,,2023-08-28,-9.76138640047236,Florida,2023-11-16,2023-08-03,2023-08-26,PLD,-1.3091313477610278,-12.073906684925706,False,False
KVUE,ST,KENVUE INC.,"Thursday, August 3, 2023",Purchase,"$1,001 - $15,000",NEW, MORGAN STANLEY IRA - X141,,Lois Frankel,2023-08-26,D, FL22,House,,2023-08-28,-29.1841199190254,Florida,2023-11-16,2023-08-03,2023-08-26,KVUE,-5.639996151027226,-15.435674551972845,False,False
MRK,ST,"MERCK & COMPANY, INC. COMMON STOCK","Wednesday, August 2, 2023",Sale,"$1,001 - $15,000",NEW, MORGAN STANLEY IRA - X141,,Lois Frankel,2023-08-26,D, FL22,House,,2023-08-28,1.3198627297412,Florida,2023-11-16,2023-08-02,2023-08-26,MRK,-3.864013059848581,-4.242708835299236,False,False
TXN,ST,TEXAS INSTRUMENTS INCORPORATED,"Wednesday, August 2, 2023",Sale,"$1,001 - $15,000",NEW, MORGAN STANLEY IRA - X141,,Lois Frankel,2023-08-26,D, FL22,House,,2023-08-28,-13.6006317392055,Florida,2023-11-16,2023-08-02,2023-08-26,TXN,1.5663022518375591,10.565791751907005,True,True
PLD,ST,"PROLOGIS, INC.","Wednesday, August 2, 2023",Purchase,"$1,001 - $15,000",NEW, MORGAN STANLEY IRA - X141,,Lois Frankel,2023-08-26,D, FL22,House,,2023-08-28,-9.32943089705042,Florida,2023-11-16,2023-08-02,2023-08-26,PLD,0.6830345368671775,-11.458849980107944,True,False
KVUE,ST,KENVUE INC.,"Wednesday, August 2, 2023",Purchase,"$1,001 - $15,000",NEW, MORGAN STANLEY IRA - X141,,Lois Frankel,2023-08-26,D, FL22,House,,2023-08-28,-28.5424221770171,Florida,2023-11-16,2023-08-02,2023-08-26,KVUE,-3.985788672579038,-15.094799080794697,False,False
T,ST,AT&T INC.,"Wednesday, August 2, 2023",Purchase,"$1,001 - $15,000",NEW, AT&T INC. 5% PFDPFD SER A (T+A),,Virginia Foxx,2023-09-05,R, NC05,House,,2023-09-06,5.16830632297564,North Carolina,2023-11-16,2023-08-02,2023-09-05,T,2.0378549803218293,14.397997958080733,True,True
T,ST,AT&T INC.,"Tuesday, August 1, 2023",Sale,"$1,001 - $15,000",NEW, KINV - CP,,Michael Patrick Guest,2023-08-23,R, MS03,House,,2023-08-25,7.15818589346178,Mississippi,2023-11-16,2023-08-01,2023-08-23,T,-4.935727880831831,-15.669681521607492,False,False
WBD,ST,"WARNER BROS. DISCOVERY, INC. - SERIES A","Tuesday, August 1, 2023",Sale,"$1,001 - $15,000",NEW, TRUST - KF19,,Michael Patrick Guest,2023-08-23,R, MS03,House,,2023-08-25,-45.7167169814411,Mississippi,2023-11-16,2023-08-01,2023-08-23,WBD,-3.6070617739187627,14.509025189748769,False,True
T,ST,AT&T INC.,"Tuesday, August 1, 2023",Sale,"$1,001 - $15,000",NEW,,,Michael Patrick Guest,2023-08-23,R, MS03,House,,2023-08-25,7.15818589346178,Mississippi,2023-11-16,2023-08-01,2023-08-23,T,-4.935727880831831,-15.669681521607492,False,False
DHR,ST,DANAHER CORPORATION,"Monday, July 31, 2023",Purchase,"$1,001 - $15,000",NEW, KEAN FAMILY PARTNERSHIP,,Thomas H. Kean Jr.,2023-09-18,R, NJ07,House,,2023-09-19,-1.42937103083403,New Jersey,2023-11-16,2023-07-31,2023-09-18,DHR,5.186238792891595,-8.940694337035815,True,False
LIN,ST,LINDE PLC ORDINARY SHARES,"Monday, July 31, 2023",Purchase,"$15,001 - $50,000",NEW, MORGAN STANLEY TRUST ACCOUNT,,Jonathan Jackson,2023-08-09,D, IL01,House,,2023-08-10,8.12682019232963,Illinois,2023-11-16,2023-07-31,2023-08-09,LIN,0.6981482621417734,6.178577576759958,True,True
JPM,ST,JP MORGAN CHASE & CO.,"Monday, July 31, 2023",Purchase,"$1,001 - $15,000",NEW, HERN FAMILY REVOCABLE TRUST > BROKERAGE INVESTMENT ACCOUNT,DIVIDEND REINVESTMENT,Kevin Hern,2023-08-16,R, OK01,House,,2023-08-17,8.74728487078753,Oklahoma,2023-11-16,2023-07-31,2023-08-16,JPM,-4.589576933859374,-3.804262625684074,False,False
PG,ST,PROCTER & GAMBLE COMPANY,"Monday, July 31, 2023",Purchase,"$1,001 - $15,000",NEW,,,Robert J. Wittman,2023-09-30,R, VA01,House,,2023-10-04,-8.47609278485293,Virginia,2023-11-16,2023-07-31,2023-09-30,PG,0.16858351897360846,4.694870155545727,True,True
KD,ST,"KYNDRYL HOLDINGS, INC.","Friday, July 28, 2023",Sale,$163.20,NEW, TRUST ONE,7 SHARES,Pete Sessions,2023-08-17,R, TX17,House,,2023-08-17,51.6739422298675,Texas,2023-11-16,2023-07-28,2023-08-17,KD,-26.09411726603569,-16.746219431303743,False,False
UNP,ST,UNION PACIFIC CORPORATION,"Thursday, July 27, 2023",Sale,"$1,001 - $15,000",NEW,,,Robert J. Wittman,2023-09-30,R, VA01,House,,2023-10-04,-7.84897046084157,Virginia,2023-11-16,2023-07-27,2023-09-30,UNP,0.9629617716069849,3.8534602091390258,True,True
ABBV,ST,ABBVIE INC.,"Thursday, July 27, 2023",Sale,"$1,001 - $15,000",NEW, MORGAN STANLEY - SELECT UMA ACCOUNT # 1,,Josh Gottheimer,2023-08-21,D, NJ05,House,,2023-08-22,6.47077403440324,New Jersey,2023-11-16,2023-07-27,2023-08-21,ABBV,-1.3402708828588406,-5.315924907771496,False,False
MS,ST,MORGAN STANLEY,"Wednesday, July 26, 2023",Sale,"$1,001 - $15,000",NEW, MORGAN STANLEY IRA - X141,,Lois Frankel,2023-08-26,D, FL22,House,,2023-08-28,-17.7816793350923,Florida,2023-11-16,2023-07-26,2023-08-26,MS,7.506353835459989,16.511165332093913,True,True
TGT,ST,TARGET CORPORATION,"Wednesday, July 26, 2023",Purchase,"$1,001 - $15,000",NEW, MORGAN STANLEY IRA - X141,,Lois Frankel,2023-08-26,D, FL22,House,,2023-08-28,9.85857110908847,Florida,2023-11-16,2023-07-26,2023-08-26,TGT,-5.903253686284671,-12.1921927298835,False,False
MMM,Stock,3M Company,"Tuesday, July 25, 2023",Purchase,"$1,001 - $15,000",New,,,"Tuberville, Tommy",2023-08-14,R,,Senate,,2023-08-14,-16.6898500403459,Alabama,2023-08-28,2023-07-25,2023-08-14,MMM,-6.130903322206926,-14.389266249216314,False,False
CLF,Stock Option,Cleveland-Cliffs Inc. Common Stock,"Tuesday, July 25, 2023",Sale (Full),"$1,001 - $15,000",New,,Option Type: Call Strike price: $18.00  Expires: 10/20/2023,"Tuberville, Tommy",2023-08-14,R,,Senate,,2023-08-14,0.108310567158284,Alabama,2023-08-28,2023-07-25,2023-08-14,CLF,11.799030454190762,10.587288121824812,True,True
PFE,Stock,"Pfizer, Inc. Common Stock","Tuesday, July 25, 2023",Purchase,"$1,001 - $15,000",New,,,"Tuberville, Tommy",2023-08-14,R,,Senate,,2023-08-14,-36.9008870750135,Alabama,2023-08-28,2023-07-25,2023-08-14,PFE,1.7565410264747339,-9.111499003601553,True,False
VZ,Stock,Verizon Communications Inc. Common Stock,"Tuesday, July 25, 2023",Purchase,"$1,001 - $15,000",New,,,"Tuberville, Tommy",2023-08-14,R,,Senate,,2023-08-14,3.0407994298208,Alabama,2023-08-28,2023-07-25,2023-08-14,VZ,1.673355484882999,-0.6515065675084419,True,False
FCX,ST,"FREEPORT-MCMORAN, INC.","Tuesday, July 25, 2023",Sale,"$1,001 - $15,000",NEW, MORGAN STANLEY - SELECT UMA ACCOUNT # 1,,Josh Gottheimer,2023-08-21,D, NJ05,House,,2023-08-22,-10.1863994736687,New Jersey,2023-11-16,2023-07-25,2023-08-21,FCX,7.922988232522876,15.628430027217277,True,True
PG,Stock Option,Procter & Gamble Company (The) Common Stock,"Monday, July 24, 2023",Sale (Full),"$1,001 - $15,000",New,,Option Type: Put Strike price: $145.00  Expires: 06/21/2024,"Tuberville, Tommy",2023-08-14,R,,Senate,,2023-08-14,-7.43473222854479,Alabama,2023-08-28,2023-07-24,2023-08-14,PG,-2.4937908880863446,-3.9772035656924665,False,False
AMD,ST,"ADVANCED MICRO DEVICES, INC.","Monday, July 24, 2023",Purchase,"$1,001 - $15,000",NEW, MORGAN STANLEY - SELECT UMA ACCOUNT # 1,,Josh Gottheimer,2023-08-21,D, NJ05,House,,2023-08-22,60.1099219286184,New Jersey,2023-11-16,2023-07-24,2023-08-21,AMD,1.5377850420631112,-2.1709975082372046,True,False
CLF,Stock,Cleveland-Cliffs Inc,"Monday, July 24, 2023",Purchase,"$50,001 - $100,000",New,,,"Tuberville, Tommy",2023-08-14,R,,Senate,,2023-08-14,7.06193535167603,Alabama,2023-08-28,2023-07-24,2023-08-14,CLF,-5.51169733623238,-5.549621825059548,False,False
CRM,ST,"SALESFORCE, INC.","Friday, July 21, 2023",Sale,"$1,001 - $15,000",NEW, TRUST ONE,5 SHARES,Pete Sessions,2023-07-27,R, TX17,House,,2023-07-28,15.9580631850497,Texas,2023-11-16,2023-07-21,2023-07-27,CRM,5.333718106324614,2.9607133412254405,True,True
PSX,ST,PHILLIPS 66,"Friday, July 21, 2023",Sale,"$15,001 - $50,000",NEW,,,Michael C. Burgess,2023-08-08,R, TX26,House,,2023-08-09,37.3113459196629,Texas,2023-11-16,2023-07-21,2023-08-08,PSX,-10.19869582197206,-14.64221690413654,False,False
CI,ST,THE CIGNA GROUP,"Friday, July 21, 2023",Sale,"$15,001 - $50,000",NEW,,,Michael C. Burgess,2023-08-08,R, TX26,House,,2023-08-09,6.73856987444855,Texas,2023-11-16,2023-07-21,2023-08-08,CI,1.2478497549846868,-11.277506563265248,True,False
ZTS,ST,ZOETIS INC. CLASS A,"Friday, July 21, 2023",Purchase,"$1,001 - $15,000",NEW,,,Robert J. Wittman,2023-09-30,R, VA01,House,,2023-10-04,-19.0616073911308,Virginia,2023-11-16,2023-07-21,2023-09-30,ZTS,1.539268962143081,-2.735159812688992,True,False
DG,ST,DOLLAR GENERAL CORPORATION,"Friday, July 21, 2023",Sale,"$1,001 - $15,000",NEW,,,Robert J. Wittman,2023-09-30,R, VA01,House,,2023-10-04,-22.161064506856,Virginia,2023-11-16,2023-07-21,2023-09-30,DG,-0.13189007451260837,25.17468903233202,False,True
HLN,ST,HALEON PLC AMERICAN DEPOSITARY SHARES,"Friday, July 21, 2023",Purchase,"$1,001 - $15,000",NEW, MORGAN STANLEY - SELECT UMA ACCOUNT # 1,,Josh Gottheimer,2023-08-21,D, NJ05,House,,2023-08-22,-19.6242638859449,New Jersey,2023-11-16,2023-07-21,2023-08-21,HLN,-3.963549868721039,-1.841659085102565,False,False
HLN,ST,HALEON PLC AMERICAN DEPOSITARY SHARES,"Thursday, July 20, 2023",Purchase,"$1,001 - $15,000",NEW, MORGAN STANLEY - SELECT UMA ACCOUNT # 1,,Josh Gottheimer,2023-08-21,D, NJ05,House,,2023-08-22,-18.1422603003465,New Jersey,2023-11-16,2023-07-20,2023-08-21,HLN,-2.5065718352014765,-0.7427467904750351,False,False
ISRG,ST,"INTUITIVE SURGICAL, INC.","Thursday, July 20, 2023",Purchase,"$1,001 - $15,000",NEW, BILL'S IRA,,William R. Keating,2023-07-31,D, MA09,House,,2023-08-02,0.871238931250801,Massachusetts,2023-11-16,2023-07-20,2023-07-31,ISRG,-14.563861570674263,-15.892911601672111,False,False
GMAB,ST,GENMAB A/S - AMERICAN DEPOSITARY SHARES,"Thursday, July 20, 2023",Purchase,"$1,001 - $15,000",NEW, MORGAN STANLEY - SELECT UMA ACCOUNT # 1,,Josh Gottheimer,2023-08-21,D, NJ05,House,,2023-08-22,-40.8820845291937,New Jersey,2023-11-16,2023-07-20,2023-08-21,GMAB,-8.6010778563688,-24.262173724745793,False,False
AAGIY,ST,"AIA GROUP, LTD. SPONSORED AMERICAN DEPOSITORY RECEIPT","Thursday, July 20, 2023",Sale,"$1,001 - $15,000",NEW, MORGAN STANLEY - SELECT UMA ACCOUNT # 1,,Josh Gottheimer,2023-08-21,D, NJ05,House,,2023-08-22,-34.4069447444703,New Jersey,2023-11-16,2023-07-20,2023-08-21,AAGIY,10.256532541796359,7.014436056494011,True,True
HLN,ST,HALEON PLC AMERICAN DEPOSITARY SHARES,"Wednesday, July 19, 2023",Purchase,"$1,001 - $15,000",NEW, MORGAN STANLEY - SELECT UMA ACCOUNT # 1,,Josh Gottheimer,2023-08-21,D, NJ05,House,,2023-08-22,-16.5276227153426,New Jersey,2023-11-16,2023-07-19,2023-08-21,HLN,-0.6665546541326228,0.410413069629445,False,True
GMAB,ST,GENMAB A/S - AMERICAN DEPOSITARY SHARES,"Wednesday, July 19, 2023",Purchase,"$1,001 - $15,000",NEW, MORGAN STANLEY - SELECT UMA ACCOUNT # 1,,Josh Gottheimer,2023-08-21,D, NJ05,House,,2023-08-22,-39.1724395950644,New Jersey,2023-11-16,2023-07-19,2023-08-21,GMAB,-6.97831498150876,-17.739352415280372,False,False
ADYEY,ST,ADYEN NV UNSP/ADR,"Wednesday, July 19, 2023",Sale,"$1,001 - $15,000",NEW, MORGAN STANLEY - SELECT UMA ACCOUNT # 1,,Josh Gottheimer,2023-08-21,D, NJ05,House,,2023-08-22,-21.5549490250302,New Jersey,2023-11-16,2023-07-19,2023-08-21,ADYEY,40.62946637461946,52.2951220003134,True,True
AAGIY,ST,"AIA GROUP, LTD. SPONSORED AMERICAN DEPOSITORY RECEIPT","Wednesday, July 19, 2023",Sale,"$1,001 - $15,000",NEW, MORGAN STANLEY - SELECT UMA ACCOUNT # 1,,Josh Gottheimer,2023-08-21,D, NJ05,House,,2023-08-22,-35.2275647168144,New Jersey,2023-11-16,2023-07-19,2023-08-21,AAGIY,8.457595654168992,7.964588099238679,True,True
SAP,ST,SAP SE ADS,"Wednesday, July 19, 2023",Purchase,"$1,001 - $15,000",NEW, MORGAN STANLEY - SELECT UMA ACCOUNT # 1,,Josh Gottheimer,2023-08-21,D, NJ05,House,,2023-08-22,19.3099411049202,New Jersey,2023-11-16,2023-07-19,2023-08-21,SAP,-1.0495771825210887,-4.531607377016611,False,False
NOC,ST,NORTHROP GRUMMAN CORPORATION,"Wednesday, July 19, 2023",Sale,"$15,001 - $50,000",NEW, DANIEL GOLDMAN GRANDCHILDREN 1986 TRUST > TACS R3K,,Daniel Goldman,2023-08-13,D, NY10,House,,2023-08-14,-7.97318492162629,New York,2023-11-16,2023-07-19,2023-08-13,NOC,-1.5549985664122357,-14.780084807163696,False,False
TXN,Stock Option,Texas Instruments Incorporated - Common Stock,"Wednesday, July 19, 2023",Sale (Full),"$1,001 - $15,000",New,,Option Type: Put Strike price: $180.00  Expires: 06/21/2024,"Tuberville, Tommy",2023-08-14,R,,Senate,,2023-08-14,-18.4460438041654,Alabama,2023-08-28,2023-07-19,2023-08-14,TXN,5.060648609391749,11.795775191434931,True,True
NEE,ST,"NEXTERA ENERGY, INC.","Tuesday, July 18, 2023",Sale,"$15,001 - $50,000",NEW, MORGAN STANLEY TRUST ACCOUNT,,Jonathan Jackson,2023-08-09,D, IL01,House,,2023-08-10,-29.2311698335895,Illinois,2023-11-16,2023-07-18,2023-08-09,NEE,2.2480345133168878,20.543280715088287,True,True
UBER,ST,"UBER TECHNOLOGIES, INC.","Tuesday, July 18, 2023",Sale,"$1,001 - $15,000",NEW, MORGAN STANLEY - SELECT UMA ACCOUNT # 1,,Josh Gottheimer,2023-08-21,D, NJ05,House,,2023-08-22,47.833674604486,New Jersey,2023-11-16,2023-07-18,2023-08-21,UBER,3.2027040954866304,1.7136460132319398,True,True
ET,ST,ENERGY TRANSFER LP COMMON UNITS,"Tuesday, July 18, 2023",Sale,"$100,001 - $250,000",NEW, EQUITABLE RETIREMENT ACCOUNT,,Mark Dr Green,2023-07-24,R, TN07,House,,2023-07-25,4.39220913399966,Tennessee,2023-11-16,2023-07-18,2023-07-24,ET,-2.451315230226947,-10.007290937015068,False,False
SBUX,ST,STARBUCKS CORPORATION,"Tuesday, July 18, 2023",Sale,"$1,001 - $15,000",NEW, MORGAN STANLEY - SELECT UMA ACCOUNT # 1,,Josh Gottheimer,2023-08-21,D, NJ05,House,,2023-08-22,-23.1774528915096,New Jersey,2023-11-16,2023-07-18,2023-08-21,SBUX,0.10525229702528227,3.075015363202227,True,True
TSLA,ST,"TESLA, INC.","Tuesday, July 18, 2023",Sale,"$1,001 - $15,000",NEW, MORGAN STANLEY - SELECT UMA ACCOUNT # 1,,Josh Gottheimer,2023-08-21,D, NJ05,House,,2023-08-22,-56.8564742613278,New Jersey,2023-11-16,2023-07-18,2023-08-21,TSLA,21.21445997849459,9.456973821616954,True,True
MSFT,ST,MICROSOFT CORPORATION,"Tuesday, July 18, 2023",Sale,"$1,001 - $15,000",NEW, MORGAN STANLEY - SELECT UMA ACCOUNT # 1,,Josh Gottheimer,2023-08-21,D, NJ05,House,,2023-08-22,3.21861672018535,New Jersey,2023-11-16,2023-07-18,2023-08-21,MSFT,7.799752743738864,3.4875510378765795,True,True
ORCL,ST,ORACLE CORPORATION,"Tuesday, July 18, 2023",Sale,"$1,001 - $15,000",NEW, MORGAN STANLEY - SELECT UMA ACCOUNT # 1,,Josh Gottheimer,2023-08-21,D, NJ05,House,,2023-08-22,-8.66805058896916,New Jersey,2023-11-16,2023-07-18,2023-08-21,ORCL,0.8238924031635952,6.0045652436085835,True,True
TXN,ST,TEXAS INSTRUMENTS INCORPORATED,"Tuesday, July 18, 2023",Sale,"$1,001 - $15,000",NEW, MORGAN STANLEY - SELECT UMA ACCOUNT # 1,,Josh Gottheimer,2023-08-21,D, NJ05,House,,2023-08-22,-18.6934909327101,New Jersey,2023-11-16,2023-07-18,2023-08-21,TXN,5.702950726359557,12.013847379133914,True,True
MELI,ST,"MERCADOLIBRE, INC.","Tuesday, July 18, 2023",Sale,"$1,001 - $15,000",NEW, MORGAN STANLEY - SELECT UMA ACCOUNT # 1,,Josh Gottheimer,2023-08-21,D, NJ05,House,,2023-08-22,11.4461323325168,New Jersey,2023-11-16,2023-07-18,2023-08-21,MELI,-3.052039609210344,-5.432543644307142,False,False
MCK,ST,MCKESSON CORPORATION,"Tuesday, July 18, 2023",Sale,"$1,001 - $15,000",NEW, MORGAN STANLEY - SELECT UMA ACCOUNT # 1,,Josh Gottheimer,2023-08-21,D, NJ05,House,,2023-08-22,17.3355367565399,New Jersey,2023-11-16,2023-07-18,2023-08-21,MCK,-5.589771332334648,-14.854625786371557,False,False
LIN,ST,LINDE PLC ORDINARY SHARES,"Tuesday, July 18, 2023",Purchase,"$15,001 - $50,000",NEW, MORGAN STANLEY TRUST ACCOUNT,,Jonathan Jackson,2023-08-09,D, IL01,House,,2023-08-10,9.23151363951427,Illinois,2023-11-16,2023-07-18,2023-08-09,LIN,1.9946967281705197,2.6723814892457787,True,True
SCHW,ST,CHARLES SCHWAB CORPORATION,"Tuesday, July 18, 2023",Sale,"$1,001 - $15,000",NEW, MORGAN STANLEY - SELECT UMA ACCOUNT # 1,,Josh Gottheimer,2023-08-21,D, NJ05,House,,2023-08-22,-11.0573373196211,New Jersey,2023-11-16,2023-07-18,2023-08-21,SCHW,5.399969174727238,14.637035268311028,True,True
LOW,ST,"LOWE'S COMPANIES, INC.","Tuesday, July 18, 2023",Sale,"$1,001 - $15,000",NEW,,,Josh Gottheimer,2023-08-21,D, NJ05,House,,2023-08-22,-6.17170635165071,New Jersey,2023-11-16,2023-07-18,2023-08-21,LOW,1.061902956959604,9.78925059379685,True,True
AAPL,ST,APPLE INC.,"Tuesday, July 18, 2023",Sale,"$1,001 - $15,000",NEW, MORGAN STANLEY - SELECT UMA ACCOUNT # 1,,Josh Gottheimer,2023-08-21,D, NJ05,House,,2023-08-22,-23.5143156427712,New Jersey,2023-11-16,2023-07-18,2023-08-21,AAPL,6.1311288791318646,3.7665372234949257,True,True
GOOG,ST,ALPHABET INC. - CLASS C CAPITAL STOCK,"Tuesday, July 18, 2023",Sale,"$1,001 - $15,000",NEW, MORGAN STANLEY - SELECT UMA ACCOUNT # 1,,Josh Gottheimer,2023-08-21,D, NJ05,House,,2023-08-22,1.96159671446371,New Jersey,2023-11-16,2023-07-18,2023-08-21,GOOG,-9.194994057733052,-17.206697916503334,False,False
ADYEY,ST,ADYEN NV UNSP/ADR,"Tuesday, July 18, 2023",Sale,"$1,001 - $15,000",NEW, MORGAN STANLEY - SELECT UMA ACCOUNT # 1,,Josh Gottheimer,2023-08-21,D, NJ05,House,,2023-08-22,-21.7451466850393,New Jersey,2023-11-16,2023-07-18,2023-08-21,ADYEY,39.3452486441074,52.10360279221279,True,True
ATLKY,ST,ATLAS COPCO AB SPONSORED ADR REPSTG CLASS A,"Tuesday, July 18, 2023",Sale,"$1,001 - $15,000",NEW, MORGAN STANLEY - SELECT UMA ACCOUNT # 1,,Josh Gottheimer,2023-08-21,D, NJ05,House,,2023-08-22,5.29868321857927,New Jersey,2023-11-16,2023-07-18,2023-08-21,ATLKY,11.142606979780844,4.976834805047714,True,True
NVDA,ST,NVIDIA CORPORATION,"Tuesday, July 18, 2023",Sale,"$1,001 - $15,000",NEW, MORGAN STANLEY - SELECT UMA ACCOUNT # 1,,Josh Gottheimer,2023-08-21,D, NJ05,House,,2023-08-22,72.324601541542,New Jersey,2023-11-16,2023-07-18,2023-08-21,NVDA,4.684794895298716,-1.0357250612246904,True,False
META,ST,"META PLATFORMS, INC. - CLASS A","Tuesday, July 18, 2023",Sale,"$1,001 - $15,000",NEW, MORGAN STANLEY - SELECT UMA ACCOUNT # 1,,Josh Gottheimer,2023-08-21,D, NJ05,House,,2023-08-22,42.5176880081704,New Jersey,2023-11-16,2023-07-18,2023-08-21,META,4.586492456046964,-6.897558066015375,True,False
BX,ST,BLACKSTONE INC.,"Monday, July 17, 2023",Sale,"$15,001 - $50,000",NEW,,,Michael C. Burgess,2023-08-08,R, TX26,House,,2023-08-09,6.24310450654244,Texas,2023-11-16,2023-07-17,2023-08-08,BX,4.555835005525399,-3.44165769670457,True,False
TXN,ST,TEXAS INSTRUMENTS INCORPORATED,"Monday, July 17, 2023",Purchase,"$1,001 - $15,000",NEW, MORGAN STANLEY - SELECT UMA ACCOUNT # 1,,Josh Gottheimer,2023-08-21,D, NJ05,House,,2023-08-22,-19.4038157592213,New Jersey,2023-11-16,2023-07-17,2023-08-21,TXN,-7.020947434660407,-12.56898869644898,False,False
ARCC,ST,ARES CAPITAL CORPORATION - CLOSED END FUND,"Friday, July 14, 2023",Purchase,$240.80 - $240,NEW, IRA ONE,14 SHARES $240,Pete Sessions,2023-07-15,R, TX17,House,,2023-07-17,-8.65623944624658,Texas,2023-11-16,2023-07-14,2023-07-15,ARCC,2.172337711409056,2.780837427532701,True,True
AZTA,ST,"AZENTA, INC.","Friday, July 14, 2023",Purchase,"$1,001 - $15,000",NEW, MORGAN STANLEY - SELECT UMA ACCOUNT # 1,,Josh Gottheimer,2023-08-21,D, NJ05,House,,2023-08-22,18.1131966107113,New Jersey,2023-11-16,2023-07-14,2023-08-21,AZTA,24.699765484685308,15.500861279068868,True,True
CSPCY,ST,CSPC PHARMS GRP U/ADR,"Friday, July 14, 2023",Purchase,"$1,001 - $15,000",NEW, MORGAN STANLEY - SELECT UMA ACCOUNT # 1,,Josh Gottheimer,2023-08-21,D, NJ05,House,,2023-08-22,-7.92978686677811,New Jersey,2023-11-16,2023-07-14,2023-08-21,CSPCY,-7.151531009140077,-7.791724865339278,False,False
T,ST,AT&T INC.,"Friday, July 14, 2023",Sale,"$1,001 - $15,000",NEW, DANIEL GOLDMAN 1997 TRUST > DSG INVESTMENT HOLDINGS LLC > TACS,,Daniel Goldman,2023-08-13,D, NY10,House,,2023-08-14,3.71892002977362,New York,2023-11-16,2023-07-14,2023-08-13,T,1.3067016581732482,-3.1134502377279882,True,False
SRPT,ST,"SAREPTA THERAPEUTICS, INC.","Friday, July 14, 2023",Purchase,"$1,001 - $15,000",NEW, MORGAN STANLEY - SELECT UMA ACCOUNT # 1,,Josh Gottheimer,2023-08-21,D, NJ05,House,,2023-08-22,0.242232306032207,New Jersey,2023-11-16,2023-07-14,2023-08-21,SRPT,4.5862357566963885,12.147080200897653,True,True
MRK,ST,"MERCK & COMPANY, INC. COMMON STOCK","Friday, July 14, 2023",Sale,"$1,001 - $15,000",NEW, DANIEL GOLDMAN 1997 TRUST > DSG INVESTMENT HOLDINGS LLC > TACS,,Daniel Goldman,2023-08-13,D, NY10,House,,2023-08-14,-0.65692726178464,New York,2023-11-16,2023-07-14,2023-08-13,MRK,-1.8111181223289696,0.035292807678932725,False,True
D,ST,"DOMINION ENERGY, INC.","Friday, July 14, 2023",Purchase,"$1,001 - $15,000",NEW, MORGAN STANLEY - SELECT UMA ACCOUNT # 1,,Josh Gottheimer,2023-08-21,D, NJ05,House,,2023-08-22,-22.9858279002128,New Jersey,2023-11-16,2023-07-14,2023-08-21,D,-6.585417132721172,-17.609350574129657,False,False
ZTS,ST,ZOETIS INC. CLASS A,"Friday, July 14, 2023",Sale,"$1,001 - $15,000",NEW, DANIEL GOLDMAN 1997 TRUST > DSG INVESTMENT HOLDINGS LLC > TACS,,Daniel Goldman,2023-08-13,D, NY10,House,,2023-08-14,-13.6466004157647,New York,2023-11-16,2023-07-14,2023-08-13,ZTS,-10.488425741106443,-4.689474381306624,False,False
WRB,ST,W.R. BERKLEY CORPORATION,"Friday, July 14, 2023",Purchase,"$1,001 - $15,000",NEW, MORGAN STANLEY IRA - X142,,Lois Frankel,2023-07-28,D, FL22,House,,2023-07-31,31.2370742396193,Florida,2023-11-16,2023-07-14,2023-07-28,WRB,8.612509405641177,11.128393727855634,True,True
PLD,ST,"PROLOGIS, INC.","Friday, July 14, 2023",Sale,"$1,001 - $15,000",NEW, DANIEL GOLDMAN 1997 TRUST > DSG INVESTMENT HOLDINGS LLC > TACS,,Daniel Goldman,2023-08-13,D, NY10,House,,2023-08-14,-12.8731577082654,New York,2023-11-16,2023-07-14,2023-08-13,PLD,2.993993948563556,10.710017122195204,True,True
TMUS,ST,"T-MOBILE US, INC.","Friday, July 14, 2023",Sale,"$1,001 - $15,000",NEW, DANIEL GOLDMAN 1997 TRUST > DSG INVESTMENT HOLDINGS LLC > TACS,,Daniel Goldman,2023-08-13,D, NY10,House,,2023-08-14,1.97606937606266,New York,2023-11-16,2023-07-14,2023-08-13,TMUS,-0.2196084345562066,-4.503530277967194,False,False
AORT,ST,"ARTIVION, INC.","Friday, July 14, 2023",Purchase,"$1,001 - $15,000",NEW, MORGAN STANLEY - SELECT UMA ACCOUNT # 1,,Josh Gottheimer,2023-08-21,D, NJ05,House,,2023-08-22,12.3307962003145,New Jersey,2023-11-16,2023-07-14,2023-08-21,AORT,10.060932402771595,-9.257374660170047,True,False
LKQ,ST,LKQ CORPORATION,"Friday, July 14, 2023",Purchase,"$1,001 - $15,000",NEW, MORGAN STANLEY IRA - X142,,Lois Frankel,2023-07-28,D, FL22,House,,2023-07-31,-25.3469225430111,Florida,2023-11-16,2023-07-14,2023-07-28,LKQ,-7.78007465147994,-9.928896122166186,False,False
JNJ,ST,JOHNSON & JOHNSON,"Friday, July 14, 2023",Sale,"$1,001 - $15,000",NEW, DANIEL GOLDMAN 1997 TRUST > DSG INVESTMENT HOLDINGS LLC > TACS,,Daniel Goldman,2023-08-13,D, NY10,House,,2023-08-14,-14.9243957677602,New York,2023-11-16,2023-07-14,2023-08-13,JNJ,-8.836620636860015,-1.243984153263611,False,False
F,ST,FORD MOTOR COMPANY,"Friday, July 14, 2023",Sale,"$1,001 - $15,000",NEW, DANIEL GOLDMAN 1997 TRUST > DSG INVESTMENT HOLDINGS LLC > TACS,,Daniel Goldman,2023-08-13,D, NY10,House,,2023-08-14,-33.3599437426126,New York,2023-11-16,2023-07-14,2023-08-13,F,18.209607043992538,16.434909333950788,True,True
KO,ST,COCA-COLA COMPANY,"Friday, July 14, 2023",Sale,"$1,001 - $15,000",NEW, DANIEL GOLDMAN 1997 TRUST > DSG INVESTMENT HOLDINGS LLC > TACS,,Daniel Goldman,2023-08-13,D, NY10,House,,2023-08-14,-15.5421637140687,New York,2023-11-16,2023-07-14,2023-08-13,KO,-0.31562770378691374,9.82579302795774,False,True
HSHCY,ST,HAIER SMART HOME U/ADR,"Friday, July 14, 2023",Purchase,"$1,001 - $15,000",NEW, MORGAN STANLEY - SELECT UMA ACCOUNT # 1,,Josh Gottheimer,2023-08-21,D, NJ05,House,,2023-08-22,-15.735686541839,New Jersey,2023-11-16,2023-07-14,2023-08-21,HSHCY,-2.9821627246671145,1.102471243590919,False,True
APTV,ST,APTIV PLC ORDINARY SHARES,"Friday, July 14, 2023",Sale,"$1,001 - $15,000",NEW, DANIEL GOLDMAN 1997 TRUST > DSG INVESTMENT HOLDINGS LLC > TACS,,Daniel Goldman,2023-08-13,D, NY10,House,,2023-08-14,-44.2879696881456,New York,2023-11-16,2023-07-14,2023-08-13,APTV,10.083024929905516,9.16220718317079,True,True
PTEN,ST,"PATTERSON-UTI ENERGY, INC.","Friday, July 14, 2023",Purchase,"$1,001 - $15,000",NEW, MORGAN STANLEY - SELECT UMA ACCOUNT # 1,,Josh Gottheimer,2023-08-21,D, NJ05,House,,2023-08-22,-28.8267562846116,New Jersey,2023-11-16,2023-07-14,2023-08-21,PTEN,10.444268118679423,1.9107475043465105,True,True
HMN,ST,HORACE MANN EDUCATORS CORPORATION,"Friday, July 14, 2023",Purchase,"$1,001 - $15,000",NEW, MORGAN STANLEY - SELECT UMA ACCOUNT # 1,,Josh Gottheimer,2023-08-21,D, NJ05,House,,2023-08-22,8.50936358492445,New Jersey,2023-11-16,2023-07-14,2023-08-21,HMN,0.34846917712443304,8.531243175620752,True,True
FSLR,ST,"FIRST SOLAR, INC.","Friday, July 14, 2023",Purchase,"$1,001 - $15,000",NEW, MORGAN STANLEY - SELECT UMA ACCOUNT # 1,,Josh Gottheimer,2023-08-21,D, NJ05,House,,2023-08-22,-36.8050809075518,New Jersey,2023-11-16,2023-07-14,2023-08-21,FSLR,10.871202738491448,-18.44972033453115,True,False
GTLS,ST,"CHART INDUSTRIES, INC.","Friday, July 14, 2023",Purchase,"$1,001 - $15,000",NEW, MORGAN STANLEY - SELECT UMA ACCOUNT # 1,,Josh Gottheimer,2023-08-21,D, NJ05,House,,2023-08-22,-25.0357786537368,New Jersey,2023-11-16,2023-07-14,2023-08-21,GTLS,5.830050493500694,3.215621482126285,True,True
MO,ST,"ALTRIA GROUP, INC.","Friday, July 14, 2023",Sale,"$1,001 - $15,000",NEW, DANIEL GOLDMAN 1997 TRUST > DSG INVESTMENT HOLDINGS LLC > TACS,,Daniel Goldman,2023-08-13,D, NY10,House,,2023-08-14,-17.4285091134257,New York,2023-11-16,2023-07-14,2023-08-13,MO,3.9601762984762034,3.6861479437104383,True,True
TSN,ST,"TYSON FOODS, INC.","Friday, July 14, 2023",Sale,"$1,001 - $15,000",NEW, DANIEL GOLDMAN 1997 TRUST > DSG INVESTMENT HOLDINGS LLC > TACS,,Daniel Goldman,2023-08-13,D, NY10,House,,2023-08-14,-6.56745885225489,New York,2023-11-16,2023-07-14,2023-08-13,TSN,-4.323240710809095,6.5168804976721395,False,True
DAR,ST,DARLING INGREDIENTS INC.,"Friday, July 14, 2023",Sale,"$1,001 - $15,000",NEW, DANIEL GOLDMAN 1997 TRUST > DSG INVESTMENT HOLDINGS LLC > TACS,,Daniel Goldman,2023-08-13,D, NY10,House,,2023-08-14,-44.1574829452095,New York,2023-11-16,2023-07-14,2023-08-13,DAR,-3.65827405610728,25.765251947891855,False,True
ET,ST,ENERGY TRANSFER LP COMMON UNITS,"Friday, July 14, 2023",Sale,"$100,001 - $250,000",NEW, EQUITABLE RETIREMENT ACCOUNT,,Mark Dr Green,2023-07-18,R, TN07,House,,2023-07-19,5.04744181539243,Tennessee,2023-11-16,2023-07-14,2023-07-18,ET,1.04687467422655,-10.202471890979158,True,False
ABBV,ST,ABBVIE INC.,"Friday, July 14, 2023",Sale,"$1,001 - $15,000",NEW, DANIEL GOLDMAN 1997 TRUST > DSG INVESTMENT HOLDINGS LLC > TACS,,Daniel Goldman,2023-08-13,D, NY10,House,,2023-08-14,16.917214272844,New York,2023-11-16,2023-07-14,2023-08-13,ABBV,-12.30348014862166,-12.494386073609952,False,False
TEL,ST,TE CONNECTIVITY LTD. NEW SWITZERLAND REGISTERED SHARES,"Friday, July 14, 2023",Sale,"$1,001 - $15,000",NEW, DANIEL GOLDMAN 1997 TRUST > DSG INVESTMENT HOLDINGS LLC > TACS,,Daniel Goldman,2023-08-13,D, NY10,House,,2023-08-14,-15.3399574983273,New York,2023-11-16,2023-07-14,2023-08-13,TEL,5.159884318141772,8.323090424425283,True,True
BX,ST,BLACKSTONE INC.,"Friday, July 14, 2023",Sale,"$15,001 - $50,000",NEW,,,Michael C. Burgess,2023-08-08,R, TX26,House,,2023-08-09,6.26152213062648,Texas,2023-11-16,2023-07-14,2023-08-08,BX,5.409483273185134,-4.256127683800348,True,False
DUK,ST,DUKE ENERGY CORPORATION,"Thursday, July 13, 2023",Purchase,"$1,001 - $15,000",NEW, MORGAN STANLEY IRA - X141,,Lois Frankel,2023-07-28,D, FL22,House,,2023-07-31,-12.2759502511794,Florida,2023-11-16,2023-07-13,2023-07-28,DUK,-0.1067282669409475,-0.735658871202427,False,False
SPOT,ST,SPOTIFY TECHNOLOGY S.A. ORDINARY SHARES,"Thursday, July 13, 2023",Purchase,"$1,001 - $15,000",NEW, MORGAN STANLEY - SELECT UMA ACCOUNT # 1,,Josh Gottheimer,2023-08-21,D, NJ05,House,,2023-08-22,35.195036431786,New Jersey,2023-11-16,2023-07-13,2023-08-21,SPOT,-18.088315884548866,-5.541137250880279,False,False
TSLA,ST,"TESLA, INC.","Thursday, July 13, 2023",Purchase,"$1,001 - $15,000",NEW, MORGAN STANLEY - SELECT UMA ACCOUNT # 1,,Josh Gottheimer,2023-08-21,D, NJ05,House,,2023-08-22,-54.9170234377919,New Jersey,2023-11-16,2023-07-13,2023-08-21,TSLA,-13.273811035121186,-2.414269120318724,False,False
MAR,ST,MARRIOTT INTERNATIONAL - CLASS A,"Thursday, July 13, 2023",Sale,"$1,001 - $15,000",NEW, MORGAN STANLEY IRA - X141,,Lois Frankel,2023-07-28,D, FL22,House,,2023-07-31,13.6886840555068,Florida,2023-11-16,2023-07-13,2023-07-28,MAR,-8.472276332035767,-6.497038403629274,False,False
META,ST,"META PLATFORMS, INC. - CLASS A","Thursday, July 13, 2023",Purchase,"$1,001 - $15,000",NEW, MORGAN STANLEY - SELECT UMA ACCOUNT # 1,,Josh Gottheimer,2023-08-21,D, NJ05,House,,2023-08-22,40.6858807110122,New Jersey,2023-11-16,2023-07-13,2023-08-21,META,-1.8531416847749727,7.548783898617861,False,True
PYPL,ST,"PAYPAL HOLDINGS, INC.","Wednesday, July 12, 2023",Sale,"$1,001 - $15,000",NEW, DANIEL GOLDMAN GRANDCHILDREN 1986 TRUST > TACS R3K,,Daniel Goldman,2023-08-13,D, NY10,House,,2023-08-14,-25.6684548939576,New York,2023-11-16,2023-07-12,2023-08-13,PYPL,12.639162862843667,15.68472328359345,True,True
PLD,ST,"PROLOGIS, INC.","Wednesday, July 12, 2023",Sale,"$100,001 - $250,000",NEW, DANIEL GOLDMAN GRANDCHILDREN 1986 TRUST > TACS R3K,,Daniel Goldman,2023-08-13,D, NY10,House,,2023-08-14,-11.6855239657936,New York,2023-11-16,2023-07-12,2023-08-13,PLD,1.200000286387748,9.357824218427801,True,True
PGR,ST,PROGRESSIVE CORPORATION,"Wednesday, July 12, 2023",Sale,"$50,001 - $100,000",NEW, DANIEL GOLDMAN GRANDCHILDREN 1986 TRUST > TACS R3K,,Daniel Goldman,2023-08-13,D, NY10,House,,2023-08-14,40.3791564621214,New York,2023-11-16,2023-07-12,2023-08-13,PGR,3.050814103459343,-10.22273644336681,True,False
MOS,ST,MOSAIC COMPANY,"Wednesday, July 12, 2023",Sale,"$1,001 - $15,000",NEW, DANIEL GOLDMAN GRANDCHILDREN 1986 TRUST > TACS R3K,,Daniel Goldman,2023-08-13,D, NY10,House,,2023-08-14,-25.2388460689608,New York,2023-11-16,2023-07-12,2023-08-13,MOS,-16.37420195745225,-4.219551444175485,False,False
CB,ST,CHUBB LIMITED,"Wednesday, July 12, 2023",Sale,"$15,001 - $50,000",NEW, DANIEL GOLDMAN GRANDCHILDREN 1986 TRUST > TACS R3K,,Daniel Goldman,2023-08-13,D, NY10,House,,2023-08-14,19.9872526990579,New York,2023-11-16,2023-07-12,2023-08-13,CB,-6.219816687291346,-12.737560641949608,False,False
D,ST,"DOMINION ENERGY, INC.","Wednesday, July 12, 2023",Sale,"$50,001 - $100,000",NEW, DANIEL GOLDMAN GRANDCHILDREN 1986 TRUST > TACS R3K,,Daniel Goldman,2023-08-13,D, NY10,House,,2023-08-14,-23.9085117033174,New York,2023-11-16,2023-07-12,2023-08-13,D,5.702122468455773,16.621405377424516,True,True
BXP,ST,"BOSTON PROPERTIES, INC.","Wednesday, July 12, 2023",Sale,"$50,001 - $100,000",NEW, DANIEL GOLDMAN GRANDCHILDREN 1986 TRUST > TACS R3K,,Daniel Goldman,2023-08-13,D, NY10,House,,2023-08-14,-12.1144140334091,New York,2023-11-16,2023-07-12,2023-08-13,BXP,-11.816877136243331,7.318303562386208,False,True
SR,ST,SPIRE INC.,"Wednesday, July 12, 2023",Sale,"$1,001 - $15,000",NEW, DANIEL GOLDMAN GRANDCHILDREN 1986 TRUST > TACS R3K,,Daniel Goldman,2023-08-13,D, NY10,House,,2023-08-14,-21.3902307346226,New York,2023-11-16,2023-07-12,2023-08-13,SR,5.894448268921126,6.018299162509422,True,True
UNH,ST,UNITEDHEALTH GROUP INCORPORATED COMMON STOCK,"Wednesday, July 12, 2023",Sale,"$15,001 - $50,000",NEW, DANIEL GOLDMAN GRANDCHILDREN 1986 TRUST > TACS R3K,,Daniel Goldman,2023-08-13,D, NY10,House,,2023-08-14,-6.04311355937053,New York,2023-11-16,2023-07-12,2023-08-13,UNH,-12.647581914541073,-18.60664106023159,False,False
IFF,ST,"INTERNATIONAL FLAVORS & FRAGRANCES, INC.","Wednesday, July 12, 2023",Sale,"$1,001 - $15,000",NEW, DANIEL GOLDMAN GRANDCHILDREN 1986 TRUST > TACS R3K,,Daniel Goldman,2023-08-13,D, NY10,House,,2023-08-14,-13.209180439276,New York,2023-11-16,2023-07-12,2023-08-13,IFF,21.08534849276673,16.881817904194484,True,True
ARE,ST,"ALEXANDRIA REAL ESTATE EQUITIES, INC.","Wednesday, July 12, 2023",Sale,"$15,001 - $50,000",NEW, DANIEL GOLDMAN GRANDCHILDREN 1986 TRUST > TACS R3K,,Daniel Goldman,2023-08-13,D, NY10,House,,2023-08-14,-9.61711216427856,New York,2023-11-16,2023-07-12,2023-08-13,ARE,-3.8837902412664826,12.152077781853077,False,True
URI,ST,"UNITED RENTALS, INC.","Wednesday, July 12, 2023",Sale,"$1,001 - $15,000",NEW, DANIEL GOLDMAN GRANDCHILDREN 1986 TRUST > TACS R3K,,Daniel Goldman,2023-08-13,D, NY10,House,,2023-08-14,29.9074403694909,New York,2023-11-16,2023-07-12,2023-08-13,URI,-4.68291705035111,1.369892450419996,False,True
TEAM,ST,ATLASSIAN CORPORATION - CLASS A,"Wednesday, July 12, 2023",Sale,"$15,001 - $50,000",NEW, DANIEL GOLDMAN GRANDCHILDREN 1986 TRUST > TACS R3K,,Daniel Goldman,2023-08-13,D, NY10,House,,2023-08-14,-3.81631028277876,New York,2023-11-16,2023-07-12,2023-08-13,TEAM,-12.9109025903277,-20.03334454505109,False,False
FNF,ST,"FNF GROUP OF FIDELITY NATIONAL FINANCIAL, INC.","Wednesday, July 12, 2023",Sale,"$15,001 - $50,000",NEW, DANIEL GOLDMAN GRANDCHILDREN 1986 TRUST > TACS R3K,,Daniel Goldman,2023-08-13,D, NY10,House,,2023-08-14,18.0906660296631,New York,2023-11-16,2023-07-12,2023-08-13,FNF,-13.654801205496913,-7.7750125856196455,False,False
KHC,ST,THE KRAFT HEINZ COMPANY,"Wednesday, July 12, 2023",Sale,"$1,001 - $15,000",NEW,,,Daniel Goldman,2023-08-13,D, NY10,House,,2023-08-14,-18.5907536206058,New York,2023-11-16,2023-07-12,2023-08-13,KHC,3.2023223644670473,6.652901094169394,True,True
PFE,ST,"PFIZER, INC.","Wednesday, July 12, 2023",Sale,"$15,001 - $50,000",NEW, DANIEL GOLDMAN GRANDCHILDREN 1986 TRUST > TACS R3K,,Daniel Goldman,2023-08-13,D, NY10,House,,2023-08-14,-37.0710532688426,New York,2023-11-16,2023-07-12,2023-08-13,PFE,-0.3202694914670401,5.288204305796052,False,True
LMT,ST,LOCKHEED MARTIN CORPORATION,"Wednesday, July 12, 2023",Sale,"$15,001 - $50,000",NEW, DANIEL GOLDMAN GRANDCHILDREN 1986 TRUST > TACS R3K,,Daniel Goldman,2023-08-13,D, NY10,House,,2023-08-14,-20.3622275834095,New York,2023-11-16,2023-07-12,2023-08-13,LMT,1.5309261470086932,3.2670382139253884,True,True
CCI,ST,CROWN CASTLE INC.,"Wednesday, July 12, 2023",Sale,"$50,001 - $100,000",NEW, DANIEL GOLDMAN GRANDCHILDREN 1986 TRUST > TACS R3K,,Daniel Goldman,2023-08-13,D, NY10,House,,2023-08-14,-23.8672467036196,New York,2023-11-16,2023-07-12,2023-08-13,CCI,10.150155799405159,17.488756287434313,True,True
STT,ST,STATE STREET CORPORATION,"Wednesday, July 12, 2023",Sale,"$15,001 - $50,000",NEW, DANIEL GOLDMAN GRANDCHILDREN 1986 TRUST > TACS R3K,,Daniel Goldman,2023-08-13,D, NY10,House,,2023-08-14,-19.1077374509232,New York,2023-11-16,2023-07-12,2023-08-13,STT,2.6667520342690376,11.16575783905004,True,True
EPAM,ST,"EPAM SYSTEMS, INC.","Wednesday, July 12, 2023",Sale,"$15,001 - $50,000",NEW, DANIEL GOLDMAN GRANDCHILDREN 1986 TRUST > TACS R3K,,Daniel Goldman,2023-08-13,D, NY10,House,,2023-08-14,13.3553969519056,New York,2023-11-16,2023-07-12,2023-08-13,EPAM,-2.4692669041610937,-7.782962561944739,False,False
AAP,ST,ADVANCE AUTO PARTS INC.,"Wednesday, July 12, 2023",Sale,"$1,001 - $15,000",NEW, DANIEL GOLDMAN GRANDCHILDREN 1986 TRUST > TACS R3K,,Daniel Goldman,2023-08-13,D, NY10,House,,2023-08-14,0.87224271934411,New York,2023-11-16,2023-07-12,2023-08-13,AAP,-2.3438865821915567,23.827243144205834,False,True
FIS,ST,"FIDELITY NATIONAL INFORMATION SERVICES, INC.","Wednesday, July 12, 2023",Sale,"$15,001 - $50,000",NEW, DANIEL GOLDMAN GRANDCHILDREN 1986 TRUST > TACS R3K,,Daniel Goldman,2023-08-13,D, NY10,House,,2023-08-14,1.97419131200069,New York,2023-11-16,2023-07-12,2023-08-13,FIS,4.798400425440819,7.817308672430656,True,True
TMO,ST,THERMO FISHER SCIENTIFIC INC,"Wednesday, July 12, 2023",Sale,"$50,001 - $100,000",NEW, DANIEL GOLDMAN GRANDCHILDREN 1986 TRUST > TACS R3K,,Daniel Goldman,2023-08-13,D, NY10,House,,2023-08-14,-3.63170284842956,New York,2023-11-16,2023-07-12,2023-08-13,TMO,-3.577306825642701,3.1132398896255853,False,True
KO,ST,COCA-COLA COMPANY,"Wednesday, July 12, 2023",Sale,"$15,001 - $50,000",NEW, DANIEL GOLDMAN GRANDCHILDREN 1986 TRUST > TACS R3K,,Daniel Goldman,2023-08-13,D, NY10,House,,2023-08-14,-14.6368840923186,New York,2023-11-16,2023-07-12,2023-08-13,KO,-2.4039344002652285,7.161911925101638,False,True
KR,ST,KROGER COMPANY,"Wednesday, July 12, 2023",Sale,"$15,001 - $50,000",NEW, DANIEL GOLDMAN GRANDCHILDREN 1986 TRUST > TACS R3K,,Daniel Goldman,2023-08-13,D, NY10,House,,2023-08-14,3.69120235009177,New York,2023-11-16,2023-07-12,2023-08-13,KR,-3.623796346282826,2.7536320515963886,False,True
ABBV,ST,ABBVIE INC.,"Wednesday, July 12, 2023",Sale,"$50,001 - $100,000",NEW, DANIEL GOLDMAN GRANDCHILDREN 1986 TRUST > TACS R3K,,Daniel Goldman,2023-08-13,D, NY10,House,,2023-08-14,17.0787572821612,New York,2023-11-16,2023-07-12,2023-08-13,ABBV,-12.92397081795713,-12.852548387775975,False,False
DG,ST,DOLLAR GENERAL CORPORATION,"Wednesday, July 12, 2023",Sale,"$50,001 - $100,000",NEW, DANIEL GOLDMAN GRANDCHILDREN 1986 TRUST > TACS R3K,,Daniel Goldman,2023-08-13,D, NY10,House,,2023-08-14,-24.5845190008361,New York,2023-11-16,2023-07-12,2023-08-13,DG,2.048650816806852,34.96528796865393,True,True
EQR,ST,EQUITY RESIDENTIAL COMMON SHARES OF BENEFICIAL INTEREST,"Wednesday, July 12, 2023",Sale,"$50,001 - $100,000",NEW, DANIEL GOLDMAN GRANDCHILDREN 1986 TRUST > TACS R3K,,Daniel Goldman,2023-08-13,D, NY10,House,,2023-08-14,-21.2151499554449,New York,2023-11-16,2023-07-12,2023-08-13,EQR,1.3018952971658226,8.799463339804781,True,True
MRK,ST,"MERCK & COMPANY, INC. COMMON STOCK","Wednesday, July 12, 2023",Sale,"$1,001 - $15,000",NEW, DANIEL GOLDMAN GRANDCHILDREN 1986 TRUST > TACS R3K,,Daniel Goldman,2023-08-13,D, NY10,House,,2023-08-14,-1.63031317512689,New York,2023-11-16,2023-07-12,2023-08-13,MRK,-0.15343050721582374,1.0443855924266443,False,True
RTX,ST,RTX CORPORATION,"Wednesday, July 12, 2023",Sale,"$50,001 - $100,000",NEW, DANIEL GOLDMAN GRANDCHILDREN 1986 TRUST > TACS R3K,,Daniel Goldman,2023-08-13,D, NY10,House,,2023-08-14,-18.721493936707,New York,2023-11-16,2023-07-12,2023-08-13,RTX,10.126447008904949,21.693545719779685,True,True
MTB,ST,M&T BANK CORPORATION,"Wednesday, July 12, 2023",Sale,"$50,001 - $100,000",NEW, DANIEL GOLDMAN GRANDCHILDREN 1986 TRUST > TACS R3K,,Daniel Goldman,2023-08-13,D, NY10,House,,2023-08-14,-7.82868147997293,New York,2023-11-16,2023-07-12,2023-08-13,MTB,-3.535202392642267,0.9206331870184492,False,True
AVB,ST,"AVALONBAY COMMUNITIES, INC.","Wednesday, July 12, 2023",Sale,"$50,001 - $100,000",NEW, DANIEL GOLDMAN GRANDCHILDREN 1986 TRUST > TACS R3K,,Daniel Goldman,2023-08-13,D, NY10,House,,2023-08-14,-20.112055055433,New York,2023-11-16,2023-07-12,2023-08-13,AVB,3.446506932558313,7.9194149207770685,True,True
MKTX,ST,"MARKETAXESS HOLDINGS, INC.","Wednesday, July 12, 2023",Sale,"$1,001 - $15,000",NEW, DANIEL GOLDMAN GRANDCHILDREN 1986 TRUST > TACS R3K,,Daniel Goldman,2023-08-13,D, NY10,House,,2023-08-14,-27.595506665825,New York,2023-11-16,2023-07-12,2023-08-13,MKTX,6.410090131028556,4.275398467601265,True,True
JAZZ,ST,JAZZ PHARMACEUTICALS PLC - ORDINARY SHARES,"Wednesday, July 12, 2023",Sale,"$15,001 - $50,000",NEW, DANIEL GOLDMAN GRANDCHILDREN 1986 TRUST > TACS R3K,,Daniel Goldman,2023-08-13,D, NY10,House,,2023-08-14,-18.2153012387607,New York,2023-11-16,2023-07-12,2023-08-13,JAZZ,-11.394434887805227,-6.569655856523704,False,False
ES,ST,EVERSOURCE ENERGY,"Wednesday, July 12, 2023",Sale,"$1,001 - $15,000",NEW, DANIEL GOLDMAN GRANDCHILDREN 1986 TRUST > TACS R3K,,Daniel Goldman,2023-08-13,D, NY10,House,,2023-08-14,-33.3449883327343,New York,2023-11-16,2023-07-12,2023-08-13,ES,7.247539305077844,16.977677802693027,True,True
ANET,ST,"ARISTA NETWORKS, INC.","Wednesday, July 12, 2023",Sale,"$1,001 - $15,000",NEW, DANIEL GOLDMAN GRANDCHILDREN 1986 TRUST > TACS R3K,,Daniel Goldman,2023-08-13,D, NY10,House,,2023-08-14,54.6025377520992,New York,2023-11-16,2023-07-12,2023-08-13,ANET,-6.8260707908401,-21.256168697663036,False,False
MMM,ST,3M COMPANY,"Wednesday, July 12, 2023",Sale,"$15,001 - $50,000",NEW, DANIEL GOLDMAN GRANDCHILDREN 1986 TRUST > TACS R3K,,Daniel Goldman,2023-08-13,D, NY10,House,,2023-08-14,-11.3267476199613,New York,2023-11-16,2023-07-12,2023-08-13,MMM,-3.1152805298654274,8.213742859256001,False,True
LHX,ST,"L3HARRIS TECHNOLOGIES, INC.","Wednesday, July 12, 2023",Sale,"$50,001 - $100,000",NEW, DANIEL GOLDMAN GRANDCHILDREN 1986 TRUST > TACS R3K,,Daniel Goldman,2023-08-13,D, NY10,House,,2023-08-14,-6.06843249276198,New York,2023-11-16,2023-07-12,2023-08-13,LHX,3.8964375266400175,6.828001422377461,True,True
KRC,ST,KILROY REALTY CORPORATION,"Wednesday, July 12, 2023",Sale,"$15,001 - $50,000",NEW, DANIEL GOLDMAN GRANDCHILDREN 1986 TRUST > TACS R3K,,Daniel Goldman,2023-08-13,D, NY10,House,,2023-08-14,-8.84113359225731,New York,2023-11-16,2023-07-12,2023-08-13,KRC,-12.425613822026538,5.452687618535568,False,True
TFX,ST,TELEFLEX INCORPORATED,"Wednesday, July 12, 2023",Sale,"$15,001 - $50,000",NEW, DANIEL GOLDMAN GRANDCHILDREN 1986 TRUST > TACS R3K,,Daniel Goldman,2023-08-13,D, NY10,House,,2023-08-14,-27.3740176919619,New York,2023-11-16,2023-07-12,2023-08-13,TFX,7.688427071151782,16.67097649849144,True,True
PLD,ST,"PROLOGIS, INC.","Wednesday, July 12, 2023",Purchase,"$1,001 - $15,000",NEW, MORGAN STANLEY IRA - X141,,Lois Frankel,2023-07-28,D, FL22,House,,2023-07-31,-11.6855239657936,Florida,2023-11-16,2023-07-12,2023-07-28,PLD,-1.200000286387748,-9.357824218427801,False,False
T,ST,AT&T INC.,"Wednesday, July 12, 2023",Sale,"$50,001 - $100,000",NEW, DANIEL GOLDMAN GRANDCHILDREN 1986 TRUST > TACS R3K,,Daniel Goldman,2023-08-13,D, NY10,House,,2023-08-14,-1.93917874755437,New York,2023-11-16,2023-07-12,2023-08-13,T,4.7789733599056365,-1.489114886977927,True,False
USB,ST,U.S. BANCORP,"Wednesday, July 12, 2023",Sale,"$15,001 - $50,000",NEW, DANIEL GOLDMAN GRANDCHILDREN 1986 TRUST > TACS R3K,,Daniel Goldman,2023-08-13,D, NY10,House,,2023-08-14,5.14816503517533,New York,2023-11-16,2023-07-12,2023-08-13,USB,-12.57097215988907,4.630128559141033,False,True
VZ,ST,VERIZON COMMUNICATIONS INC.,"Wednesday, July 12, 2023",Sale,"$100,001 - $250,000",NEW, DANIEL GOLDMAN GRANDCHILDREN 1986 TRUST > TACS R3K,,Daniel Goldman,2023-08-13,D, NY10,House,,2023-08-14,-1.42203079064738,New York,2023-11-16,2023-07-12,2023-08-13,VZ,4.121581776378857,6.345399706572885,True,True
SBAC,ST,SBA COMMUNICATIONS CORPORATION - CLASS A,"Wednesday, July 12, 2023",Sale,"$15,001 - $50,000",NEW, DANIEL GOLDMAN GRANDCHILDREN 1986 TRUST > TACS R3K,,Daniel Goldman,2023-08-13,D, NY10,House,,2023-08-14,-26.1308911298291,New York,2023-11-16,2023-07-12,2023-08-13,SBAC,5.252724131954278,17.294021998881636,True,True
SYY,ST,SYSCO CORPORATION,"Wednesday, July 12, 2023",Sale,"$1,001 - $15,000",NEW, DANIEL GOLDMAN GRANDCHILDREN 1986 TRUST > TACS R3K,,Daniel Goldman,2023-08-13,D, NY10,House,,2023-08-14,-5.10058665804803,New York,2023-11-16,2023-07-12,2023-08-13,SYY,2.3515052460402086,10.401357615778196,True,True
CAG,ST,"CONAGRA BRANDS, INC.","Wednesday, July 12, 2023",Sale,"$1,001 - $15,000",NEW, DANIEL GOLDMAN GRANDCHILDREN 1986 TRUST > TACS R3K,,Daniel Goldman,2023-08-13,D, NY10,House,,2023-08-14,-29.5915398065255,New York,2023-11-16,2023-07-12,2023-08-13,CAG,4.973291638838939,13.977848583089125,True,True
MOH,ST,MOLINA HEALTHCARE INC,"Wednesday, July 12, 2023",Sale,"$15,001 - $50,000",NEW, DANIEL GOLDMAN GRANDCHILDREN 1986 TRUST > TACS R3K,,Daniel Goldman,2023-08-13,D, NY10,House,,2023-08-14,23.9489963907065,New York,2023-11-16,2023-07-12,2023-08-13,MOH,-8.419259041518279,-19.14312266381574,False,False
MELI,ST,"MERCADOLIBRE, INC.","Wednesday, July 12, 2023",Sale,"$50,001 - $100,000",NEW, DANIEL GOLDMAN GRANDCHILDREN 1986 TRUST > TACS R3K,,Daniel Goldman,2023-08-13,D, NY10,House,,2023-08-14,16.7019828699771,New York,2023-11-16,2023-07-12,2023-08-13,MELI,-16.73248154640403,-12.81608828355264,False,False
CNC,ST,CENTENE CORPORATION,"Wednesday, July 12, 2023",Sale,"$15,001 - $50,000",NEW, DANIEL GOLDMAN GRANDCHILDREN 1986 TRUST > TACS R3K,,Daniel Goldman,2023-08-13,D, NY10,House,,2023-08-14,3.5878070380521,New York,2023-11-16,2023-07-12,2023-08-13,CNC,-3.2534490323259613,-14.099037545917337,False,False
NSA,ST,NATIONAL STORAGE AFFILIATES TRUST COMMON SHARES OF BENEFICIAL INTEREST,"Wednesday, July 12, 2023",Sale,"$15,001 - $50,000",NEW, DANIEL GOLDMAN GRANDCHILDREN 1986 TRUST > TACS R3K,,Daniel Goldman,2023-08-13,D, NY10,House,,2023-08-14,-15.3625267063127,New York,2023-11-16,2023-07-12,2023-08-13,NSA,10.633914148356228,11.61683494395832,True,True
INVH,ST,INVITATION HOMES INC.,"Wednesday, July 12, 2023",Sale,"$15,001 - $50,000",NEW, DANIEL GOLDMAN GRANDCHILDREN 1986 TRUST > TACS R3K,,Daniel Goldman,2023-08-13,D, NY10,House,,2023-08-14,-15.6669018166372,New York,2023-11-16,2023-07-12,2023-08-13,INVH,1.518368290058103,6.942765924332662,True,True
CHPT,ST,"CHARGEPOINT HOLDINGS, INC.","Wednesday, July 12, 2023",Sale,"$15,001 - $50,000",NEW, DANIEL GOLDMAN GRANDCHILDREN 1986 TRUST > TACS R3K,,Daniel Goldman,2023-08-13,D, NY10,House,,2023-08-14,-96.0162985337954,New York,2023-11-16,2023-07-12,2023-08-13,CHPT,12.944349503656671,47.50830368300106,True,True
AMT,ST,AMERICAN TOWER CORPORATION,"Wednesday, July 12, 2023",Sale,"$50,001 - $100,000",NEW, DANIEL GOLDMAN GRANDCHILDREN 1986 TRUST > TACS R3K,,Daniel Goldman,2023-08-13,D, NY10,House,,2023-08-14,-13.7263969750581,New York,2023-11-16,2023-07-12,2023-08-13,AMT,4.07593078259989,16.318773424706535,True,True
ADM,ST,ARCHER-DANIELS-MIDLAND COMPANY,"Wednesday, July 12, 2023",Sale,"$50,001 - $100,000",NEW, DANIEL GOLDMAN GRANDCHILDREN 1986 TRUST > TACS R3K,,Daniel Goldman,2023-08-13,D, NY10,House,,2023-08-14,-39.3703110011812,New York,2023-11-16,2023-07-12,2023-08-13,ADM,-7.91663701007812,3.270037571893325,False,True
SCHW,ST,CHARLES SCHWAB CORPORATION,"Wednesday, July 12, 2023",Sale,"$15,001 - $50,000",NEW, DANIEL GOLDMAN GRANDCHILDREN 1986 TRUST > TACS R3K,,Daniel Goldman,2023-08-13,D, NY10,House,,2023-08-14,0.0711383051355696,New York,2023-11-16,2023-07-12,2023-08-13,SCHW,-9.888589470012988,8.803483010853308,False,True
EXC,ST,EXELON CORPORATION,"Wednesday, July 12, 2023",Sale,"$15,001 - $50,000",NEW, DANIEL GOLDMAN GRANDCHILDREN 1986 TRUST > TACS R3K,,Daniel Goldman,2023-08-13,D, NY10,House,,2023-08-14,-27.9498645650178,New York,2023-11-16,2023-07-12,2023-08-13,EXC,3.4809648833725837,4.040082221321439,True,True
JBGS,ST,JBG SMITH PROPERTIES COMMON SHARES,"Wednesday, July 12, 2023",Sale,"$1,001 - $15,000",NEW, DANIEL GOLDMAN GRANDCHILDREN 1986 TRUST > TACS R3K,,Daniel Goldman,2023-08-13,D, NY10,House,,2023-08-14,-10.6386883616981,New York,2023-11-16,2023-07-12,2023-08-13,JBGS,1.0068959064656102,9.52272495047235,True,True
KDP,ST,KEURIG DR PEPPER INC.,"Wednesday, July 12, 2023",Sale,"$15,001 - $50,000",NEW, DANIEL GOLDMAN GRANDCHILDREN 1986 TRUST > TACS R3K,,Daniel Goldman,2023-08-13,D, NY10,House,,2023-08-14,-22.3468374227219,New York,2023-11-16,2023-07-12,2023-08-13,KDP,-8.272161989762704,0.5866777898893005,False,True
UPS,ST,"UNITED PARCEL SERVICE, INC.","Wednesday, July 12, 2023",Sale,"$1,001 - $15,000",NEW, DANIEL GOLDMAN GRANDCHILDREN 1986 TRUST > TACS R3K,,Daniel Goldman,2023-08-13,D, NY10,House,,2023-08-14,-32.4633944097131,New York,2023-11-16,2023-07-12,2023-08-13,UPS,5.111170251689911,14.043387790749673,True,True
SLG,ST,SL GREEN REALTY CORP,"Wednesday, July 12, 2023",Sale,"$15,001 - $50,000",NEW, DANIEL GOLDMAN GRANDCHILDREN 1986 TRUST > TACS R3K,,Daniel Goldman,2023-08-13,D, NY10,House,,2023-08-14,44.3642810634621,New York,2023-11-16,2023-07-12,2023-08-13,SLG,-9.973531419411575,-11.300465657520286,False,False
CFG,ST,"CITIZENS FINANCIAL GROUP, INC.","Wednesday, July 12, 2023",Sale,"$15,001 - $50,000",NEW, DANIEL GOLDMAN GRANDCHILDREN 1986 TRUST > TACS R3K,,Daniel Goldman,2023-08-13,D, NY10,House,,2023-08-14,4.43536739486797,New York,2023-11-16,2023-07-12,2023-08-13,CFG,-9.43071595463094,2.0773777496311485,False,True
GILD,ST,"GILEAD SCIENCES, INC.","Wednesday, July 12, 2023",Sale,"$15,001 - $50,000",NEW, DANIEL GOLDMAN GRANDCHILDREN 1986 TRUST > TACS R3K,,Daniel Goldman,2023-08-13,D, NY10,House,,2023-08-14,-18.2255933745032,New York,2023-11-16,2023-07-12,2023-08-13,GILD,-4.920808496106144,-2.0105303833151678,False,False
TMUS,ST,"T-MOBILE US, INC.","Wednesday, July 12, 2023",Sale,"$15,001 - $50,000",NEW, DANIEL GOLDMAN GRANDCHILDREN 1986 TRUST > TACS R3K,,Daniel Goldman,2023-08-13,D, NY10,House,,2023-08-14,0.144734328089843,New York,2023-11-16,2023-07-12,2023-08-13,TMUS,1.6285806706217154,-3.62617382614826,True,False
BMY,ST,BRISTOL-MYERS SQUIBB COMPANY,"Wednesday, July 12, 2023",Sale,"$15,001 - $50,000",NEW, DANIEL GOLDMAN GRANDCHILDREN 1986 TRUST > TACS R3K,,Daniel Goldman,2023-08-13,D, NY10,House,,2023-08-14,-30.6639088451168,New York,2023-11-16,2023-07-12,2023-08-13,BMY,1.5045891594765326,6.909973920945667,True,True
CADE,ST,CADENCE BANK,"Wednesday, July 12, 2023",Sale,"$1,001 - $15,000",NEW,,,Daniel Goldman,2023-08-13,D, NY10,House,,2023-08-14,14.5983742383734,New York,2023-11-16,2023-07-12,2023-08-13,CADE,-22.169873605899348,-5.032976778938714,False,False
MRNA,ST,"MODERNA, INC.","Wednesday, July 12, 2023",Sale,"$50,001 - $100,000",NEW, DANIEL GOLDMAN GRANDCHILDREN 1986 TRUST > TACS R3K,,Daniel Goldman,2023-08-13,D, NY10,House,,2023-08-14,-32.2307302827527,New York,2023-11-16,2023-07-12,2023-08-13,MRNA,19.219863502151135,14.519074967255508,True,True
DLTR,ST,"DOLLAR TREE, INC.","Wednesday, July 12, 2023",Sale,"$15,001 - $50,000",NEW, DANIEL GOLDMAN GRANDCHILDREN 1986 TRUST > TACS R3K,,Daniel Goldman,2023-08-13,D, NY10,House,,2023-08-14,-28.4167377477991,New York,2023-11-16,2023-07-12,2023-08-13,DLTR,0.08952597882100344,24.23537342381703,True,True
PODD,ST,INSULET CORPORATION,"Wednesday, July 12, 2023",Sale,"$1,001 - $15,000",NEW, DANIEL GOLDMAN GRANDCHILDREN 1986 TRUST > TACS R3K,,Daniel Goldman,2023-08-13,D, NY10,House,,2023-08-14,-56.6071231765237,New York,2023-11-16,2023-07-12,2023-08-13,PODD,20.908709284109406,46.267000835382596,True,True
OGS,ST,"ONE GAS, INC.","Wednesday, July 12, 2023",Sale,"$1,001 - $15,000",NEW, DANIEL GOLDMAN GRANDCHILDREN 1986 TRUST > TACS R3K,,Daniel Goldman,2023-08-13,D, NY10,House,,2023-08-14,-35.7780029776662,New York,2023-11-16,2023-07-12,2023-08-13,OGS,2.658541615243093,9.197737003422723,True,True
MO,ST,"ALTRIA GROUP, INC.","Wednesday, July 12, 2023",Sale,"$1,001 - $15,000",NEW, DANIEL GOLDMAN GRANDCHILDREN 1986 TRUST > TACS R3K,,Daniel Goldman,2023-08-13,D, NY10,House,,2023-08-14,-18.6870951753789,New York,2023-11-16,2023-07-12,2023-08-13,MO,4.1084329322648605,4.456399313866877,True,True
TFC,ST,TRUIST FINANCIAL CORPORATION,"Wednesday, July 12, 2023",Sale,"$15,001 - $50,000",NEW, DANIEL GOLDMAN GRANDCHILDREN 1986 TRUST > TACS R3K,,Daniel Goldman,2023-08-13,D, NY10,House,,2023-08-14,-9.13134863657468,New York,2023-11-16,2023-07-12,2023-08-13,TFC,3.7253817785911636,8.870009118678023,True,True
NXPI,ST,NXP SEMICONDUCTORS N.V.,"Wednesday, July 12, 2023",Sale,"$1,001 - $15,000",NEW, MORGAN STANLEY IRA - X141,,Lois Frankel,2023-07-28,D, FL22,House,,2023-07-31,-2.58251689089254,Florida,2023-11-16,2023-07-12,2023-07-28,NXPI,3.434252784559899,2.2247045883355465,True,True
LUMN,ST,"LUMEN TECHNOLOGIES, INC.","Tuesday, July 11, 2023",Sale,"$1,001 - $15,000",NEW, DANIEL GOLDMAN 12/9/2011 TRUST > APERIO GROUP LLC,,Daniel Goldman,2023-08-13,D, NY10,House,,2023-08-14,-39.7611419103514,New York,2023-11-16,2023-07-11,2023-08-13,LUMN,9.361751928421548,34.381254281703264,True,True
SPY,OP,SPDR S&P 500,"Tuesday, July 11, 2023",Purchase,"$15,001 - $50,000",NEW, EQUITABLE RETIREMENT ACCOUNT,13 SPY PUTS STRIKE PRICE $440 EXPIRE 1/19/2024,Mark Dr Green,2023-08-08,R, TN07,House,,2023-08-09,-0.38031739847106,Tennessee,2023-11-16,2023-07-11,2023-08-08,SPY,0.1136322671193346,0.035213245199527954,True,True
REGN,ST,"REGENERON PHARMACEUTICALS, INC.","Tuesday, July 11, 2023",Purchase,"$1,001 - $15,000",NEW, MORGAN STANLEY - SELECT UMA ACCOUNT # 1,,Josh Gottheimer,2023-08-21,D, NJ05,House,,2023-08-22,18.9399926676056,New Jersey,2023-11-16,2023-07-11,2023-08-21,REGN,9.96124211259204,18.37518086061687,True,True
MO,ST,"ALTRIA GROUP, INC.","Tuesday, July 11, 2023",Purchase,"$1,001 - $15,000",NEW,,,Virginia Foxx,2023-07-28,R, NC05,House,,2023-07-31,-19.484729576057,North Carolina,2023-11-16,2023-07-11,2023-07-28,MO,-4.434728747047956,-4.107992581545695,False,False
KRYAY,ST,KERRY GROUP PLC SPONSORED ADR,"Monday, July 10, 2023",Sale,"$15,001 - $50,000",NEW, DANIEL GOLDMAN GRANDCHILDREN 1986 TRUST > TLH ADR,,Daniel Goldman,2023-08-13,D, NY10,House,,2023-08-14,-23.8168207601412,New York,2023-11-16,2023-07-10,2023-08-13,KRYAY,0.49466958015851326,15.963940657808973,True,True
JHX,ST,JAMES HARDIE INDUSTRIES PLC AMERICAN DEPOSITARY SHARES,"Monday, July 10, 2023",Sale,"$15,001 - $50,000",NEW, DANIEL GOLDMAN GRANDCHILDREN 1986 TRUST > TLH ADR,,Daniel Goldman,2023-08-13,D, NY10,House,,2023-08-14,32.7703495643165,New York,2023-11-16,2023-07-10,2023-08-13,JHX,-14.861564015242568,-0.9083611358825072,False,False
SHECY,ST,SHIN-ETSU CHEMICAL CO LTD UNSPONSORED ADR,"Monday, July 10, 2023",Sale,"$15,001 - $50,000",NEW, DANIEL GOLDMAN GRANDCHILDREN 1986 TRUST > TLH ADR,,Daniel Goldman,2023-08-13,D, NY10,House,,2023-08-14,18.730133024745,New York,2023-11-16,2023-07-10,2023-08-13,SHECY,2.939348250208651,8.293609031606575,True,True
IHG,ST,INTERCONTINENTAL HOTELS GROUP AMERICAN DEPOSITARY SHARES,"Monday, July 10, 2023",Sale,"$15,001 - $50,000",NEW, DANIEL GOLDMAN GRANDCHILDREN 1986 TRUST > TLH ADR,,Daniel Goldman,2023-08-13,D, NY10,House,,2023-08-14,34.0546658917288,New York,2023-11-16,2023-07-10,2023-08-13,IHG,-9.028381439645505,-7.424013462460866,False,False
HDB,ST,HDFC BANK LIMITED,"Monday, July 10, 2023",Sale,"$15,001 - $50,000",NEW, DANIEL GOLDMAN GRANDCHILDREN 1986 TRUST > TLH ADR,,Daniel Goldman,2023-08-13,D, NY10,House,,2023-08-14,-32.8935328200341,New York,2023-11-16,2023-07-10,2023-08-13,HDB,0.33724285339051807,9.370399916787564,True,True
HOCPY,ST,HOYA CORP SPONSORED ADR,"Monday, July 10, 2023",Sale,"$15,001 - $50,000",NEW, DANIEL GOLDMAN GRANDCHILDREN 1986 TRUST > TLH ADR,,Daniel Goldman,2023-08-13,D, NY10,House,,2023-08-14,-3.27637025482703,New York,2023-11-16,2023-07-10,2023-08-13,HOCPY,0.7216650889212417,8.978775423967289,True,True
DKILY,ST,DAIKIN INDS LTD UNSPONSORED ADR,"Monday, July 10, 2023",Sale,"$15,001 - $50,000",NEW, DANIEL GOLDMAN GRANDCHILDREN 1986 TRUST > TLH ADR,,Daniel Goldman,2023-08-13,D, NY10,House,,2023-08-14,-50.6460802929356,New York,2023-11-16,2023-07-10,2023-08-13,DKILY,15.941591956807555,21.582856098785385,True,True
CSLLY,ST,CSL LTD SPONSORED ADR,"Monday, July 10, 2023",Sale,"$50,001 - $100,000",NEW, DANIEL GOLDMAN GRANDCHILDREN 1986 TRUST > TLH ADR,,Daniel Goldman,2023-08-13,D, NY10,House,,2023-08-14,-12.6436253509698,New York,2023-11-16,2023-07-10,2023-08-13,CSLLY,4.038039324954901,6.25408069381349,True,True
HSBC,ST,"HSBC HOLDINGS, PLC.","Monday, July 10, 2023",Sale,"$100,001 - $250,000",NEW, DANIEL GOLDMAN GRANDCHILDREN 1986 TRUST > TLH ADR,,Daniel Goldman,2023-08-13,D, NY10,House,,2023-08-14,-18.598963739731,New York,2023-11-16,2023-07-10,2023-08-13,HSBC,-3.0295252878364876,-3.3892238869410507,False,False
OLCLY,ST,ORIENTAL LAND CO LTD UNSPONSORED ADR,"Monday, July 10, 2023",Sale,"$15,001 - $50,000",NEW, DANIEL GOLDMAN GRANDCHILDREN 1986 TRUST > TLH ADR,,Daniel Goldman,2023-08-13,D, NY10,House,,2023-08-14,-32.6042830845463,New York,2023-11-16,2023-07-10,2023-08-13,OLCLY,6.406751279238165,13.663281578814212,True,True
VOD,ST,VODAFONE GROUP PLC - AMERICAN DEPOSITARY SHARES EACH REPRESENTING TEN ORDINARY SHARES,"Monday, July 10, 2023",Sale,"$1,001 - $15,000",NEW, DANIEL GOLDMAN GRANDCHILDREN 1986 TRUST > TLH ADR,,Daniel Goldman,2023-08-13,D, NY10,House,,2023-08-14,-19.6372222794032,New York,2023-11-16,2023-07-10,2023-08-13,VOD,-0.6542725871766963,-5.622599935233064,False,False
NRILY,ST,NOMURA RESH INST LTD ADR,"Monday, July 10, 2023",Sale,"$1,001 - $15,000",NEW, DANIEL GOLDMAN GRANDCHILDREN 1986 TRUST > TLH ADR,,Daniel Goldman,2023-08-13,D, NY10,House,,2023-08-14,-15.4309902526918,New York,2023-11-16,2023-07-10,2023-08-13,NRILY,-1.1741687744923013,5.475482520045749,False,True
SMFG,ST,SUMITOMO MITSUI FINANCIAL GROUP INC UNSPONSORED AMERICAN DEPOSITARY SHARES,"Monday, July 10, 2023",Sale,"$50,001 - $100,000",NEW, DANIEL GOLDMAN GRANDCHILDREN 1986 TRUST > TLH ADR,,Daniel Goldman,2023-08-13,D, NY10,House,,2023-08-14,16.8314421562524,New York,2023-11-16,2023-07-10,2023-08-13,SMFG,-0.8771230685107323,-14.970040118402794,False,False
SVNDY,ST,SEVEN & I HOLDINGS CO LTD UNSPONSORED ADR,"Monday, July 10, 2023",Sale,"$15,001 - $50,000",NEW, DANIEL GOLDMAN GRANDCHILDREN 1986 TRUST > TLH ADR,,Daniel Goldman,2023-08-13,D, NY10,House,,2023-08-14,-48.7840092184222,New York,2023-11-16,2023-07-10,2023-08-13,SVNDY,2.074843930644399,5.9262718194271535,True,True
NOK,ST,NOKIA CORPORATION SPONSORED AMERICAN DEPOSITARY SHARES,"Monday, July 10, 2023",Sale,"$1,001 - $15,000",NEW, DANIEL GOLDMAN GRANDCHILDREN 1986 TRUST > TLH ADR,,Daniel Goldman,2023-08-13,D, NY10,House,,2023-08-14,-27.8585399620992,New York,2023-11-16,2023-07-10,2023-08-13,NOK,7.794234562366221,12.953065067105118,True,True
FJTSY,ST,FUJITSU LTD ADR,"Monday, July 10, 2023",Sale,"$15,001 - $50,000",NEW, DANIEL GOLDMAN GRANDCHILDREN 1986 TRUST > TLH ADR,,Daniel Goldman,2023-08-13,D, NY10,House,,2023-08-14,12.5573047028443,New York,2023-11-16,2023-07-10,2023-08-13,FJTSY,1.869294784926001,5.041179326870859,True,True
TRUMY,ST,TERUMO CORP UNSPONSORED ADR,"Monday, July 10, 2023",Sale,"$1,001 - $15,000",NEW, DANIEL GOLDMAN GRANDCHILDREN 1986 TRUST > TLH ADR,,Daniel Goldman,2023-08-13,D, NY10,House,,2023-08-14,9.41630004102158,New York,2023-11-16,2023-07-10,2023-08-13,TRUMY,-3.511341820026237,12.32410813647209,False,True
UCBJY,ST,UCB UNSPONSORED ADR,"Monday, July 10, 2023",Sale,"$1,001 - $15,000",NEW, DANIEL GOLDMAN GRANDCHILDREN 1986 TRUST > TLH ADR,,Daniel Goldman,2023-08-13,D, NY10,House,,2023-08-14,15.5661602222107,New York,2023-11-16,2023-07-10,2023-08-13,UCBJY,-2.244577017129301,2.629325404407956,False,True
STBFY,ST,SUNTORY BEVERAGE & FOOD LTD AMERICAN DEPOSITARY SHARES,"Monday, July 10, 2023",Sale,"$15,001 - $50,000",NEW, DANIEL GOLDMAN GRANDCHILDREN 1986 TRUST > TLH ADR,,Daniel Goldman,2023-08-13,D, NY10,House,,2023-08-14,-26.3707435475202,New York,2023-11-16,2023-07-10,2023-08-13,STBFY,6.759680375750021,12.065649906847476,True,True
GVDNY,ST,GIVAUDAN SA UNSPONSORED ADR,"Monday, July 10, 2023",Sale,"$15,001 - $50,000",NEW, DANIEL GOLDMAN GRANDCHILDREN 1986 TRUST > TLH ADR,,Daniel Goldman,2023-08-13,D, NY10,House,,2023-08-14,21.0281582971894,New York,2023-11-16,2023-07-10,2023-08-13,GVDNY,3.420392839116382,3.403368517923566,True,True
DASTY,ST,"DASSAULT SYSTEMES, S.A. AMERICAN DEPOSITARY SHARES","Monday, July 10, 2023",Sale,"$1,001 - $15,000",NEW, DANIEL GOLDMAN GRANDCHILDREN 1986 TRUST > TLH ADR,,Daniel Goldman,2023-08-13,D, NY10,House,,2023-08-14,-11.2887890576204,New York,2023-11-16,2023-07-10,2023-08-13,DASTY,5.758717119070855,10.047307417841012,True,True
VZ,Stock,Verizon Communications Inc,"Monday, July 10, 2023",Purchase,"$1,001 - $15,000",New,,,"Carper, Thomas R.",2023-08-02,D,,Senate,,2023-08-02,-3.96869338745223,Delaware,2023-08-28,2023-07-10,2023-08-02,VZ,-8.234612340337243,-8.825614773128299,False,False
SAN,ST,"BANCO SANTANDER, S.A. SPONSORED ADR","Monday, July 10, 2023",Sale,"$50,001 - $100,000",NEW, DANIEL GOLDMAN GRANDCHILDREN 1986 TRUST > TLH ADR,,Daniel Goldman,2023-08-13,D, NY10,House,,2023-08-14,6.77202856358167,New York,2023-11-16,2023-07-10,2023-08-13,SAN,-6.201476019077301,-4.460754600794248,False,False
AEG,ST,AEGON N.V.,"Monday, July 10, 2023",Sale,"$15,001 - $50,000",NEW, DANIEL GOLDMAN GRANDCHILDREN 1986 TRUST > TLH ADR,,Daniel Goldman,2023-08-13,D, NY10,House,,2023-08-14,-4.71984161844852,New York,2023-11-16,2023-07-10,2023-08-13,AEG,-4.300739471330717,5.301502509664546,False,True
SGIOY,ST,SHIONOGI & CO LTD UNSPONSORED ADR,"Monday, July 10, 2023",Sale,"$1,001 - $15,000",NEW, DANIEL GOLDMAN GRANDCHILDREN 1986 TRUST > TLH ADR,,Daniel Goldman,2023-08-13,D, NY10,House,,2023-08-14,9.14244748323869,New York,2023-11-16,2023-07-10,2023-08-13,SGIOY,-4.07274383918359,-9.126218004577469,False,False
ASML,ST,ASML HOLDING N.V. - NEW YORK REGISTRY SHARES,"Monday, July 10, 2023",Sale,"$100,001 - $250,000",NEW, DANIEL GOLDMAN GRANDCHILDREN 1986 TRUST > TLH ADR,,Daniel Goldman,2023-08-13,D, NY10,House,,2023-08-14,16.1079098018883,New York,2023-11-16,2023-07-10,2023-08-13,ASML,6.5798331164938055,15.013270345509666,True,True
RIO,ST,RIO TINTO PLC,"Monday, July 10, 2023",Sale,"$100,001 - $250,000",NEW, DANIEL GOLDMAN GRANDCHILDREN 1986 TRUST > TLH ADR,,Daniel Goldman,2023-08-13,D, NY10,House,,2023-08-14,-17.9305279557498,New York,2023-11-16,2023-07-10,2023-08-13,RIO,0.4963690062887327,1.316216781800239,True,True
HLN,ST,HALEON PLC AMERICAN DEPOSITARY SHARES,"Monday, July 10, 2023",Sale,"$15,001 - $50,000",NEW, DANIEL GOLDMAN GRANDCHILDREN 1986 TRUST > TLH ADR,,Daniel Goldman,2023-08-13,D, NY10,House,,2023-08-14,-14.0078471173602,New York,2023-11-16,2023-07-10,2023-08-13,HLN,-3.1140783769756375,-6.847650034733976,False,False
CJPRY,ST,CENTRAL JAPAN RAILWAY CO UNSPONSORED ADR,"Monday, July 10, 2023",Sale,"$15,001 - $50,000",NEW, DANIEL GOLDMAN GRANDCHILDREN 1986 TRUST > TLH ADR,,Daniel Goldman,2023-08-13,D, NY10,House,,2023-08-14,-10.8638776274508,New York,2023-11-16,2023-07-10,2023-08-13,CJPRY,0.9968346468936184,6.227987128789958,True,True
SONY,ST,SONY GROUP CORPORATION AMERICAN DEPOSITARY SHARES,"Monday, July 10, 2023",Sale,"$100,001 - $250,000",NEW, DANIEL GOLDMAN GRANDCHILDREN 1986 TRUST > TLH ADR,,Daniel Goldman,2023-08-13,D, NY10,House,,2023-08-14,-20.040022374538,New York,2023-11-16,2023-07-10,2023-08-13,SONY,8.90235848410057,6.293466511650503,True,True
FANUY,ST,FANUC CORPORATION UNSPONSORED ADR,"Monday, July 10, 2023",Sale,"$15,001 - $50,000",NEW, DANIEL GOLDMAN GRANDCHILDREN 1986 TRUST > TLH ADR,,Daniel Goldman,2023-08-13,D, NY10,House,,2023-08-14,-30.3358438332879,New York,2023-11-16,2023-07-10,2023-08-13,FANUY,16.259887549069663,19.455713570115808,True,True
FNF,Stock,Fidelity National Financial,"Monday, July 10, 2023",Purchase,"$1,001 - $15,000",New,,,"Carper, Thomas R.",2023-08-02,D,,Senate,,2023-08-02,20.3133717597712,Delaware,2023-08-28,2023-07-10,2023-08-02,FNF,11.742146029228383,10.854373977175435,True,True
BAYRY,ST,BAYER AKTIENGESELLSCHAFT AMERICAN DEPOSITARY SHARES,"Monday, July 10, 2023",Sale,"$15,001 - $50,000",NEW, DANIEL GOLDMAN GRANDCHILDREN 1986 TRUST > TLH ADR,,Daniel Goldman,2023-08-13,D, NY10,House,,2023-08-14,-64.0017075394742,New York,2023-11-16,2023-07-10,2023-08-13,BAYRY,-3.739232828354777,13.720661608180773,False,True
ATLKY,ST,ATLAS COPCO AB SPONSORED ADR REPSTG CLASS A,"Monday, July 10, 2023",Sale,"$15,001 - $50,000",NEW, DANIEL GOLDMAN GRANDCHILDREN 1986 TRUST > TLH ADR,,Daniel Goldman,2023-08-13,D, NY10,House,,2023-08-14,11.7704922123055,New York,2023-11-16,2023-07-10,2023-08-13,ATLKY,2.184590816614318,2.79484329049301,True,True
LRLCY,ST,L'OREAL CO. AMERICAN DEPOSITARY SHARES,"Monday, July 10, 2023",Sale,"$15,001 - $50,000",NEW, DANIEL GOLDMAN GRANDCHILDREN 1986 TRUST > TLH ADR,,Daniel Goldman,2023-08-13,D, NY10,House,,2023-08-14,-7.66618434938265,New York,2023-11-16,2023-07-10,2023-08-13,LRLCY,1.263545662768828,6.4588416192249865,True,True
JAPAY,ST,JAPAN TOBACCO UNSPONSORED AMERICAN DEPOSITORY RECEIPT,"Monday, July 10, 2023",Sale,"$15,001 - $50,000",NEW, DANIEL GOLDMAN GRANDCHILDREN 1986 TRUST > TLH ADR,,Daniel Goldman,2023-08-13,D, NY10,House,,2023-08-14,3.58719564272551,New York,2023-11-16,2023-07-10,2023-08-13,JAPAY,1.4123539224934367,-5.299764795624884,True,False
CRZBY,ST,COMMERZBANK JUNGE SHS AMERICAN DEPOSITARY SHARES,"Monday, July 10, 2023",Sale,"$15,001 - $50,000",NEW, DANIEL GOLDMAN GRANDCHILDREN 1986 TRUST > TLH ADR,,Daniel Goldman,2023-08-13,D, NY10,House,,2023-08-14,-3.89100119034842,New York,2023-11-16,2023-07-10,2023-08-13,CRZBY,6.336723440076297,4.380134472666164,True,True
ASAZY,ST,ASSA ABLOY AB UNSPONSORED ADR,"Monday, July 10, 2023",Sale,"$15,001 - $50,000",NEW, DANIEL GOLDMAN GRANDCHILDREN 1986 TRUST > TLH ADR,,Daniel Goldman,2023-08-13,D, NY10,House,,2023-08-14,11.1049192189209,New York,2023-11-16,2023-07-10,2023-08-13,ASAZY,1.9218220125312935,3.6603920657300337,True,True
DEO,ST,DIAGEO PLC,"Monday, July 10, 2023",Sale,"$50,001 - $100,000",NEW, DANIEL GOLDMAN GRANDCHILDREN 1986 TRUST > TLH ADR,,Daniel Goldman,2023-08-13,D, NY10,House,,2023-08-14,-28.5769878090273,New York,2023-11-16,2023-07-10,2023-08-13,DEO,0.08586031864805665,8.848277338298693,True,True
TTNDY,ST,TECHTRONIC INDUSTRIES COMPANY LTD AMERICAN DEPOSITARY SHARES,"Monday, July 10, 2023",Sale,"$1,001 - $15,000",NEW, DANIEL GOLDMAN GRANDCHILDREN 1986 TRUST > TLH ADR,,Daniel Goldman,2023-08-13,D, NY10,House,,2023-08-14,7.9862774769781,New York,2023-11-16,2023-07-10,2023-08-13,TTNDY,-5.4253416167310275,9.868313939795215,False,True
MFG,ST,"MIZUHO FINANCIAL GROUP, INC. SPONOSRED ADR","Monday, July 10, 2023",Sale,"$15,001 - $50,000",NEW, DANIEL GOLDMAN GRANDCHILDREN 1986 TRUST > TLH ADR,,Daniel Goldman,2023-08-13,D, NY10,House,,2023-08-14,8.25792963824579,New York,2023-11-16,2023-07-10,2023-08-13,MFG,-1.8351560537913647,-7.984377325417746,False,False
EBKDY,ST,ERSTE GROUP BANK AG SPONSORED ADR,"Monday, July 10, 2023",Sale,"$15,001 - $50,000",NEW, DANIEL GOLDMAN GRANDCHILDREN 1986 TRUST > TLH ADR,,Daniel Goldman,2023-08-13,D, NY10,House,,2023-08-14,6.67590980065267,New York,2023-11-16,2023-07-10,2023-08-13,EBKDY,-6.297432672336889,-0.8096863590381087,False,False
DBSDY,ST,DBS GROUP HOLDINGS LTD ORD AMERICAN DEPOSITARY SHARES,"Monday, July 10, 2023",Sale,"$50,001 - $100,000",NEW, DANIEL GOLDMAN GRANDCHILDREN 1986 TRUST > TLH ADR,,Daniel Goldman,2023-08-13,D, NY10,House,,2023-08-14,-4.03621806042753,New York,2023-11-16,2023-07-10,2023-08-13,DBSDY,-9.538593976962307,-8.205224919661891,False,False
AONNY,ST,AEON CO LTD AMERICAN DEPOSITARY SHARES,"Monday, July 10, 2023",Sale,"$15,001 - $50,000",NEW, DANIEL GOLDMAN GRANDCHILDREN 1986 TRUST > TLH ADR,,Daniel Goldman,2023-08-13,D, NY10,House,,2023-08-14,-3.81213605958016,New York,2023-11-16,2023-07-10,2023-08-13,AONNY,-2.954087576186404,0.5564804654029087,False,True
SE,ST,"SEA LIMITED AMERICAN DEPOSITARY SHARES, EACH REPRESENTING ONE CLASS A ORDINARY SHARE","Monday, July 10, 2023",Sale,"$1,001 - $15,000",NEW, DANIEL GOLDMAN GRANDCHILDREN 1986 TRUST > TLH ADR,,Daniel Goldman,2023-08-13,D, NY10,House,,2023-08-14,-16.1926831231045,New York,2023-11-16,2023-07-10,2023-08-13,SE,4.300117122093672,26.874040155837907,True,True
SMNNY,ST,SHIMANO INC UNSP/ADR,"Monday, July 10, 2023",Sale,"$15,001 - $50,000",NEW, DANIEL GOLDMAN GRANDCHILDREN 1986 TRUST > TLH ADR,,Daniel Goldman,2023-08-13,D, NY10,House,,2023-08-14,-27.8358438332879,New York,2023-11-16,2023-07-10,2023-08-13,SMNNY,11.795601632047049,16.062858089701205,True,True
SOMMY,ST,SUMITOMO CHEMICAL CO LTD UNSPONSORED ADR,"Monday, July 10, 2023",Sale,"$1,001 - $15,000",NEW, DANIEL GOLDMAN GRANDCHILDREN 1986 TRUST > TLH ADR,,Daniel Goldman,2023-08-13,D, NY10,House,,2023-08-14,-44.993581928526,New York,2023-11-16,2023-07-10,2023-08-13,SOMMY,7.829831806527632,12.647680515893944,True,True
MSLOY,ST,MITSUI OSK LINES LTD UNSPONSORED ADR,"Monday, July 10, 2023",Sale,"$15,001 - $50,000",NEW, DANIEL GOLDMAN GRANDCHILDREN 1986 TRUST > TLH ADR,,Daniel Goldman,2023-08-13,D, NY10,House,,2023-08-14,10.1649902583105,New York,2023-11-16,2023-07-10,2023-08-13,MSLOY,-10.543640111858865,-9.71663046374125,False,False
OTSKY,ST,"OTSUKA HOLDINGS CO. LTD, TOKYO UNSPONSORED ADR","Monday, July 10, 2023",Sale,"$1,001 - $15,000",NEW, DANIEL GOLDMAN GRANDCHILDREN 1986 TRUST > TLH ADR,,Daniel Goldman,2023-08-13,D, NY10,House,,2023-08-14,-5.3701407306378,New York,2023-11-16,2023-07-10,2023-08-13,OTSKY,-3.213626774719436,4.00471582771873,False,True
TOELY,ST,TOKYO ELECTRON LTD UNSPONSORED ADR,"Monday, July 10, 2023",Sale,"$15,001 - $50,000",NEW, DANIEL GOLDMAN GRANDCHILDREN 1986 TRUST > TLH ADR,,Daniel Goldman,2023-08-13,D, NY10,House,,2023-08-14,51.469152813258,New York,2023-11-16,2023-07-10,2023-08-13,TOELY,-0.018608876421843945,5.5642005309168185,False,True
MSADY,ST,"MS&AD INSURANCE GROUP HOLDINGS, INC. UNSPONSORED ADR","Monday, July 10, 2023",Sale,"$1,001 - $15,000",NEW, DANIEL GOLDMAN GRANDCHILDREN 1986 TRUST > TLH ADR,,Daniel Goldman,2023-08-13,D, NY10,House,,2023-08-14,23.641370011989,New York,2023-11-16,2023-07-10,2023-08-13,MSADY,4.475015964443418,-2.110498318351106,True,False
WJRYY,ST,WEST JAPAN RAILWAY CO UNSPONSORED ADR,"Monday, July 10, 2023",Sale,"$15,001 - $50,000",NEW, DANIEL GOLDMAN GRANDCHILDREN 1986 TRUST > TLH ADR,,Daniel Goldman,2023-08-13,D, NY10,House,,2023-08-14,-11.7681508244149,New York,2023-11-16,2023-07-10,2023-08-13,WJRYY,-0.23134677582925534,3.388976375902575,False,True
GMAB,ST,GENMAB A/S - AMERICAN DEPOSITARY SHARES,"Monday, July 10, 2023",Sale,"$50,001 - $100,000",NEW, DANIEL GOLDMAN GRANDCHILDREN 1986 TRUST > TLH ADR,,Daniel Goldman,2023-08-13,D, NY10,House,,2023-08-14,-37.2669245064447,New York,2023-11-16,2023-07-10,2023-08-13,GMAB,1.4778972244625543,6.116631425316832,True,True
SFTBY,ST,SOFTBANK CORP UNSPONSORED ADR,"Monday, July 10, 2023",Sale,"$15,001 - $50,000",NEW, DANIEL GOLDMAN GRANDCHILDREN 1986 TRUST > TLH ADR,,Daniel Goldman,2023-08-13,D, NY10,House,,2023-08-14,3.95237645691235,New York,2023-11-16,2023-07-10,2023-08-13,SFTBY,2.8617198522610243,12.080493276663141,True,True
ADYEY,ST,ADYEN NV UNSP/ADR,"Monday, July 10, 2023",Sale,"$50,001 - $100,000",NEW, DANIEL GOLDMAN GRANDCHILDREN 1986 TRUST > TLH ADR,,Daniel Goldman,2023-08-13,D, NY10,House,,2023-08-14,-18.4504078407091,New York,2023-11-16,2023-07-10,2023-08-13,ADYEY,-4.493822665661096,52.066261469790774,False,True
SAP,ST,SAP SE ADS,"Monday, July 10, 2023",Sale,"$100,001 - $250,000",NEW, DANIEL GOLDMAN GRANDCHILDREN 1986 TRUST > TLH ADR,,Daniel Goldman,2023-08-13,D, NY10,House,,2023-08-14,23.2652407286507,New York,2023-11-16,2023-07-10,2023-08-13,SAP,0.8449196158722527,2.0095223633629145,True,True
RHHBY,ST,ROCHE HOLDINGS AG BASEL AMERICAN DEPOSITARY SHARES,"Monday, July 10, 2023",Sale,"$50,001 - $100,000",NEW, DANIEL GOLDMAN GRANDCHILDREN 1986 TRUST > TLH ADR,,Daniel Goldman,2023-08-13,D, NY10,House,,2023-08-14,-28.9113703471348,New York,2023-11-16,2023-07-10,2023-08-13,RHHBY,0.11395845491071199,5.664709973281989,True,True
KNBWY,ST,"KIRIN HOLDINGS COMPANY, LIMITED SPONSORED ADR","Monday, July 10, 2023",Sale,"$1,001 - $15,000",NEW, DANIEL GOLDMAN GRANDCHILDREN 1986 TRUST > TLH ADR,,Daniel Goldman,2023-08-13,D, NY10,House,,2023-08-14,-20.9180078039239,New York,2023-11-16,2023-07-10,2023-08-13,KNBWY,6.571799115104815,2.076471431554683,True,True
TEL,ST,TE CONNECTIVITY LTD. NEW SWITZERLAND REGISTERED SHARES,"Monday, July 10, 2023",Sale,"$1,001 - $15,000",NEW, DANIEL GOLDMAN GRANDCHILDREN 1986 TRUST > TLH ADR,,Daniel Goldman,2023-08-13,D, NY10,House,,2023-08-14,-17.8204192267418,New York,2023-11-16,2023-07-10,2023-08-13,TEL,5.234735416475688,11.168156383376482,True,True
NWG,ST,"NATWEST GROUP PLC AMERICAN DEPOSITARY SHARES,","Monday, July 10, 2023",Sale,"$15,001 - $50,000",NEW, DANIEL GOLDMAN GRANDCHILDREN 1986 TRUST > TLH ADR,,Daniel Goldman,2023-08-13,D, NY10,House,,2023-08-14,-11.8326984279686,New York,2023-11-16,2023-07-10,2023-08-13,NWG,-1.021719889254502,5.682625236016792,False,True
WPP,ST,WPP PLC AMERICAN DEPOSITARY SHARES,"Monday, July 10, 2023",Sale,"$50,001 - $100,000",NEW, DANIEL GOLDMAN GRANDCHILDREN 1986 TRUST > TLH ADR,,Daniel Goldman,2023-08-13,D, NY10,House,,2023-08-14,-30.2669521180723,New York,2023-11-16,2023-07-10,2023-08-13,WPP,4.8231447136529715,12.263112163346324,True,True
NSRGY,ST,NESTLE SA SPONSORED ADR REPRESENTING REGISTERED SHARES SERIES B,"Monday, July 10, 2023",Sale,"$250,001 - $500,000",NEW, DANIEL GOLDMAN GRANDCHILDREN 1986 TRUST > TLH ADR,,Daniel Goldman,2023-08-13,D, NY10,House,,2023-08-14,-25.5549527695741,New York,2023-11-16,2023-07-10,2023-08-13,NSRGY,1.3109971048820057,3.5511568769101443,True,True
ALPMY,ST,ASTELLAS PHARMA INC UNSPONSORED ADR,"Monday, July 10, 2023",Sale,"$15,001 - $50,000",NEW, DANIEL GOLDMAN GRANDCHILDREN 1986 TRUST > TLH ADR,,Daniel Goldman,2023-08-13,D, NY10,House,,2023-08-14,-41.1741374840816,New York,2023-11-16,2023-07-10,2023-08-13,ALPMY,-3.6805869924797507,3.0469826147048074,False,True
RELX,ST,RELX PLC PLC AMERICAN DEPOSITARY SHARES,"Monday, July 10, 2023",Sale,"$50,001 - $100,000",NEW, DANIEL GOLDMAN GRANDCHILDREN 1986 TRUST > TLH ADR,,Daniel Goldman,2023-08-13,D, NY10,House,,2023-08-14,19.6232476217052,New York,2023-11-16,2023-07-10,2023-08-13,RELX,-2.526736770361615,-12.55165052005065,False,False
SYIEY,ST,SYMRISE AG UNSPONSORED ADR,"Monday, July 10, 2023",Sale,"$1,001 - $15,000",NEW, DANIEL GOLDMAN GRANDCHILDREN 1986 TRUST > TLH ADR,,Daniel Goldman,2023-08-13,D, NY10,House,,2023-08-14,-2.05063021513039,New York,2023-11-16,2023-07-10,2023-08-13,SYIEY,3.032812692273046,5.723517091530339,True,True
QABSY,ST,QANTAS AIRWAYS LTD,"Monday, July 10, 2023",Sale,"$1,001 - $15,000",NEW, DANIEL GOLDMAN GRANDCHILDREN 1986 TRUST > TLH ADR,,Daniel Goldman,2023-08-13,D, NY10,House,,2023-08-14,-34.6892120098269,New York,2023-11-16,2023-07-10,2023-08-13,QABSY,-1.4366851717929174,22.56866851245254,False,True
HXGBY,ST,HEXAGON AB AMERICAN DEPOSITARY SHARES,"Monday, July 10, 2023",Sale,"$15,001 - $50,000",NEW, DANIEL GOLDMAN GRANDCHILDREN 1986 TRUST > TLH ADR,,Daniel Goldman,2023-08-13,D, NY10,House,,2023-08-14,-12.1990882667571,New York,2023-11-16,2023-07-10,2023-08-13,HXGBY,19.1240780909529,24.340316668866613,True,True
ADDYY,ST,ADIDAS AG SPONSORED ADR,"Monday, July 10, 2023",Sale,"$15,001 - $50,000",NEW, DANIEL GOLDMAN GRANDCHILDREN 1986 TRUST > TLH ADR,,Daniel Goldman,2023-08-13,D, NY10,House,,2023-08-14,4.74769609027368,New York,2023-11-16,2023-07-10,2023-08-13,ADDYY,-4.233733504628545,2.3920100247775355,False,True
KDDIY,ST,KDDI CORPORATION UNSPONSORED ADR,"Monday, July 10, 2023",Sale,"$15,001 - $50,000",NEW, DANIEL GOLDMAN GRANDCHILDREN 1986 TRUST > TLH ADR,,Daniel Goldman,2023-08-13,D, NY10,House,,2023-08-14,-17.0052107911164,New York,2023-11-16,2023-07-10,2023-08-13,KDDIY,7.499556861703827,-1.2150136995744298,True,False
NVS,ST,NOVARTIS AG,"Monday, July 10, 2023",Sale,"$50,001 - $100,000",NEW, DANIEL GOLDMAN GRANDCHILDREN 1986 TRUST > TLH ADR,,Daniel Goldman,2023-08-13,D, NY10,House,,2023-08-14,-15.6020209929141,New York,2023-11-16,2023-07-10,2023-08-13,NVS,-5.723562952244077,-2.7523903335125333,False,False
NTDOY,ST,NINTENDO CO LTD ADR,"Monday, July 10, 2023",Sale,"$15,001 - $50,000",NEW, DANIEL GOLDMAN GRANDCHILDREN 1986 TRUST > TLH ADR,,Daniel Goldman,2023-08-13,D, NY10,House,,2023-08-14,7.48318665660586,New York,2023-11-16,2023-07-10,2023-08-13,NTDOY,5.99566957564488,3.9003033674293475,True,True
ERIC,ST,ERICSSON - AMERICAN DEPOSITARY SHARES EACH REPRESENTING 1 UNDERLYING CLASS B SHARE,"Monday, July 10, 2023",Sale,"$1,001 - $15,000",NEW, DANIEL GOLDMAN GRANDCHILDREN 1986 TRUST > TLH ADR,,Daniel Goldman,2023-08-13,D, NY10,House,,2023-08-14,-9.6562987810663,New York,2023-11-16,2023-07-10,2023-08-13,ERIC,8.382613997273559,7.990191720017936,True,True
CHGCY,ST,CHUGAI PHARMACEUTICAL LTD UNSPONSORED ADR,"Monday, July 10, 2023",Sale,"$1,001 - $15,000",NEW, DANIEL GOLDMAN GRANDCHILDREN 1986 TRUST > TLH ADR,,Daniel Goldman,2023-08-13,D, NY10,House,,2023-08-14,32.3607384896781,New York,2023-11-16,2023-07-10,2023-08-13,CHGCY,-7.389067181978137,-12.450143108084744,False,False
TAK,ST,TAKEDA PHARMACEUTICAL COMPANY LIMITED AMERICAN DEPOSITARY SHARES,"Monday, July 10, 2023",Sale,"$15,001 - $50,000",NEW, DANIEL GOLDMAN GRANDCHILDREN 1986 TRUST > TLH ADR,,Daniel Goldman,2023-08-13,D, NY10,House,,2023-08-14,-23.2332054806496,New York,2023-11-16,2023-07-10,2023-08-13,TAK,2.1559665693742236,0.31961947083364306,True,True
LYG,ST,LLOYDS BANKING GROUP PLC AMERICAN DEPOSITARY SHARES,"Monday, July 10, 2023",Sale,"$50,001 - $100,000",NEW, DANIEL GOLDMAN GRANDCHILDREN 1986 TRUST > TLH ADR,,Daniel Goldman,2023-08-13,D, NY10,House,,2023-08-14,-2.12756510895417,New York,2023-11-16,2023-07-10,2023-08-13,LYG,2.6955604287956514,4.74678773493169,True,True
TSM,ST,TAIWAN SEMICONDUCTOR MANUFACTURING COMPANY LTD.,"Monday, July 10, 2023",Sale,"$50,001 - $100,000",NEW, DANIEL GOLDMAN GRANDCHILDREN 1986 TRUST > TLH ADR,,Daniel Goldman,2023-08-13,D, NY10,House,,2023-08-14,20.9480316994851,New York,2023-11-16,2023-07-10,2023-08-13,TSM,7.122756159969867,9.129615068541808,True,True
AON,ST,AON PLC CLASS A ORDINARY SHARES,"Monday, July 10, 2023",Sale,"$15,001 - $50,000",NEW, DANIEL GOLDMAN GRANDCHILDREN 1986 TRUST > TLH ADR,,Daniel Goldman,2023-08-13,D, NY10,House,,2023-08-14,-21.837793629561,New York,2023-11-16,2023-07-10,2023-08-13,AON,7.44349166623307,1.2816208959967046,True,True
ING,ST,"ING GROUP, N.V.","Monday, July 10, 2023",Sale,"$50,001 - $100,000",NEW, DANIEL GOLDMAN GRANDCHILDREN 1986 TRUST > TLH ADR,,Daniel Goldman,2023-08-13,D, NY10,House,,2023-08-14,-2.97994948145562,New York,2023-11-16,2023-07-10,2023-08-13,ING,-6.139966333039015,0.24500280345087777,False,True
AAGIY,ST,"AIA GROUP, LTD. SPONSORED AMERICAN DEPOSITORY RECEIPT","Monday, July 10, 2023",Sale,"$100,001 - $250,000",NEW, DANIEL GOLDMAN GRANDCHILDREN 1986 TRUST > TLH ADR,,Daniel Goldman,2023-08-13,D, NY10,House,,2023-08-14,-37.4616726458256,New York,2023-11-16,2023-07-10,2023-08-13,AAGIY,8.939663909615735,11.08426075952541,True,True
TRYIY,ST,TORAY INDUSTRIES INC ADR,"Monday, July 10, 2023",Sale,"$1,001 - $15,000",NEW, DANIEL GOLDMAN GRANDCHILDREN 1986 TRUST > TLH ADR,,Daniel Goldman,2023-08-13,D, NY10,House,,2023-08-14,-31.090199749722,New York,2023-11-16,2023-07-10,2023-08-13,TRYIY,2.385133316898169,11.0245896030705,True,True
MELI,ST,"MERCADOLIBRE, INC.","Monday, July 10, 2023",Sale,"$1,001 - $15,000",NEW, DANIEL GOLDMAN GRANDCHILDREN 1986 TRUST > TLH ADR,,Daniel Goldman,2023-08-13,D, NY10,House,,2023-08-14,21.5826197992331,New York,2023-11-16,2023-07-10,2023-08-13,MELI,-19.423813143574797,-15.585917018470962,False,False
HDELY,ST,HEIDELBERGCEMENT AG UNSPONSORED ADR,"Monday, July 10, 2023",Sale,"$1,001 - $15,000",NEW, DANIEL GOLDMAN GRANDCHILDREN 1986 TRUST > TLH ADR,,Daniel Goldman,2023-08-13,D, NY10,House,,2023-08-14,18.2267194899137,New York,2023-11-16,2023-07-10,2023-08-13,HDELY,-9.850793488122033,-3.5369355860754403,False,False
NCBDY,ST,NAMCO BANDAI HOLDINGS INC HAMAMATSU AMERICAN DEPOSITARY SHARES,"Monday, July 10, 2023",Sale,"$1,001 - $15,000",NEW, DANIEL GOLDMAN GRANDCHILDREN 1986 TRUST > TLH ADR,,Daniel Goldman,2023-08-13,D, NY10,House,,2023-08-14,-30.737548230894,New York,2023-11-16,2023-07-10,2023-08-13,NCBDY,-5.875493461605563,5.155366148517193,False,True
TOTDY,ST,TOTO LTD ORD AMERICAN DEPOSITARY SHARES,"Monday, July 10, 2023",Sale,"$1,001 - $15,000",NEW, DANIEL GOLDMAN GRANDCHILDREN 1986 TRUST > TLH ADR,,Daniel Goldman,2023-08-13,D, NY10,House,,2023-08-14,-19.7404257869965,New York,2023-11-16,2023-07-10,2023-08-13,TOTDY,5.921366012707052,12.836016461802513,True,True
AJINY,ST,"AJINOMOTO COMPANY, INC. AMERICAN DEPOSITARY SHARES","Monday, July 10, 2023",Sale,"$15,001 - $50,000",NEW, DANIEL GOLDMAN GRANDCHILDREN 1986 TRUST > TLH ADR,,Daniel Goldman,2023-08-13,D, NY10,House,,2023-08-14,-26.8219081536473,New York,2023-11-16,2023-07-10,2023-08-13,AJINY,1.41976851896507,-2.7038349309427723,True,False
SSDOY,ST,SHISEIDO CO LTD ORD AMERICAN DEPOSITARY SHARES,"Monday, July 10, 2023",Sale,"$15,001 - $50,000",NEW, DANIEL GOLDMAN GRANDCHILDREN 1986 TRUST > TLH ADR,,Daniel Goldman,2023-08-13,D, NY10,House,,2023-08-14,-53.6855562014567,New York,2023-11-16,2023-07-10,2023-08-13,SSDOY,0.9167297547365783,19.599936971997998,True,True
NGG,ST,"NATIONAL GRID TRANSCO, PLC NATIONAL GRID PLC","Monday, July 10, 2023",Sale,"$50,001 - $100,000",NEW, DANIEL GOLDMAN GRANDCHILDREN 1986 TRUST > TLH ADR,,Daniel Goldman,2023-08-13,D, NY10,House,,2023-08-14,-11.0266192126299,New York,2023-11-16,2023-07-10,2023-08-13,NGG,3.320657522807935,6.577944681466552,True,True
UL,ST,UNILEVER PLC,"Monday, July 10, 2023",Sale,"$100,001 - $250,000",NEW, DANIEL GOLDMAN GRANDCHILDREN 1986 TRUST > TLH ADR,,Daniel Goldman,2023-08-13,D, NY10,House,,2023-08-14,-20.6683742061409,New York,2023-11-16,2023-07-10,2023-08-13,UL,-0.5769630644449464,4.444023763503047,False,True
CMSQY,ST,COMPUTERSHARE LTD SPONSORED ADR,"Monday, July 10, 2023",Sale,"$1,001 - $15,000",NEW, DANIEL GOLDMAN GRANDCHILDREN 1986 TRUST > TLH ADR,,Daniel Goldman,2023-08-13,D, NY10,House,,2023-08-14,-12.447492840717,New York,2023-11-16,2023-07-10,2023-08-13,CMSQY,-3.475975222167249,-6.918193817064666,False,False
SWDBY,ST,SWEDBANK AB SPONSORED ADR,"Monday, July 10, 2023",Sale,"$1,001 - $15,000",NEW, DANIEL GOLDMAN GRANDCHILDREN 1986 TRUST > TLH ADR,,Daniel Goldman,2023-08-13,D, NY10,House,,2023-08-14,13.824154190818,New York,2023-11-16,2023-07-10,2023-08-13,SWDBY,-5.853074776130773,-9.381217282437548,False,False
STLA,ST,STELLANTIS N.V. COMMON SHARES,"Monday, July 10, 2023",Sale,"$15,001 - $50,000",NEW, DANIEL GOLDMAN GRANDCHILDREN 1986 TRUST > TLH ADR,,Daniel Goldman,2023-08-13,D, NY10,House,,2023-08-14,42.8701284997794,New York,2023-11-16,2023-07-10,2023-08-13,STLA,-5.496234428578672,-8.435017450424077,False,False
FRCOY,ST,FAST RETAILING CO LTD UNSPONSORED ADR,"Monday, July 10, 2023",Sale,"$15,001 - $50,000",NEW, DANIEL GOLDMAN GRANDCHILDREN 1986 TRUST > TLH ADR,,Daniel Goldman,2023-08-13,D, NY10,House,,2023-08-14,4.30398256570343,New York,2023-11-16,2023-07-10,2023-08-13,FRCOY,5.392734876529037,10.952050190236118,True,True
SKLTY,ST,SEEK LTD UNSPONSORED ADR,"Monday, July 10, 2023",Sale,"$1,001 - $15,000",NEW, DANIEL GOLDMAN GRANDCHILDREN 1986 TRUST > TLH ADR,,Daniel Goldman,2023-08-13,D, NY10,House,,2023-08-14,-2.56742514505792,New York,2023-11-16,2023-07-10,2023-08-13,SKLTY,-12.528295814592493,3.109131555529232,False,True
BDNNY,ST,BOLIDEN AB UNSPONSORED ADR,"Monday, July 10, 2023",Sale,"$15,001 - $50,000",NEW, DANIEL GOLDMAN GRANDCHILDREN 1986 TRUST > TLH ADR,,Daniel Goldman,2023-08-13,D, NY10,House,,2023-08-14,-21.0206457914544,New York,2023-11-16,2023-07-10,2023-08-13,BDNNY,6.726621207256411,5.350798170586857,True,True
DNTUY,ST,DENTSU INC TOKYO UNSPONSORED ADR,"Monday, July 10, 2023",Sale,"$1,001 - $15,000",NEW, DANIEL GOLDMAN GRANDCHILDREN 1986 TRUST > TLH ADR,,Daniel Goldman,2023-08-13,D, NY10,House,,2023-08-14,-33.7722221990987,New York,2023-11-16,2023-07-10,2023-08-13,DNTUY,2.2043735279894228,9.798674372186532,True,True
ASML,ST,ASML HOLDING N.V. - NEW YORK REGISTRY SHARES,"Friday, July 7, 2023",Sale,"$1,001 - $15,000",NEW, MORGAN STANLEY - SELECT UMA ACCOUNT # 1,,Josh Gottheimer,2023-08-21,D, NJ05,House,,2023-08-22,18.2845344131054,New Jersey,2023-11-16,2023-07-07,2023-08-21,ASML,3.1928359567113485,13.312759865578272,True,True
MS,ST,MORGAN STANLEY,"Friday, July 7, 2023",Sale,"$1,001 - $15,000",NEW, MORGAN STANLEY - SELECT UMA ACCOUNT # 1,,Josh Gottheimer,2023-08-21,D, NJ05,House,,2023-08-22,-10.6375612066543,New Jersey,2023-11-16,2023-07-07,2023-08-21,MS,-4.145475603479198,1.8505282311641502,False,True
CTSH,ST,COGNIZANT TECHNOLOGY SOLUTIONS CORPORATION - CLASS A,"Friday, July 7, 2023",Sale,"$1,001 - $15,000",NEW, MORGAN STANLEY - SELECT UMA ACCOUNT # 1,,Josh Gottheimer,2023-08-21,D, NJ05,House,,2023-08-22,-1.37037794496745,New Jersey,2023-11-16,2023-07-07,2023-08-21,CTSH,-6.451110782254865,-6.811731986435654,False,False
DE,ST,DEERE & COMPANY,"Friday, July 7, 2023",Sale,"$1,001 - $15,000",NEW, MORGAN STANLEY - SELECT UMA ACCOUNT # 1,,Josh Gottheimer,2023-08-21,D, NJ05,House,,2023-08-22,-22.0608382491179,New Jersey,2023-11-16,2023-07-07,2023-08-21,DE,-3.7063897795911904,4.10126975570142,False,True
MSFT,ST,MICROSOFT CORPORATION,"Friday, July 7, 2023",Sale,"$1,001 - $15,000",NEW, MORGAN STANLEY - SELECT UMA ACCOUNT # 1,,Josh Gottheimer,2023-08-21,D, NJ05,House,,2023-08-22,6.82651733050076,New Jersey,2023-11-16,2023-07-07,2023-08-21,MSFT,4.824750602487637,2.096395950236285,True,True
CC,ST,CHEMOURS COMPANY,"Thursday, July 6, 2023",Sale,"$1,001 - $15,000",NEW,,"THE TERMS OF THE CALL ARE A STRIKE PRICE OF $36, AND AN EXPIRATION OF 08/11/2023 FILING ID #20023340",Michael C. Burgess,2023-07-18,R, TX26,House,,2023-07-19,-40.9363187347701,Texas,2023-11-16,2023-07-06,2023-07-18,CC,-1.358900874402047,21.447275113764185,False,True
AMZN,ST,"AMAZON.COM, INC.","Thursday, July 6, 2023",Sale,"$1,001 - $15,000",NEW,,"THE TERMS OF THE CALL ARE A STRIKE PRICE OF $29, AND AN EXPIRATION OF 08/11/2023",Michael C. Burgess,2023-07-18,R, TX26,House,,2023-07-19,19.4953686942385,Texas,2023-11-16,2023-07-06,2023-07-18,AMZN,-8.375727488842099,-2.291652136257838,False,False
CC,ST,CHEMOURS COMPANY,"Thursday, July 6, 2023",Purchase,"$15,001 - $50,000",NEW,,,Michael C. Burgess,2023-07-18,R, TX26,House,,2023-07-19,-40.9363187347701,Texas,2023-11-16,2023-07-06,2023-07-18,CC,1.358900874402047,-21.447275113764185,True,False
AMZN,ST,"AMAZON.COM, INC.","Thursday, July 6, 2023",Purchase,"$15,001 - $50,000",NEW,,,Michael C. Burgess,2023-07-18,R, TX26,House,,2023-07-19,19.4953686942385,Texas,2023-11-16,2023-07-06,2023-07-18,AMZN,8.375727488842099,2.291652136257838,True,True
GOOGL,ST,ALPHABET INC. - CLASS A,"Thursday, July 6, 2023",Purchase,"$15,001 - $50,000",NEW,,,Michael C. Burgess,2023-07-18,R, TX26,House,,2023-07-19,1.1541688400174,Texas,2023-11-16,2023-07-06,2023-07-18,GOOGL,7.085920226386966,15.947962986955188,True,True
ABBV,ST,ABBVIE INC.,"Thursday, July 6, 2023",Purchase,"$15,001 - $50,000",NEW,,,Michael C. Burgess,2023-07-18,R, TX26,House,,2023-07-19,13.2148302950073,Texas,2023-11-16,2023-07-06,2023-07-18,ABBV,7.108026733219064,10.957731862290732,True,True
PNC,ST,"CONTRACT PNC FINANCIAL SERVICES GROUP, INC.","Wednesday, July 5, 2023",Sale,"$1,001 - $15,000",NEW, RICHARD R LARSEN IRA > AMERIPRISE SPS MANAGED ACCOUNT,SALE OF ASSET FOR IRA AS PART OF PERIODIC REBALANCING. TRANSACTION TAKEN BY ADVISOR WITHOUT MY INPUT PER,Rick Larsen,2023-07-17,D, WA02,House,,2023-07-18,2.32256830867415,Washington,2023-11-16,2023-07-05,2023-07-17,PNC,-3.3507150622793525,0.3041241027349151,False,True
MSI,ST,"CONTRACT MOTOROLA SOLUTIONS, INC.","Wednesday, July 5, 2023",Purchase,"$1,001 - $15,000",NEW, RICHARD R LARSEN IRA > AMERIPRISE SPS MANAGED ACCOUNT,,Rick Larsen,2023-07-17,D, WA02,House,,2023-07-18,2.13629542656718,Washington,2023-11-16,2023-07-05,2023-07-17,MSI,-5.4466693578060665,-2.370789153043895,False,False
ALL,ST,ALLSTATE CORPORATION,"Wednesday, July 5, 2023",Sale,"$1,001 - $15,000",NEW, RICHARD R LARSEN IRA > AMERIPRISE SPS MANAGED ACCOUNT,SALE OF ASSET FOR IRA AS PART OF PERIODIC REBALANCING. TRANSACTION TAKEN BY ADVISOR WITHOUT MY INPUT PER,Rick Larsen,2023-07-17,D, WA02,House,,2023-07-18,31.9619177253843,Washington,2023-11-16,2023-07-05,2023-07-17,ALL,0.8563374726004214,-4.77007588892322,True,False
SPGI,ST,CONTRACT S&P GLOBAL INC.,"Wednesday, July 5, 2023",Purchase,"$1,001 - $15,000",NEW, RICHARD R LARSEN IRA > AMERIPRISE SPS MANAGED ACCOUNT,PURCHASE OF ASSET FOR IRA AS PART OF PERIODIC REBALANCING. TRANSACTION TAKEN BY ADVISOR WITHOUT MY INPUT PER,Rick Larsen,2023-07-17,D, WA02,House,,2023-07-18,-9.63071907717617,Washington,2023-11-16,2023-07-05,2023-07-17,SPGI,-3.8950454495193965,-5.917591557317614,False,False
PAYX,ST,"CONTRACT PAYCHEX, INC.","Wednesday, July 5, 2023",Purchase,"$1,001 - $15,000",NEW, RICHARD R LARSEN IRA > AMERIPRISE SPS MANAGED ACCOUNT,PURCHASE OF ASSET FOR IRA AS PART OF PERIODIC REBALANCING. TRANSACTION TAKEN BY ADVISOR WITHOUT MY INPUT PER,Rick Larsen,2023-07-17,D, WA02,House,,2023-07-18,-8.88339308357093,Washington,2023-11-16,2023-07-05,2023-07-17,PAYX,8.25456478824307,6.093032097684381,True,True
MA,ST,CONTRACT MASTERCARD INCORPORATED,"Wednesday, July 5, 2023",Purchase,"$1,001 - $15,000",NEW, RICHARD R LARSEN IRA > AMERIPRISE SPS MANAGED ACCOUNT,PURCHASE OF ASSET FOR IRA AS PART OF PERIODIC REBALANCING. TRANSACTION TAKEN BY ADVISOR WITHOUT MY INPUT PER,Rick Larsen,2023-07-17,D, WA02,House,,2023-07-18,5.1066620731328,Washington,2023-11-16,2023-07-05,2023-07-17,MA,-1.5581325832967674,3.958459425687322,False,True
ADI,ST,"CONTRACT ANALOG DEVICES, INC.","Wednesday, July 5, 2023",Sale,"$1,001 - $15,000",NEW, RICHARD R LARSEN IRA > AMERIPRISE SPS MANAGED ACCOUNT,SALE OF ASSET FOR IRA AS PART OF PERIODIC REBALANCING. TRANSACTION TAKEN BY ADVISOR WITHOUT MY INPUT PER,Rick Larsen,2023-07-17,D, WA02,House,,2023-07-18,-12.7021852802213,Washington,2023-11-16,2023-07-05,2023-07-17,ADI,1.5702677015041244,4.843369587955316,True,True
ELV,ST,"CONTRACT ELEVANCE HEALTH, INC.","Wednesday, July 5, 2023",Sale,"$1,001 - $15,000",NEW, RICHARD R LARSEN IRA > AMERIPRISE SPS MANAGED ACCOUNT,SALE OF ASSET FOR IRA AS PART OF PERIODIC REBALANCING. TRANSACTION TAKEN BY ADVISOR WITHOUT MY INPUT PER,Rick Larsen,2023-07-17,D, WA02,House,,2023-07-18,0.372542937067067,Washington,2023-11-16,2023-07-05,2023-07-17,ELV,-3.8463734987952414,-2.7393760453509053,False,False
SNV,ST,SYNOVUS FINANCIAL CORP.,"Monday, July 3, 2023",Sale,"$1,001 - $15,000",NEW, INVESTMENT,,Greg Steube,2023-08-09,R, FL17,House,,2023-08-10,6.94744131555606,Florida,2023-11-16,2023-07-03,2023-08-09,SNV,-5.251136329758266,10.27966985124137,False,True
KO,ST,COCA-COLA COMPANY,"Monday, July 3, 2023",Purchase,"$1,001 - $15,000",NEW,,REINVEST SHARES,Lloyd Doggett,2023-08-07,D, TX37,House,,2023-08-09,-16.3370878061598,Texas,2023-11-16,2023-07-03,2023-08-07,KO,0.9807280992719214,-4.666034086499238,True,False
VGR,ST,VECTOR GROUP LTD.,"Friday, June 30, 2023",Purchase,"$1,001 - $15,000",NEW,,,Virginia Foxx,2023-07-07,R, NC05,House,,2023-07-10,-31.1711108412375,North Carolina,2023-11-16,2023-06-30,2023-07-07,VGR,-0.6939112591796803,-13.163798364120494,False,False
DVN,ST,DEVON ENERGY CORPORATION,"Friday, June 30, 2023",Purchase,"$15,001 - $50,000",NEW, HERN FAMILY REVOCABLE TRUST > BROKERAGE INVESTMENT ACCOUNT,DIVIDEND REINVESTMENT,Kevin Hern,2023-07-12,R, OK01,House,,2023-07-13,-16.8916300492802,Oklahoma,2023-11-16,2023-06-30,2023-07-12,DVN,8.594838079715505,4.35806050082549,True,True
LIN,ST,LINDE PLC ORDINARY SHARES,"Friday, June 30, 2023",Purchase,"$1,001 - $15,000",NEW, BILL'S IRA,,William R. Keating,2023-07-19,D, MA09,House,,2023-07-20,7.46703349516392,Massachusetts,2023-11-16,2023-06-30,2023-07-19,LIN,-0.5973523003726333,1.394071405997177,False,True
COF,ST,CAPITAL ONE FINANCIAL CORPORATION,"Friday, June 30, 2023",Sale,"$1,001 - $15,000",NEW, BILL'S IRA,,William R. Keating,2023-07-19,D, MA09,House,,2023-07-20,8.5349139489579,Massachusetts,2023-11-16,2023-06-30,2023-07-19,COF,-3.880708313374659,7.915310030909595,False,True
DVN,ST,DEVON ENERGY CORPORATION,"Friday, June 30, 2023",Purchase,"$1,001 - $15,000",NEW, HERN FAMILY FOUNDATION,DIVIDEND REINVESTMENT,Kevin Hern,2023-07-12,R, OK01,House,,2023-07-13,-16.8916300492802,Oklahoma,2023-11-16,2023-06-30,2023-07-12,DVN,8.594838079715505,4.35806050082549,True,True
VAL,ST,VALARIS LIMITED COMMON SHARES,"Thursday, June 29, 2023",Sale,"$1,001 - $15,000",NEW, DANIEL GOLDMAN 12/9/2011 TRUST > APERIO GROUP LLC,,Daniel Goldman,2023-08-13,D, NY10,House,,2023-08-14,2.44869080677416,New York,2023-11-16,2023-06-29,2023-08-13,VAL,-24.979271663289857,-32.51904335120213,False,False
CLF,Stock Option,Cleveland-Cliffs Inc. Common Stock,"Thursday, June 29, 2023",Sale (Partial),"$1,001 - $15,000",New,,Option Type: Call Strike price: $17.00  Expires: 09/15/2023,"Tuberville, Tommy",2023-07-14,R,,Senate,,2023-07-14,0.222533442788603,Alabama,2023-08-28,2023-06-29,2023-07-14,CLF,-0.12070793201648389,7.350948590323458,False,True
BIO,ST,"BIO-RAD LABORATORIES, INC. CLASS A","Thursday, June 29, 2023",Purchase,"$1,001 - $15,000",NEW, MORGAN STANLEY IRA - X142,,Lois Frankel,2023-07-28,D, FL22,House,,2023-07-31,-27.8906523302764,Florida,2023-11-16,2023-06-29,2023-07-28,BIO,3.6478641628863606,-3.2947333552008295,True,False
FDX,ST,FEDEX CORPORATION,"Thursday, June 29, 2023",Purchase,"$15,001 - $50,000",NEW, STEPHENS ADVANTAGE ACCOUNT,,Steve Cohen,2023-07-28,D, TN09,House,,2023-07-31,-15.4456637666886,Tennessee,2023-11-16,2023-06-29,2023-07-28,FDX,3.6096482674219166,7.8657860509143696,True,True
OLPX,ST,"OLAPLEX HOLDINGS, INC.","Thursday, June 29, 2023",Sale,"$1,001 - $15,000",NEW, DANIEL GOLDMAN 12/9/2011 TRUST > APERIO GROUP LLC,,Daniel Goldman,2023-08-13,D, NY10,House,,2023-08-14,-66.5023900160185,New York,2023-11-16,2023-06-29,2023-08-13,OLPX,8.122315855965923,45.08758114442154,True,True
CLF,ST,CLEVELAND-CLIFFS INC.,"Thursday, June 29, 2023",Sale,"$1,001 - $15,000",NEW, DANIEL GOLDMAN 12/9/2011 TRUST > APERIO GROUP LLC,,Daniel Goldman,2023-08-13,D, NY10,House,,2023-08-14,0.222533442788603,New York,2023-11-16,2023-06-29,2023-08-13,CLF,-0.12070793201648389,7.350948590323458,False,True
LCID,ST,"LUCID GROUP, INC.","Thursday, June 29, 2023",Sale,"$1,001 - $15,000",NEW, DANIEL GOLDMAN 12/9/2011 TRUST > APERIO GROUP LLC,,Daniel Goldman,2023-08-13,D, NY10,House,,2023-08-14,-77.5255836486512,New York,2023-11-16,2023-06-29,2023-08-13,LCID,-6.231467664451773,17.866155368920843,False,True
ATUS,ST,"ALTICE USA, INC. CLASS A","Thursday, June 29, 2023",Sale,"$1,001 - $15,000",NEW, DANIEL GOLDMAN 12/9/2011 TRUST > APERIO GROUP LLC,,Daniel Goldman,2023-08-13,D, NY10,House,,2023-08-14,-25.9534431645506,New York,2023-11-16,2023-06-29,2023-08-13,ATUS,-10.927126220410276,-11.95705292229896,False,False
CHX,ST,CHAMPIONX CORPORATION,"Thursday, June 29, 2023",Sale,"$1,001 - $15,000",NEW, DANIEL GOLDMAN 12/9/2011 TRUST > APERIO GROUP LLC,,Daniel Goldman,2023-08-13,D, NY10,House,,2023-08-14,-9.15322340494617,New York,2023-11-16,2023-06-29,2023-08-13,CHX,-12.4955905765874,-23.25926953195403,False,False
HAL,ST,HALLIBURTON COMPANY,"Thursday, June 29, 2023",Sale,"$15,001 - $50,000",NEW,,,Daniel Goldman,2023-08-13,D, NY10,House,,2023-08-14,-3.090950773801,New York,2023-11-16,2023-06-29,2023-08-13,HAL,-13.36732196552546,-29.40791031462835,False,False
MOS,ST,MOSAIC COMPANY,"Thursday, June 29, 2023",Sale,"$1,001 - $15,000",NEW, DANIEL GOLDMAN 12/9/2011 TRUST > APERIO GROUP LLC,,Daniel Goldman,2023-08-13,D, NY10,House,,2023-08-14,-24.4753476135067,New York,2023-11-16,2023-06-29,2023-08-13,MOS,-12.814791268945491,-3.9809765954855747,False,False
QS,ST,QUANTUMSCAPE CORPORATION CLASS A,"Thursday, June 29, 2023",Sale,"$1,001 - $15,000",NEW, DANIEL GOLDMAN 12/9/2011 TRUST > APERIO GROUP LLC,,Daniel Goldman,2023-08-13,D, NY10,House,,2023-08-14,-44.0076213575669,New York,2023-11-16,2023-06-29,2023-08-13,QS,-65.82560765767936,16.024576685831438,False,True
BIO,ST,"BIO-RAD LABORATORIES, INC. CLASS A","Wednesday, June 28, 2023",Purchase,"$1,001 - $15,000",NEW, MORGAN STANLEY IRA - X142,,Lois Frankel,2023-07-28,D, FL22,House,,2023-07-31,-25.2300916009198,Florida,2023-11-16,2023-06-28,2023-07-28,BIO,9.641754963208982,-1.5169962628662326,True,False
PFE,ST,"PFIZER, INC.","Wednesday, June 28, 2023",Purchase,"$1,001 - $15,000",NEW, MORGAN STANLEY IRA - X141,,Lois Frankel,2023-07-28,D, FL22,House,,2023-07-31,-39.7672601015317,Florida,2023-11-16,2023-06-28,2023-07-28,PFE,-5.298407542575845,-8.35837955705574,False,False
MRK,ST,"MERCK & COMPANY, INC. COMMON STOCK","Wednesday, June 28, 2023",Sale,"$1,001 - $15,000",NEW, MORGAN STANLEY IRA - X141,,Lois Frankel,2023-07-28,D, FL22,House,,2023-07-31,-8.68274868665653,Florida,2023-11-16,2023-06-28,2023-07-28,MRK,10.117297510877476,3.909188366746763,True,True
DD,ST,"DUPONT DE NEMOURS, INC.","Wednesday, June 28, 2023",Purchase,"$1,001 - $15,000",NEW, MORGAN STANLEY IRA - X141,,Lois Frankel,2023-07-28,D, FL22,House,,2023-07-31,-11.3612957242562,Florida,2023-11-16,2023-06-28,2023-07-28,DD,6.2594598217578845,6.824727125716734,True,True
MS,GS,MISSISSIPPI DEV BK SPL OBLIG MISSISSIPPI GULF COAST CMNTY,"Wednesday, June 28, 2023",Purchase,"$1,001 - $15,000",NEW, KINV - CP,,Michael Patrick Guest,2023-07-14,R, MS03,House,,2023-07-17,-11.5313539715685,Mississippi,2023-11-16,2023-06-28,2023-07-14,MS,4.3327097411677284,0.19390055794082928,True,True
NSC,ST,NORFOLK SOUTHERN CORPORATION,"Wednesday, June 28, 2023",Purchase,"$1,001 - $15,000",NEW, MORGAN STANLEY IRA - X142,,Lois Frankel,2023-07-28,D, FL22,House,,2023-07-31,-2.1184463073716,Florida,2023-11-16,2023-06-28,2023-07-28,NSC,1.3572945489175758,-8.792607174660727,True,False
TMO,ST,THERMO FISHER SCIENTIFIC INC,"Wednesday, June 28, 2023",Sale,"$1,001 - $15,000",NEW, MORGAN STANLEY IRA - X141,,Lois Frankel,2023-07-28,D, FL22,House,,2023-07-31,-2.2526291003838,Florida,2023-11-16,2023-06-28,2023-07-28,TMO,-5.4420941818564605,-0.68288748067028,False,False
ET,ST,ENERGY TRANSFER LP COMMON UNITS,"Tuesday, June 27, 2023",Sale,"$250,001 - $500,000",NEW, EQUITABLE RETIREMENT ACCOUNT,,Mark Dr Green,2023-06-30,R, TN07,House,,2023-06-30,4.55036110412892,Tennessee,2023-11-16,2023-06-27,2023-06-30,ET,-0.32424084078392923,-11.774334205022763,False,False
UNH,ST,UNITEDHEALTH GROUP INCORPORATED COMMON STOCK,"Tuesday, June 27, 2023",Purchase,"$1,001 - $15,000",NEW, HERN FAMILY REVOCABLE TRUST > BROKERAGE INVESTMENT ACCOUNT,DIVIDEND REINVESTMENT,Kevin Hern,2023-07-12,R, OK01,House,,2023-07-13,-15.0986941455101,Oklahoma,2023-11-16,2023-06-27,2023-07-12,UNH,1.0664089579028202,6.680091487118878,True,True
ET,ST,ENERGY TRANSFER LP COMMON UNITS,"Tuesday, June 27, 2023",Sale,"$250,001 - $500,000",NEW, EQUITABLE RETIREMENT ACCOUNT,,Mark Dr Green,2023-06-30,R, TN07,House,,2023-06-30,4.55036110412892,Tennessee,2023-11-16,2023-06-27,2023-06-30,ET,-0.32424084078392923,-11.774334205022763,False,False
META,ST,"META PLATFORMS, INC. - CLASS A","Monday, June 26, 2023",Purchase,"$1,001 - $15,000",NEW, MORGAN STANLEY - SELECT UMA ACCOUNT # 1,,Josh Gottheimer,2023-07-11,D, NJ05,House,,2023-07-12,55.7379491260638,New Jersey,2023-11-16,2023-06-26,2023-07-11,META,1.7215978350461514,7.830454486566318,True,True
MNST,ST,MONSTER BEVERAGE CORPORATION,"Monday, June 26, 2023",Purchase,"$1,001 - $15,000",NEW, MORGAN STANLEY - SELECT UMA ACCOUNT # 1,,Josh Gottheimer,2023-07-11,D, NJ05,House,,2023-07-12,-13.3569573391268,New Jersey,2023-11-16,2023-06-26,2023-07-11,MNST,-4.6993297184802385,-5.501500271279369,False,False
WMB,ST,"WILLIAMS COMPANIES, INC.","Monday, June 26, 2023",Purchase,"$1,001 - $15,000",NEW, HERN FAMILY REVOCABLE TRUST > BROKERAGE INVESTMENT ACCOUNT,DIVIDEND REINVESTMENT,Kevin Hern,2023-07-12,R, OK01,House,,2023-07-13,0.981100328767152,Oklahoma,2023-11-16,2023-06-26,2023-07-12,WMB,4.159199407578962,9.102444731949833,True,True
SHOP,ST,SHOPIFY INC. CLASS A SUBORDINATE VOTING SHARES,"Monday, June 26, 2023",Purchase,"$1,001 - $15,000",NEW, MORGAN STANLEY - SELECT UMA ACCOUNT # 1,,Josh Gottheimer,2023-07-11,D, NJ05,House,,2023-07-12,3.87144992823082,New Jersey,2023-11-16,2023-06-26,2023-07-11,SHOP,-3.2355469897287215,-15.487665133434792,False,False
UPS,ST,"UNITED PARCEL SERVICE, INC.","Monday, June 26, 2023",Sale,"$1,001 - $15,000",NEW, MORGAN STANLEY - SELECT UMA ACCOUNT # 1,,Josh Gottheimer,2023-07-11,D, NJ05,House,,2023-07-12,-29.3233585351865,New Jersey,2023-11-16,2023-06-26,2023-07-11,UPS,-1.2416433907237234,10.87351684158433,False,True
ET,ST,ENERGY TRANSFER LP COMMON UNITS,"Monday, June 26, 2023",Sale,"$1,001 - $15,000",NEW, EQUITABLE RETIREMENT ACCOUNT,,Mark Dr Green,2023-06-30,R, TN07,House,,2023-06-30,3.64119708928233,Tennessee,2023-11-16,2023-06-26,2023-06-30,ET,1.0519769661026412,-10.991344161689565,True,False
ADBE,ST,ADOBE INC.,"Monday, June 26, 2023",Purchase,"$1,001 - $15,000",NEW, MORGAN STANLEY - SELECT UMA ACCOUNT # 1,,Josh Gottheimer,2023-07-11,D, NJ05,House,,2023-07-12,-15.404161052445,New Jersey,2023-11-16,2023-06-26,2023-07-11,ADBE,1.8110379298677204,6.493116957855727,True,True
AVGO,ST,BROADCOM INC.,"Monday, June 26, 2023",Purchase,"$1,001 - $15,000",NEW, MORGAN STANLEY - SELECT UMA ACCOUNT # 1,,Josh Gottheimer,2023-07-11,D, NJ05,House,,2023-07-12,32.2669872095408,New Jersey,2023-11-16,2023-06-26,2023-07-11,AVGO,3.2009235155749938,1.2930227953086515,True,True
ABBV,ST,ABBVIE INC.,"Monday, June 26, 2023",Sale,"$1,001 - $15,000",NEW, MORGAN STANLEY - SELECT UMA ACCOUNT # 1,,Josh Gottheimer,2023-07-11,D, NJ05,House,,2023-07-12,13.7069474847845,New Jersey,2023-11-16,2023-06-26,2023-07-11,ABBV,0.3463636062337905,-14.398866848729064,True,False
DE,ST,DEERE & COMPANY,"Friday, June 23, 2023",Sale,"$15,001 - $50,000",NEW, MORGAN STANLEY TRUST ACCOUNT,,Jonathan Jackson,2023-07-07,D, IL01,House,,2023-07-10,-22.8242480787664,Illinois,2023-11-16,2023-06-23,2023-07-07,DE,-4.685505934595291,3.7347197173522972,False,True
LMT,ST,LOCKHEED MARTIN CORPORATION,"Friday, June 23, 2023",Purchase,"$1,001 - $15,000",NEW, HERN FAMILY REVOCABLE TRUST > BROKERAGE INVESTMENT ACCOUNT,DIVIDEND REINVESTMENT,Kevin Hern,2023-07-12,R, OK01,House,,2023-07-13,-22.7416978201256,Oklahoma,2023-11-16,2023-06-23,2023-07-12,LMT,-5.301876698478869,-8.682424839775393,False,False
NVDA,ST,NVIDIA CORPORATION,"Friday, June 23, 2023",Purchase,$424.53,NEW, IRA ONE,CS ROTH 1 SHARE FILING ID #20023211,Pete Sessions,2023-06-26,R, TX17,House,,2023-06-28,90.4818068817552,Texas,2023-11-16,2023-06-23,2023-06-26,NVDA,0.9485182852781993,-2.4025043282368985,True,False
REGN,ST,"REGENERON PHARMACEUTICALS, INC.","Friday, June 23, 2023",Purchase,"$15,001 - $50,000",NEW, MORGAN STANLEY TRUST ACCOUNT,,Jonathan Jackson,2023-07-07,D, IL01,House,,2023-07-10,6.07563999692899,Illinois,2023-11-16,2023-06-23,2023-07-07,REGN,-11.490502012480864,6.019636061807143,False,True
REGN,ST,"REGENERON PHARMACEUTICALS, INC.","Thursday, June 22, 2023",Sale,"$1,001 - $15,000",NEW, MORGAN STANLEY - SELECT UMA ACCOUNT # 1,,Josh Gottheimer,2023-07-11,D, NJ05,House,,2023-07-12,6.94515962236617,New Jersey,2023-11-16,2023-06-22,2023-07-11,REGN,10.697853574664041,-6.180427164977975,True,False
KD,ST,"KYNDRYL HOLDINGS, INC.","Thursday, June 22, 2023",Purchase,"$1,001 - $15,000",NEW, PERSHING LLC,,Dwight Evans,2023-07-05,D, PA03,House,,2023-07-06,46.2642788323892,Pennsylvania,2023-11-16,2023-06-22,2023-07-05,KD,-6.655253485797852,19.506354629029477,False,True
AAPL,ST,APPLE INC.,"Thursday, June 22, 2023",Sale,"$1,001 - $15,000",,,,Josh Gottheimer,2023-07-11,D, NJ05,House,,2023-07-12,-24.4248071603007,New Jersey,2023-11-16,2023-06-22,2023-07-11,AAPL,0.8674964602422897,6.618575903687496,True,True
INTU,ST,INTUIT INC.,"Thursday, June 22, 2023",Sale,"$1,001 - $15,000",NEW, MORGAN STANLEY - SELECT UMA ACCOUNT # 1,,Josh Gottheimer,2023-07-11,D, NJ05,House,,2023-07-12,22.010485344196,New Jersey,2023-11-16,2023-06-22,2023-07-11,INTU,-4.41093417929479,-15.673053388602632,False,False
HUBS,ST,"HUBSPOT, INC.","Thursday, June 22, 2023",Sale,"$1,001 - $15,000",NEW, MORGAN STANLEY - SELECT UMA ACCOUNT # 1,,Josh Gottheimer,2023-07-11,D, NJ05,House,,2023-07-12,-0.770850678684054,New Jersey,2023-11-16,2023-06-22,2023-07-11,HUBS,0.5141732520829834,3.0351176492207754,True,True
AMD,ST,"ADVANCED MICRO DEVICES, INC.","Thursday, June 22, 2023",Sale,"$1,001 - $15,000",NEW, MORGAN STANLEY - SELECT UMA ACCOUNT # 1,,Josh Gottheimer,2023-07-11,D, NJ05,House,,2023-07-12,55.8576250044844,New Jersey,2023-11-16,2023-06-22,2023-07-11,AMD,4.023660277513508,9.822126356260574,True,True
TSLA,ST,"TESLA, INC.","Thursday, June 22, 2023",Sale,"$1,001 - $15,000",NEW, MORGAN STANLEY - SELECT UMA ACCOUNT # 1,,Josh Gottheimer,2023-07-11,D, NJ05,House,,2023-07-12,-54.9194655284733,New Jersey,2023-11-16,2023-06-22,2023-07-11,TSLA,2.260637796525078,1.2268821447437461,True,True
NVDA,ST,NVIDIA CORPORATION,"Thursday, June 22, 2023",Sale,"$1,001 - $15,000",NEW, MORGAN STANLEY - SELECT UMA ACCOUNT # 1,,Josh Gottheimer,2023-07-11,D, NJ05,House,,2023-07-12,87.4172694833619,New Jersey,2023-11-16,2023-06-22,2023-07-11,NVDA,0.2538144158249933,2.290350655003459,True,True
CVS,ST,CVS HEALTH CORPORATION,"Thursday, June 22, 2023",Purchase,"$1,001 - $15,000",NEW, PERSHING LLC,,Dwight Evans,2023-07-05,D, PA03,House,,2023-07-06,-5.22365797854183,Pennsylvania,2023-11-16,2023-06-22,2023-07-05,CVS,5.479900507337132,2.4179304095472753,True,True
MSFT,Stock,Microsoft Corporation - Common Stock,"Thursday, June 22, 2023",Sale (Partial),"$1,001 - $15,000",New,,,"Capito, Shelley Moore",2023-07-17,R,,Senate,,2023-07-17,5.84605740379669,West Virginia,2023-08-28,2023-06-22,2023-07-17,MSFT,2.352773405263764,6.0388431617060645,True,True
LOW,ST,"LOWE'S COMPANIES, INC.","Thursday, June 22, 2023",Sale,"$1,001 - $15,000",NEW, MORGAN STANLEY - SELECT UMA ACCOUNT # 1,,Josh Gottheimer,2023-07-11,D, NJ05,House,,2023-07-12,-2.81168297773671,New Jersey,2023-11-16,2023-06-22,2023-07-11,LOW,-4.986038692145267,0.42160479301442955,False,True
ORCL,ST,ORACLE CORPORATION,"Thursday, June 22, 2023",Sale,"$1,001 - $15,000",NEW, MORGAN STANLEY - SELECT UMA ACCOUNT # 1,,Josh Gottheimer,2023-07-11,D, NJ05,House,,2023-07-12,-12.6215159377516,New Jersey,2023-11-16,2023-06-22,2023-07-11,ORCL,6.023970083485386,6.857592977440041,True,True
ROK,ST,"ROCKWELL AUTOMATION, INC.","Thursday, June 22, 2023",Sale,"$1,001 - $15,000",NEW, MORGAN STANLEY - SELECT UMA ACCOUNT # 1,,Josh Gottheimer,2023-07-11,D, NJ05,House,,2023-07-12,-27.5610517839302,New Jersey,2023-11-16,2023-06-22,2023-07-11,ROK,-3.4073080306086023,9.927590480386595,False,True
SYY,ST,SYSCO CORPORATION,"Wednesday, June 21, 2023",Sale,"$1,001 - $15,000",NEW, NORTHWESTERN MUTUAL - JOINT,,John Curtis,2023-08-07,R, UT03,House,,2023-08-09,-5.69975246645983,Utah,2023-11-16,2023-06-21,2023-08-07,SYY,0.32762435438538073,4.671397579112901,True,True
COP,ST,CONOCOPHILLIPS,"Wednesday, June 21, 2023",Purchase,"$1,001 - $15,000",NEW, MORGAN STANLEY IRA - X141,,Lois Frankel,2023-07-28,D, FL22,House,,2023-07-31,-1.40281624175996,Florida,2023-11-16,2023-06-21,2023-07-28,COP,4.953215287509649,16.973062545026774,True,True
MSFT,ST,MICROSOFT CORPORATION,"Wednesday, June 21, 2023",Sale,"$1,001 - $15,000",NEW, NORTHWESTERN MUTUAL - JOINT,,John Curtis,2023-08-07,R, UT03,House,,2023-08-09,7.68130048364979,Utah,2023-11-16,2023-06-21,2023-08-07,MSFT,0.8479735094865326,3.2646148333601688,True,True
KO,ST,COCA-COLA COMPANY,"Wednesday, June 21, 2023",Purchase,"$1,001 - $15,000",NEW, NORTHWESTERN MUTUAL - JOINT,,John Curtis,2023-08-07,R, UT03,House,,2023-08-09,-19.6830046978289,Utah,2023-11-16,2023-06-21,2023-08-07,KO,-2.2647444755004464,-7.08318929556393,False,False
LRCX,ST,LAM RESEARCH CORPORATION,"Wednesday, June 21, 2023",Sale,"$1,001 - $15,000",NEW, NORTHWESTERN MUTUAL - JOINT,,John Curtis,2023-08-07,R, UT03,House,,2023-08-09,33.0696411000465,Utah,2023-11-16,2023-06-21,2023-08-07,LRCX,0.9656710824798465,-1.4015148984881876,True,False
AMD,ST,"ADVANCED MICRO DEVICES, INC.","Wednesday, June 21, 2023",Sale,"$1,001 - $15,000",NEW, NORTHWESTERN MUTUAL - JOINT,,John Curtis,2023-08-07,R, UT03,House,,2023-08-09,53.2620994926918,Utah,2023-11-16,2023-06-21,2023-08-07,AMD,4.943590870824499,11.158416078067535,True,True
TMUS,ST,"T-MOBILE US, INC.","Wednesday, June 21, 2023",Purchase,"$1,001 - $15,000",NEW, NORTHWESTERN MUTUAL - JOINT,,John Curtis,2023-08-07,R, UT03,House,,2023-08-09,4.79527232858962,Utah,2023-11-16,2023-06-21,2023-08-07,TMUS,2.286468967035793,5.586047575035291,True,True
TEL,ST,TE CONNECTIVITY LTD. NEW SWITZERLAND REGISTERED SHARES,"Wednesday, June 21, 2023",Sale,"$15,001 - $50,000",NEW, DANIEL GOLDMAN 12/9/2011 TRUST > APERIO GROUP LLC,,Daniel Goldman,2023-07-24,D, NY10,House,,2023-07-25,-14.6855807587549,New York,2023-11-16,2023-06-21,2023-07-24,TEL,0.07973134862773179,8.302190360504703,True,True
EW,ST,EDWARDS LIFESCIENCES CORPORATION,"Wednesday, June 21, 2023",Purchase,"$1,001 - $15,000",NEW, NORTHWESTERN MUTUAL - JOINT,,John Curtis,2023-08-07,R, UT03,House,,2023-08-09,-15.8204728389791,Utah,2023-11-16,2023-06-21,2023-08-07,EW,-2.284119080671454,-21.630138475129044,False,False
VLO,ST,VALERO ENERGY CORPORATION,"Wednesday, June 21, 2023",Purchase,"$1,001 - $15,000",NEW, NORTHWESTERN MUTUAL - JOINT,,John Curtis,2023-08-07,R, UT03,House,,2023-08-09,29.4984974003896,Utah,2023-11-16,2023-06-21,2023-08-07,VLO,6.27745236220838,26.016021896977538,True,True
SHW,ST,SHERWIN-WILLIAMS COMPANY,"Wednesday, June 21, 2023",Purchase,"$1,001 - $15,000",NEW, NORTHWESTERN MUTUAL - JOINT,,John Curtis,2023-08-07,R, UT03,House,,2023-08-09,18.176653129454,Utah,2023-11-16,2023-06-21,2023-08-07,SHW,4.765492658018111,3.925605438178148,True,True
UNH,ST,UNITEDHEALTH GROUP INCORPORATED COMMON STOCK,"Wednesday, June 21, 2023",Purchase,"$1,001 - $15,000",NEW, NORTHWESTERN MUTUAL - JOINT,,John Curtis,2023-08-07,R, UT03,House,,2023-08-09,-14.2085752608335,Utah,2023-11-16,2023-06-21,2023-08-07,UNH,2.3375706074483027,-0.972477576106523,True,False
AMAT,ST,"APPLIED MATERIALS, INC.","Wednesday, June 21, 2023",Sale,"$1,001 - $15,000",NEW, NORTHWESTERN MUTUAL - JOINT,,John Curtis,2023-08-07,R, UT03,House,,2023-08-09,28.1903058489894,Utah,2023-11-16,2023-06-21,2023-08-07,AMAT,4.106448831452713,1.0316513717951281,True,True
ETN,ST,"EATON CORPORATION, PLC ORDINARY SHARES","Wednesday, June 21, 2023",Sale,"$1,001 - $15,000",,,,Lois Frankel,2023-07-28,D, FL22,House,,2023-07-31,35.7348752537915,Florida,2023-11-16,2023-06-21,2023-07-28,ETN,-2.686268709986628,-9.149700921032533,False,False
MSFT,Stock,Microsoft Corporation - Common Stock,"Tuesday, June 20, 2023",Sale (Full),"$250,001 - $500,000",New,,,"Tuberville, Tommy",2023-07-14,R,,Senate,,2023-07-14,6.66503755439293,Alabama,2023-08-28,2023-06-20,2023-07-14,MSFT,0.7212798343925408,4.136338715931598,True,True
X,Stock,United States Steel Corporation Common Stock,"Tuesday, June 20, 2023",Sale (Full),"$50,001 - $100,000",New,,,"Tuberville, Tommy",2023-07-14,R,,Senate,,2023-07-14,49.0125408766313,Alabama,2023-08-28,2023-06-20,2023-07-14,X,-1.7825499062480876,-28.603989548184682,False,False
CLF,Stock,Cleveland-Cliffs Inc. Common Stock,"Tuesday, June 20, 2023",Purchase,"$15,001 - $50,000",New,,,"Tuberville, Tommy",2023-07-14,R,,Senate,,2023-07-14,3.67672365591048,Alabama,2023-08-28,2023-06-20,2023-07-14,CLF,-2.9654033487668707,-16.987921154439412,False,False
ETN,Stock,"Eaton Corporation, PLC Ordinary Shares","Tuesday, June 20, 2023",Sale (Full),"$1,001 - $15,000",New,,,"Carper, Thomas R.",2023-06-30,D,,Senate,,2023-07-01,36.8569413049139,Delaware,2023-08-28,2023-06-20,2023-06-30,ETN,-5.257397465205904,-11.353177568854967,False,False
HD,ST,"HOME DEPOT, INC.","Friday, June 16, 2023",Purchase,"$1,001 - $15,000",NEW,,REINVEST SHARES,Lloyd Doggett,2023-07-10,D, TX37,House,,2023-07-11,8.27235425709381,Texas,2023-11-16,2023-06-16,2023-07-10,HD,2.649587615203508,7.571704457540629,True,True
LIN,ST,LINDE PLC ORDINARY SHARES,"Friday, June 16, 2023",Purchase,"$1,001 - $15,000",NEW, HERN FAMILY REVOCABLE TRUST > BROKERAGE INVESTMENT ACCOUNT,DIVIDEND REINVESTMENT,Kevin Hern,2023-07-12,R, OK01,House,,2023-07-13,8.78458941782534,Oklahoma,2023-11-16,2023-06-16,2023-07-12,LIN,-0.7498769952249074,1.7003767358113153,False,True
SCHW,ST,CHARLES SCHWAB CORPORATION,"Friday, June 16, 2023",Purchase,"$1,001 - $15,000",NEW, MORGAN STANLEY - SELECT UMA ACCOUNT # 1,,Josh Gottheimer,2023-07-11,D, NJ05,House,,2023-07-12,7.25503501832567,New Jersey,2023-11-16,2023-06-16,2023-07-11,SCHW,5.226981409899878,7.686974002049096,True,True
AAPL,ST,APPLE INC.,"Friday, June 16, 2023",Sale,"$1,001 - $15,000",NEW, MORGAN STANLEY - SELECT UMA ACCOUNT # 1,,Josh Gottheimer,2023-07-11,D, NJ05,House,,2023-07-12,-22.6317840830982,New Jersey,2023-11-16,2023-06-16,2023-07-11,AAPL,-2.3376956252204373,7.130265986449702,False,True
LULU,ST,LULULEMON ATHLETICA INC.,"Thursday, June 15, 2023",Sale,"$15,001 - $50,000",NEW, TRUST ONE,UBS TRUST 50,Pete Sessions,2023-06-26,R, TX17,House,,2023-06-28,5.95909239486856,Texas,2023-11-16,2023-06-15,2023-06-26,LULU,1.9135152323631388,-0.7170176480518098,True,False
HD,ST,"HOME DEPOT, INC.","Thursday, June 15, 2023",Purchase,"$1,001 - $15,000",NEW, HERN FAMILY FOUNDATION,DIVIDEND REINVESTMENT,Kevin Hern,2023-07-12,R, OK01,House,,2023-07-13,8.02535804094269,Oklahoma,2023-11-16,2023-06-15,2023-07-12,HD,2.4548428676907763,6.960210039255821,True,True
MSFT,ST,MICROSOFT CORPORATION,"Thursday, June 15, 2023",Purchase,"$500,001 - $1,000,000",NEW,,"EXERCISED 50 CALL OPTIONS PURCHASED 5/24/22 (5,000 SHARES) AT A STRIKE PRICE OF $180 WITH AN EXPIRATION DATE",Nancy Pelosi,2023-06-22,D, CA11,House,,2023-06-23,4.07399338970161,California,2023-11-16,2023-06-15,2023-06-22,MSFT,-2.8713820445507188,-4.398713173911761,False,False
AMT,ST,AMERICAN TOWER CORPORATION,"Thursday, June 15, 2023",Sale,"$1,001 - $15,000",NEW, TRUST ONE,UBS TRUST 50,Pete Sessions,2023-06-26,R, TX17,House,,2023-06-28,-13.9722758316486,Texas,2023-11-16,2023-06-15,2023-06-26,AMT,6.313677161841347,9.855365123210259,True,True
FCX,ST,"FREEPORT-MCMORAN, INC.","Thursday, June 15, 2023",Sale,"$1,001 - $15,000",NEW, MORGAN STANLEY - SELECT UMA ACCOUNT # 1,,Josh Gottheimer,2023-07-11,D, NJ05,House,,2023-07-12,-4.25015549724153,New Jersey,2023-11-16,2023-06-15,2023-07-11,FCX,1.2424477234266096,1.7882383012607805,True,True
NEE,ST,"NEXTERA ENERGY, INC.","Thursday, June 15, 2023",Purchase,"$1,001 - $15,000",NEW, HERN FAMILY REVOCABLE TRUST > BROKERAGE INVESTMENT ACCOUNT,DIVIDEND REINVESTMENT,Kevin Hern,2023-07-12,R, OK01,House,,2023-07-13,-34.7564237568493,Oklahoma,2023-11-16,2023-06-15,2023-07-12,NEE,-4.476715860080304,-8.914652501142017,False,False
MOH,ST,MOLINA HEALTHCARE INC,"Thursday, June 15, 2023",Purchase,"$15,001 - $50,000",NEW,,PART OF MY SPOUSE'S RETIREMENT PORTFOLIO.,Earl Blumenauer,2023-07-12,D, OR03,House,,2023-07-13,26.9547605225212,Oregon,2023-11-16,2023-06-15,2023-07-12,MOH,3.4822668533945222,14.72899944019419,True,True
CNC,ST,CENTENE CORPORATION,"Thursday, June 15, 2023",Sale,"$1,001 - $15,000",NEW,,PART OF MY SPOUSE'S RETIREMENT PORTFOLIO.,Earl Blumenauer,2023-07-12,D, OR03,House,,2023-07-13,-1.41159486895184,Oregon,2023-11-16,2023-06-15,2023-07-12,CNC,3.778570947880877,-2.4175873623568878,True,False
HD,ST,"HOME DEPOT, INC.","Thursday, June 15, 2023",Purchase,"$1,001 - $15,000",NEW, HERN FAMILY REVOCABLE TRUST > BROKERAGE INVESTMENT ACCOUNT,DIVIDEND REINVESTMENT,Kevin Hern,2023-07-12,R, OK01,House,,2023-07-13,8.02535804094269,Oklahoma,2023-11-16,2023-06-15,2023-07-12,HD,2.4548428676907763,6.960210039255821,True,True
AAPL,ST,APPLE INC.,"Thursday, June 15, 2023",Purchase,"$250,001 - $500,000",NEW,,"EXERCISED 50 CALL OPTIONS PURCHASED 5/24/22 (5,000 SHARES) AT A STRIKE PRICE OF $80 WITH AN EXPIRATION DATE OF",Nancy Pelosi,2023-06-22,D, CA11,House,,2023-06-23,-22.7510884198485,California,2023-11-16,2023-06-15,2023-06-22,AAPL,2.0995533437667024,-7.283673150815295,True,False
RTX,ST,RAYTHEON TECHNOLOGIES CORPORATION,"Thursday, June 15, 2023",Purchase,"$1,001 - $15,000",NEW, HERN FAMILY REVOCABLE TRUST > BROKERAGE INVESTMENT ACCOUNT,DIVIDEND REINVESTMENT,Kevin Hern,2023-07-12,R, OK01,House,,2023-07-13,-20.7260200945775,Oklahoma,2023-11-16,2023-06-15,2023-07-12,RTX,-3.9048306454679604,-23.83789624099798,False,False
BAP,ST,CREDICORP LTD.,"Thursday, June 15, 2023",Purchase,"$1,001 - $15,000",NEW, MORGAN STANLEY - SELECT UMA ACCOUNT # 1,,Josh Gottheimer,2023-07-11,D, NJ05,House,,2023-07-12,0.754726921209967,New Jersey,2023-11-16,2023-06-15,2023-07-11,BAP,2.5533966433409327,-8.702730716683504,True,False
MDT,ST,MEDTRONIC PLC. ORDINARY SHARES,"Thursday, June 15, 2023",Sale,"$15,001 - $50,000",NEW, TRUST ONE,UBS TRUST 300,Pete Sessions,2023-06-26,R, TX17,House,,2023-06-28,-20.8556668541312,Texas,2023-11-16,2023-06-15,2023-06-26,MDT,3.9355881501209833,8.792626130032211,True,True
NKE,Stock,"Nike, Inc. Common Stock","Wednesday, June 14, 2023",Purchase,"$1,001 - $15,000",New,,,"Capito, Shelley Moore",2023-07-17,R,,Senate,,2023-07-17,-28.747990052902,West Virginia,2023-08-28,2023-06-14,2023-07-17,NKE,-7.388313665624768,-16.71554056181116,False,False
TGT,ST,TARGET CORPORATION,"Wednesday, June 14, 2023",Purchase,"$1,001 - $15,000",NEW, MORGAN STANLEY IRA - X141,,Lois Frankel,2023-06-24,D, FL22,House,,2023-06-26,6.22616435855319,Florida,2023-11-16,2023-06-14,2023-06-24,TGT,-4.771629624768725,-10.171292280795907,False,False
X,Stock Option,United States Steel Corporation Common Stock,"Wednesday, June 14, 2023",Sale (Partial),"$1,001 - $15,000",New,,Option Type: Call Strike price: $25.00  Expires: 06/21/2024,"Tuberville, Tommy",2023-07-14,R,,Senate,,2023-07-14,47.863769878043,Alabama,2023-08-28,2023-06-14,2023-07-14,X,-0.9944737214499622,-26.35309209662202,False,False
AAPL,Stock,Apple Inc. - Common Stock,"Wednesday, June 14, 2023",Purchase,"$1,001 - $15,000",New,,,"Capito, Shelley Moore",2023-07-17,R,,Senate,,2023-07-17,-23.1936449635002,West Virginia,2023-08-28,2023-06-14,2023-07-17,AAPL,0.6262545153323584,-6.201232091064945,True,False
BAP,ST,CREDICORP LTD.,"Wednesday, June 14, 2023",Purchase,"$1,001 - $15,000",NEW, MORGAN STANLEY - SELECT UMA ACCOUNT # 1,,Josh Gottheimer,2023-07-11,D, NJ05,House,,2023-07-12,1.12816226706784,New Jersey,2023-11-16,2023-06-14,2023-07-11,BAP,0.7686046595577034,-8.060164864959074,True,False
X,Stock Option,United States Steel Corporation Common Stock,"Wednesday, June 14, 2023",Sale (Partial),"$15,001 - $50,000",New,,Option Type: Put Strike price: $23.00  Expires: 06/21/2024,"Tuberville, Tommy",2023-07-14,R,,Senate,,2023-07-14,47.863769878043,Alabama,2023-08-28,2023-06-14,2023-07-14,X,-0.9944737214499622,-26.35309209662202,False,False
JPM,ST,JP MORGAN CHASE & CO.,"Wednesday, June 14, 2023",Sale,"$1,001 - $15,000",NEW, MORGAN STANLEY IRA - X141,,Lois Frankel,2023-06-24,D, FL22,House,,2023-06-26,17.4627750570972,Florida,2023-11-16,2023-06-14,2023-06-24,JPM,-2.8142149124740445,-1.385300929012856,False,False
AZTA,ST,"AZENTA, INC.","Tuesday, June 13, 2023",Sale,"$1,001 - $15,000",NEW, MORGAN STANLEY - SELECT UMA ACCOUNT # 1,,Josh Gottheimer,2023-07-11,D, NJ05,House,,2023-07-12,12.3573857902694,New Jersey,2023-11-16,2023-06-13,2023-07-11,AZTA,6.469907336685987,-10.539512827377395,True,False
PTEN,ST,"PATTERSON-UTI ENERGY, INC.","Tuesday, June 13, 2023",Sale,"$1,001 - $15,000",NEW, MORGAN STANLEY - SELECT UMA ACCOUNT # 1,,Josh Gottheimer,2023-07-11,D, NJ05,House,,2023-07-12,-16.8641296891374,New Jersey,2023-11-16,2023-06-13,2023-07-11,PTEN,-19.100444583980703,-28.131605972456587,False,False
D,ST,"DOMINION ENERGY, INC.","Tuesday, June 13, 2023",Sale,"$1,001 - $15,000",NEW, MORGAN STANLEY - SELECT UMA ACCOUNT # 1,,Josh Gottheimer,2023-07-11,D, NJ05,House,,2023-07-12,-25.792202925253,New Jersey,2023-11-16,2023-06-13,2023-07-11,D,1.9679398063002562,12.409501960006775,True,True
TSLA,Stock Option,"Tesla, Inc.  - Common Stock","Tuesday, June 13, 2023",Sale (Partial),"$1,001 - $15,000",New,,Option Type: Put Strike price: $190.00  Expires: 12/15/2023,"Tuberville, Tommy",2023-07-14,R,,Senate,,2023-07-14,-53.8995397220948,Alabama,2023-08-28,2023-06-13,2023-07-14,TSLA,-4.18961058841385,-3.0366062365842827,False,False
IART,ST,INTEGRA LIFESCIENCES HOLDINGS CORPORATION,"Tuesday, June 13, 2023",Sale,"$1,001 - $15,000",NEW, MORGAN STANLEY - SELECT UMA ACCOUNT # 1,,Josh Gottheimer,2023-07-11,D, NJ05,House,,2023-07-12,-33.0646950889583,New Jersey,2023-11-16,2023-06-13,2023-07-11,IART,-0.9144866073413471,7.071603907110269,False,True
FSLR,ST,"FIRST SOLAR, INC.","Tuesday, June 13, 2023",Sale,"$1,001 - $15,000",NEW, MORGAN STANLEY - SELECT UMA ACCOUNT # 1,,Josh Gottheimer,2023-07-11,D, NJ05,House,,2023-07-12,-41.9066492346966,New Jersey,2023-11-16,2023-06-13,2023-07-11,FSLR,2.7381458631791755,11.191170057597466,True,True
CB,ST,CHUBB LIMITED,"Tuesday, June 13, 2023",Sale,"$1,001 - $15,000",NEW,,,Robert J. Wittman,2023-09-30,R, VA01,House,,2023-10-04,16.4361216539997,Virginia,2023-11-16,2023-06-13,2023-09-30,CB,4.21290137199729,-4.8244302647578285,True,False
AVGO,ST,BROADCOM INC.,"Tuesday, June 13, 2023",Sale,"$1,001 - $15,000",NEW,,,Robert J. Wittman,2023-09-30,R, VA01,House,,2023-10-04,28.0368967214861,Virginia,2023-11-16,2023-06-13,2023-09-30,AVGO,-1.3824375725110638,1.7688504009117922,False,True
SRPT,ST,"SAREPTA THERAPEUTICS, INC.","Tuesday, June 13, 2023",Sale,"$1,001 - $15,000",NEW, MORGAN STANLEY - SELECT UMA ACCOUNT # 1,,Josh Gottheimer,2023-07-11,D, NJ05,House,,2023-07-12,-22.3615843141525,New Jersey,2023-11-16,2023-06-13,2023-07-11,SRPT,19.67001484391202,11.529010390290317,True,True
PPG,ST,"PPG INDUSTRIES, INC.","Tuesday, June 13, 2023",Purchase,"$1,001 - $15,000",NEW,,REINVEST SHARES,Lloyd Doggett,2023-07-10,D, TX37,House,,2023-07-11,-19.5731167917516,Texas,2023-11-16,2023-06-13,2023-07-10,PPG,3.982614062063794,-6.227982403046206,True,False
HSHCY,OT,HAIER SMART HOME CO LTD ADR,"Tuesday, June 13, 2023",Sale,"$1,001 - $15,000",NEW, MORGAN STANLEY - SELECT UMA ACCOUNT # 1,ADR STOCK,Josh Gottheimer,2023-07-11,D, NJ05,House,,2023-07-12,-17.5369737625013,New Jersey,2023-11-16,2023-06-13,2023-07-11,HSHCY,-0.23452789246891648,0.40281626994820297,False,True
IBM,ST,INTERNATIONAL BUSINESS MACHINES CORPORATION,"Tuesday, June 13, 2023",Purchase,"$1,001 - $15,000",NEW,,REINVEST SHARES,Lloyd Doggett,2023-07-10,D, TX37,House,,2023-07-11,21.7342390195689,Texas,2023-11-16,2023-06-13,2023-07-10,IBM,-5.902386651229008,5.123160580844166,False,True
SPGI,ST,S&P GLOBAL INC.,"Tuesday, June 13, 2023",Purchase,"$1,001 - $15,000",NEW,,,Robert J. Wittman,2023-09-30,R, VA01,House,,2023-10-04,-8.8673985813,Virginia,2023-11-16,2023-06-13,2023-09-30,SPGI,2.269272687971857,-3.0183947641208797,True,False
CSPCY,OT,PHARMACEUTICAL GRP LTD,"Tuesday, June 13, 2023",Sale,"$1,001 - $15,000",NEW, MORGAN STANLEY - SELECT UMA ACCOUNT # 1,,Josh Gottheimer,2023-07-11,D, NJ05,House,,2023-07-12,-15.6277666203141,New Jersey,2023-11-16,2023-06-13,2023-07-11,CSPCY,3.8267642383393086,16.483589957678944,True,True
HMN,ST,HORACE MANN EDUCATORS CORPORATION,"Tuesday, June 13, 2023",Sale,"$1,001 - $15,000",NEW, MORGAN STANLEY - SELECT UMA ACCOUNT # 1,,Josh Gottheimer,2023-07-11,D, NJ05,House,,2023-07-12,-3.94996541039467,New Jersey,2023-11-16,2023-06-13,2023-07-11,HMN,10.94004935624806,10.712431034891168,True,True
AORT,ST,"ARTIVION, INC.","Tuesday, June 13, 2023",Sale,"$1,001 - $15,000",NEW, MORGAN STANLEY - SELECT UMA ACCOUNT # 1,,Josh Gottheimer,2023-07-11,D, NJ05,House,,2023-07-12,5.46988909246885,New Jersey,2023-11-16,2023-06-13,2023-07-11,AORT,5.710895713825826,5.069930415234336,True,True
ROK,ST,"ROCKWELL AUTOMATION, INC.","Monday, June 12, 2023",Purchase,"$1,001 - $15,000",NEW, HERN FAMILY REVOCABLE TRUST > BROKERAGE INVESTMENT ACCOUNT,DIVIDEND REINVESTMENT,Kevin Hern,2023-07-12,R, OK01,House,,2023-07-13,-27.2266578479186,Oklahoma,2023-11-16,2023-06-12,2023-07-12,ROK,6.53946963155867,-8.552635799260122,True,False
FITB,Stock,Fifth Third Bancorp - Common Stock,"Monday, June 12, 2023",Purchase,"$1,001 - $15,000",New,,,"Tuberville, Tommy",2023-07-14,R,,Senate,,2023-07-14,18.0593336442515,Alabama,2023-08-28,2023-06-12,2023-07-14,FITB,1.829120410867291,-1.1855401775904717,True,False
SCHW,ST,CHARLES SCHWAB CORPORATION,"Monday, June 12, 2023",Purchase,"$1,001 - $15,000",NEW, MORGAN STANLEY - SELECT UMA ACCOUNT # 1,,Josh Gottheimer,2023-07-11,D, NJ05,House,,2023-07-12,6.31970120098739,New Jersey,2023-11-16,2023-06-12,2023-07-11,SCHW,5.1562172331711675,7.416157927245259,True,True
META,ST,"META PLATFORMS, INC. - CLASS A","Monday, June 12, 2023",Purchase,"$1,001 - $15,000",NEW, MORGAN STANLEY - SELECT UMA ACCOUNT # 1,,Josh Gottheimer,2023-07-11,D, NJ05,House,,2023-07-12,60.7042775182121,New Jersey,2023-11-16,2023-06-12,2023-07-11,META,11.055976007843359,10.04664952487313,True,True
CFG,Stock,"Citizens Financial Group, Inc. Common Stock","Monday, June 12, 2023",Purchase,"$1,001 - $15,000",New,,,"Tuberville, Tommy",2023-07-14,R,,Senate,,2023-07-14,4.28422903702963,Alabama,2023-08-28,2023-06-12,2023-07-14,CFG,-0.5167574239494543,-2.657046831758203,False,False
FIS,ST,"FIDELITY NATIONAL INFORMATION SERVICES, INC.","Monday, June 12, 2023",Purchase,"$1,001 - $15,000",NEW, KEAN FAMILY PARTNERSHIP,,Thomas H. Kean Jr.,2023-09-18,R, NJ07,House,,2023-09-19,8.97479021682993,New Jersey,2023-11-16,2023-06-12,2023-09-18,FIS,5.666582543906573,-1.5142350855592124,True,False
CVX,Stock Option,Chevron Corporation Common Stock,"Monday, June 12, 2023",Purchase,"$1,001 - $15,000",New,,Option Type: Put Strike price: $155.00  Expires: 06/16/2023,"Tuberville, Tommy",2023-07-14,R,,Senate,,2023-07-14,-19.0288363813219,Alabama,2023-08-28,2023-06-12,2023-07-14,CVX,-1.602322821655866,0.6637520941891184,False,True
MSFT,Stock,Microsoft Corporation - Common Stock,"Monday, June 12, 2023",Sale (Partial),"$15,001 - $50,000",New,,,"Capito, Shelley Moore",2023-07-17,R,,Senate,,2023-07-17,7.58694912573666,West Virginia,2023-08-28,2023-06-12,2023-07-17,MSFT,1.4583967141323706,1.588028844060041,True,True
PFE,Stock,"Pfizer, Inc. Common Stock","Monday, June 12, 2023",Purchase,"$1,001 - $15,000",New,,,"Tuberville, Tommy",2023-07-14,R,,Senate,,2023-07-14,-47.8723938225637,Alabama,2023-08-28,2023-06-12,2023-07-14,PFE,-12.870070688482304,-18.36054425089103,False,False
CB,Stock,Chubb Limited  Common Stock,"Monday, June 12, 2023",Sale (Full),"$1,001 - $15,000",New,,,"Capito, Shelley Moore",2023-07-17,R,,Senate,,2023-07-17,16.602674719955,West Virginia,2023-08-28,2023-06-12,2023-07-17,CB,3.212270031854203,-4.86859420367074,True,False
GOOG,ST,ALPHABET INC. - CLASS C CAPITAL STOCK,"Monday, June 12, 2023",Sale,"$1,001 - $15,000",NEW, MORGAN STANLEY - SELECT UMA ACCOUNT # 1,,Josh Gottheimer,2023-07-11,D, NJ05,House,,2023-07-12,-3.56693778197976,New Jersey,2023-11-16,2023-06-12,2023-07-11,GOOG,6.87434896384127,-7.3448051456168395,True,False
TSLA,ST,"C???????: SOLD FOR LOSS TESLA, INC.","Monday, June 12, 2023",Sale,"$50,001 - $100,000",NEW,,,Michael Garcia,2023-06-20,R, CA27,House,,2023-06-20,-52.4249351647115,California,2023-11-16,2023-06-12,2023-06-20,TSLA,-5.799454215865074,-6.0832640207977295,False,False
AMGN,Stock,Amgen Inc. - Common Stock,"Monday, June 12, 2023",Sale (Full),"$1,001 - $15,000",New,,,"Capito, Shelley Moore",2023-07-17,R,,Senate,,2023-07-17,5.80055603459666,West Virginia,2023-08-28,2023-06-12,2023-07-17,AMGN,-0.7571748361968389,-16.985344855438168,False,False
CRM,ST,"SALESFORCE, INC.","Friday, June 9, 2023",Purchase,"$15,001 - $50,000",NEW, MORGAN STANLEY TRUST ACCOUNT,,Jonathan Jackson,2023-07-07,D, IL01,House,,2023-07-10,17.7197343708692,Illinois,2023-11-16,2023-06-09,2023-07-07,CRM,-3.7355199893159607,-0.1890293367555529,False,False
XOM,ST,EXXON MOBIL CORPORATION,"Friday, June 9, 2023",Purchase,"$1,001 - $15,000",NEW, HERN FAMILY REVOCABLE TRUST > BROKERAGE INVESTMENT ACCOUNT,DIVIDEND REINVESTMENT FILING ID #20023303,Kevin Hern,2023-07-12,R, OK01,House,,2023-07-13,-15.3678375502932,Oklahoma,2023-11-16,2023-06-09,2023-07-12,XOM,-5.088601196367204,2.5662394994675486,False,True
PTON,ST,"PELOTON INTERACTIVE, INC.","Friday, June 9, 2023",Purchase,"$1,001 - $15,000",NEW, SCHWAB IRA,,James E Hon Banks,2023-06-21,R, IN03,House,,2023-06-22,-66.9952773316764,Indiana,2023-11-16,2023-06-09,2023-06-21,PTON,-1.6117088656716794,-33.506234867120824,False,False
TMUS,ST,"T-MOBILE US, INC.","Friday, June 9, 2023",Purchase,"$1,001 - $15,000",NEW, DANIEL GOLDMAN 1997 TRUST > DSG INVESTMENT HOLDINGS LLC > TACS,,Daniel Goldman,2023-07-24,D, NY10,House,,2023-07-25,4.19973557413097,New York,2023-11-16,2023-06-09,2023-07-24,TMUS,2.739235176454935,0.9643632531466384,True,True
EMR,ST,EMERSON ELECTRIC COMPANY,"Friday, June 9, 2023",Purchase,"$1,001 - $15,000",NEW, HERN FAMILY REVOCABLE TRUST > BROKERAGE INVESTMENT ACCOUNT,DIVIDEND REINVESTMENT,Kevin Hern,2023-07-12,R, OK01,House,,2023-07-13,12.361205856881,Oklahoma,2023-11-16,2023-06-09,2023-07-12,EMR,3.6370021906671823,14.509928143605055,True,True
COF,Stock Option,Capital One Financial Corporation Common Stock,"Friday, June 9, 2023",Sale (Partial),"$1,001 - $15,000",New,,Option Type: Put Strike price: $110.00  Expires: 01/19/2024,"Tuberville, Tommy",2023-07-14,R,,Senate,,2023-07-14,2.59957390071142,Alabama,2023-08-28,2023-06-09,2023-07-14,COF,4.404164819367329,13.919946746405554,True,True
ET,ST,ENERGY TRANSFER LP COMMON UNITS,"Thursday, June 8, 2023",Sale,"$100,001 - $250,000",NEW, EQUITABLE RETIREMENT ACCOUNT,,Mark Dr Green,2023-06-12,R, TN07,House,,2023-06-14,-0.17297575083812,Tennessee,2023-11-16,2023-06-08,2023-06-12,ET,3.0800715031833903,-0.7371732862428537,True,False
NGL,ST,NGL ENERGY PARTNERS LP COMMON UNITS REPRESENTING LIMITED PARTNER INTERESTS,"Thursday, June 8, 2023",Purchase,"$100,001 - $250,000",NEW, EQUITABLE RETIREMENT ACCOUNT,,Mark Dr Green,2023-06-12,R, TN07,House,,2023-06-14,38.0378898614801,Tennessee,2023-11-16,2023-06-08,2023-06-12,NGL,-0.5924306191851247,-3.2077737479523583,False,False
QCOM,Stock,QUALCOMM Incorporated - Common Stock,"Thursday, June 8, 2023",Purchase,"$1,001 - $15,000",New,,,"Tuberville, Tommy",2023-07-14,R,,Senate,,2023-07-14,24.5243824448363,Alabama,2023-08-28,2023-06-08,2023-07-14,QCOM,-2.0303724537581225,-5.430497480817243,False,False
TSLA,ST,"TESLA, INC.","Thursday, June 8, 2023",Sale,"$15,001 - $50,000",NEW,,,Michael Garcia,2023-06-20,R, CA27,House,,2023-06-20,-49.5342115054369,California,2023-11-16,2023-06-08,2023-06-20,TSLA,-12.103869735677431,-3.268726256954313,False,False
D,ST,"DOMINION ENERGY, INC.","Thursday, June 8, 2023",Purchase,"$1,001 - $15,000",NEW, MORGAN STANLEY IRA - X141,,Lois Frankel,2023-06-24,D, FL22,House,,2023-06-26,-29.407017393381,Florida,2023-11-16,2023-06-08,2023-06-24,D,-5.901027862102238,-17.768865757396313,False,False
X,Stock Option,United States Steel Corporation Common Stock,"Thursday, June 8, 2023",Sale (Partial),"$1,001 - $15,000",New,,Option Type: Put Strike price: $20.00  Expires: 06/21/2024,"Tuberville, Tommy",2023-07-14,R,,Senate,,2023-07-14,51.7395317536919,Alabama,2023-08-28,2023-06-08,2023-07-14,X,-3.9510315176418676,-32.47645358388078,False,False
CVS,ST,CVS HEALTH CORPORATION,"Thursday, June 8, 2023",Sale,"$1,001 - $15,000",NEW, BILL'S IRA,,William R. Keating,2023-06-15,D, MA09,House,,2023-06-15,-11.3053934476184,Massachusetts,2023-11-16,2023-06-08,2023-06-15,CVS,6.023182041065677,12.692035717829997,True,True
MCK,ST,MCKESSON CORPORATION,"Thursday, June 8, 2023",Purchase,"$1,001 - $15,000",NEW, BILL'S IRA,,William R. Keating,2023-06-15,D, MA09,House,,2023-06-15,17.9250212815988,Massachusetts,2023-11-16,2023-06-08,2023-06-15,MCK,3.8696713680303363,1.6648631097315292,True,True
JNJ,ST,JOHNSON & JOHNSON,"Wednesday, June 7, 2023",Purchase,"$1,001 - $15,000",NEW,,REINVEST SHARES,Lloyd Doggett,2023-07-10,D, TX37,House,,2023-07-11,-20.1088771199923,Texas,2023-11-16,2023-06-07,2023-07-10,JNJ,-2.619267662834024,-4.010781713816858,False,False
D,ST,"DOMINION ENERGY, INC.","Wednesday, June 7, 2023",Purchase,"$1,001 - $15,000",NEW, MORGAN STANLEY IRA - X141,,Lois Frankel,2023-06-24,D, FL22,House,,2023-06-26,-29.7153168001344,Florida,2023-11-16,2023-06-07,2023-06-24,D,-4.606631541400075,-17.173563956494796,False,False
GOOGL,ST,ALPHABET INC. - CLASS A,"Wednesday, June 7, 2023",Purchase,"$15,001 - $50,000",NEW, MORGAN STANLEY TRUST ACCOUNT,,Jonathan Jackson,2023-07-07,D, IL01,House,,2023-07-10,-4.64541355137024,Illinois,2023-11-16,2023-06-07,2023-07-07,GOOGL,-5.545078052161001,5.459278099637577,False,True
SHW,ST,SHERWIN-WILLIAMS COMPANY,"Wednesday, June 7, 2023",Sale,"$1,001 - $15,000",NEW, MORGAN STANLEY IRA - X141,,Lois Frankel,2023-06-24,D, FL22,House,,2023-06-26,19.1071021217872,Florida,2023-11-16,2023-06-07,2023-06-24,SHW,-3.009278327355114,-6.6012030795310705,False,False
EL,ST,"ESTEE LAUDER COMPANIES, INC.","Wednesday, June 7, 2023",Sale,"$15,001 - $50,000",NEW, MORGAN STANLEY TRUST ACCOUNT,,Jonathan Jackson,2023-07-07,D, IL01,House,,2023-07-10,-37.278261619429,Illinois,2023-11-16,2023-06-07,2023-07-07,EL,-3.099201687901876,16.51206751169767,False,True
WMT,Stock,Walmart Inc. Common Stock,"Wednesday, June 7, 2023",Sale (Partial),"$1,001 - $15,000",New,,,"Capito, Shelley Moore",2023-07-17,R,,Senate,,2023-07-17,1.46560685679302,West Virginia,2023-08-28,2023-06-07,2023-07-17,WMT,0.7531068844214506,-1.473285979400818,True,False
MNST,ST,MONSTER BEVERAGE CORPORATION,"Tuesday, June 6, 2023",Sale,"$1,001 - $15,000",NEW, MORGAN STANLEY - SELECT UMA ACCOUNT # 1,,Josh Gottheimer,2023-07-11,D, NJ05,House,,2023-07-12,-15.8666634486648,New Jersey,2023-11-16,2023-06-06,2023-07-11,MNST,5.930639053434028,9.034789921641773,True,True
IFF,Stock,"Internationa Flavors & Fragrances, Inc. Common Sto","Tuesday, June 6, 2023",Purchase,"$1,001 - $15,000",New,,,"Peters, Gary",2023-06-30,D,,Senate,,2023-07-01,-17.0527829148141,Michigan,2023-08-28,2023-06-06,2023-06-30,IFF,-6.493710988029633,-17.510337105885952,False,False
SHOP,ST,SHOPIFY INC. CLASS A SUBORDINATE VOTING SHARES,"Tuesday, June 6, 2023",Purchase,"$1,001 - $15,000",NEW, MORGAN STANLEY - SELECT UMA ACCOUNT # 1,,Josh Gottheimer,2023-07-11,D, NJ05,House,,2023-07-12,1.68954374863355,New Jersey,2023-11-16,2023-06-06,2023-07-11,SHOP,-5.856540575993707,-1.6100824341167774,False,False
MAR,ST,MARRIOTT INTERNATIONAL - CLASS A,"Tuesday, June 6, 2023",Purchase,"$15,001 - $50,000",NEW, MORGAN STANLEY TRUST ACCOUNT,,Jonathan Jackson,2023-07-07,D, IL01,House,,2023-07-10,15.4186883700651,Illinois,2023-11-16,2023-06-06,2023-07-07,MAR,-2.351715020157341,6.156001912558784,False,True
DG,ST,DOLLAR GENERAL CORPORATION,"Tuesday, June 6, 2023",Sale,"$1,001 - $15,000",NEW, MORGAN STANLEY IRA - X142,,Lois Frankel,2023-06-24,D, FL22,House,,2023-06-26,-22.7854799340237,Florida,2023-11-16,2023-06-06,2023-06-24,DG,-4.433285772863749,23.996582580538405,False,True
NFLX,ST,"NETFLIX, INC.","Tuesday, June 6, 2023",Purchase,"$1,001 - $15,000",NEW, MORGAN STANLEY - SELECT UMA ACCOUNT # 1,,Josh Gottheimer,2023-07-11,D, NJ05,House,,2023-07-12,32.238180475462,New Jersey,2023-11-16,2023-06-06,2023-07-11,NFLX,6.923181125292133,7.39775552386468,True,True
QCOM,Stock,QUALCOMM Incorporated - Common Stock,"Tuesday, June 6, 2023",Purchase,"$50,001 - $100,000",New,,,"Tuberville, Tommy",2023-07-14,R,,Senate,,2023-07-14,24.1908335264116,Alabama,2023-08-28,2023-06-06,2023-07-14,QCOM,-3.9616147117643608,-4.808407571111428,False,False
JNJ,ST,JOHNSON & JOHNSON,"Tuesday, June 6, 2023",Purchase,"$1,001 - $15,000",NEW, HERN FAMILY REVOCABLE TRUST > BROKERAGE INVESTMENT ACCOUNT,DIVIDEND REINVESTMENT,Kevin Hern,2023-07-12,R, OK01,House,,2023-07-13,-19.5011568482876,Oklahoma,2023-11-16,2023-06-06,2023-07-12,JNJ,-0.8197947190720312,-3.3912180113935264,False,False
QCOM,Stock Option,QUALCOMM Incorporated - Common Stock,"Monday, June 5, 2023",Sale (Partial),"$1,001 - $15,000",New,,Option Type: Call Strike price: $125.00  Expires: 10/20/2023,"Tuberville, Tommy",2023-07-14,R,,Senate,,2023-07-14,28.5712215818078,Alabama,2023-08-28,2023-06-05,2023-07-14,QCOM,0.14550546316427493,1.8301597490273602,True,True
WFC,Stock,Wells Fargo & Company Common Stock,"Monday, June 5, 2023",Purchase,"$1,001 - $15,000",New,,,"McConnell, A. Mitchell Jr.",2023-06-14,R,,Senate,Dividend Reinvestment,2023-06-15,22.4277546392889,Kentucky,2023-08-28,2023-06-05,2023-06-14,WFC,3.442094827823472,-2.5241019494512074,True,False
CVX,Stock Option,Chevron Corporation Common Stock,"Monday, June 5, 2023",Sale (Partial),"$1,001 - $15,000",New,,Option Type: Put Strike price: $150.00  Expires: 12/15/2023,"Tuberville, Tommy",2023-07-14,R,,Senate,,2023-07-14,-19.7220488821044,Alabama,2023-08-28,2023-06-05,2023-07-14,CVX,3.5341929572684894,-1.8225688497964354,True,False
QCOM,Stock,QUALCOMM Incorporated - Common Stock,"Friday, June 2, 2023",Purchase,"$100,001 - $250,000",New,,,"Tuberville, Tommy",2023-07-14,R,,Senate,,2023-07-14,25.0953083765197,Alabama,2023-08-28,2023-06-02,2023-07-14,QCOM,-0.17884891983768192,-6.203618779279562,False,False
ES,ST,EVERSOURCE ENERGY,"Friday, June 2, 2023",Purchase,"$1,001 - $15,000",NEW, MORGAN STANLEY IRA - X142,,Lois Frankel,2023-06-24,D, FL22,House,,2023-06-26,-35.356944706855,Florida,2023-11-16,2023-06-02,2023-06-24,ES,-2.5594530808073834,-14.102469175804078,False,False
NGL,ST,NGL ENERGY PARTNERS LP COMMON UNITS REPRESENTING LIMITED PARTNER INTERESTS,"Friday, June 2, 2023",Purchase,"$100,001 - $250,000",NEW, EQUITABLE RETIREMENT ACCOUNT,,Mark Dr Green,2023-06-05,R, TN07,House,,2023-06-06,50.654104039428,Tennessee,2023-11-16,2023-06-02,2023-06-05,NGL,9.307317198092036,2.125491505084298,True,True
ET,ST,ENERGY TRANSFER LP COMMON UNITS,"Friday, June 2, 2023",Sale,"$100,001 - $250,000",NEW, EQUITABLE RETIREMENT ACCOUNT,,Mark Dr Green,2023-06-05,R, TN07,House,,2023-06-06,-0.416971624038979,Tennessee,2023-11-16,2023-06-02,2023-06-05,ET,4.2778735937058165,0.6801254147701163,True,True
FMAO,ST,"FARMERS & MERCHANTS BANCORP, INC.","Thursday, June 1, 2023",Purchase,"$1,001 - $15,000",NEW,,COMPENSATION,Robert E. Latta,2023-06-02,R, OH05,House,,2023-06-02,-23.3189482550888,Ohio,2023-11-16,2023-06-01,2023-06-02,FMAO,9.52772942731961,-12.705841191062351,True,False
QCOM,Stock,QUALCOMM Incorporated - Common Stock,"Thursday, June 1, 2023",Purchase,"$100,001 - $250,000",New,,,"Tuberville, Tommy",2023-07-14,R,,Senate,,2023-07-14,23.0784814756742,Alabama,2023-08-28,2023-06-01,2023-07-14,QCOM,-1.8793887219776595,-9.171727471092384,False,False
MSFT,ST,MICROSOFT CORPORATION,"Thursday, June 1, 2023",Purchase,"$1,001 - $15,000",NEW, MORGAN STANLEY - SELECT UMA ACCOUNT # 1,,Josh Gottheimer,2023-07-11,D, NJ05,House,,2023-07-12,3.93797607021004,New Jersey,2023-11-16,2023-06-01,2023-07-11,MSFT,-3.930510143996502,-8.101156363370897,False,False
CLF,Stock,Cleveland-Cliffs Inc. Common Stock,"Thursday, June 1, 2023",Purchase,"$15,001 - $50,000",New,,,"Tuberville, Tommy",2023-07-14,R,,Senate,,2023-07-14,19.1696576663529,Alabama,2023-08-28,2023-06-01,2023-07-14,CLF,13.27720952949556,-0.1385593459308776,True,False
BX,ST,BLACKSTONE INC.,"Thursday, June 1, 2023",Sale,"$1,001 - $15,000",NEW,,"THE TERMS OF THE CALL ARE A STRIKE PRICE OF $89, AND AN EXPIRATION OF 07/14/2023",Michael C. Burgess,2023-06-15,R, TX26,House,,2023-06-16,22.1419025764299,Texas,2023-11-16,2023-06-01,2023-06-15,BX,-3.1873646155686997,-13.407932971220893,False,False
CI,ST,THE CIGNA GROUP,"Wednesday, May 31, 2023",Purchase,"$1,001 - $15,000",NEW, MORGAN STANLEY IRA - X141,,Lois Frankel,2023-06-24,D, FL22,House,,2023-06-26,19.8606579769844,Florida,2023-11-16,2023-05-31,2023-06-24,CI,6.94222868842671,6.232158262980403,True,True
BSX,ST,BOSTON SCIENTIFIC CORPORATION,"Wednesday, May 31, 2023",Sale,"$1,001 - $15,000",NEW, MORGAN STANLEY IRA - X141,,Lois Frankel,2023-06-24,D, FL22,House,,2023-06-26,6.21839405279975,Florida,2023-11-16,2023-05-31,2023-06-24,BSX,1.4028199835217858,1.3871722803469932,True,True
NVDA,ST,NVIDIA CORPORATION,"Wednesday, May 31, 2023",Sale,"$250,001 - $500,000",NEW, SCHWAB BROKERAGE ACCOUNT,,Daniel Meuser,2023-06-26,R, PA09,House,,2023-06-28,109.729359777647,Pennsylvania,2023-11-16,2023-05-31,2023-06-26,NVDA,-5.336728411068248,-21.339043545494917,False,False
BSX,ST,BOSTON SCIENTIFIC CORPORATION,"Tuesday, May 30, 2023",Purchase,"$1,001 - $15,000",NEW, MORGAN STANLEY IRA - X142,,Lois Frankel,2023-06-24,D, FL22,House,,2023-06-26,9.40708669741577,Florida,2023-11-16,2023-05-30,2023-06-24,BSX,1.005903148961873,1.119493321854459,True,True
ET,ST,ENERGY TRANSFER LP COMMON UNITS,"Tuesday, May 30, 2023",Sale,"$50,001 - $100,000",NEW, EQUITABLE RETIREMENT ACCOUNT,,Mark Dr Green,2023-06-02,R, TN07,House,,2023-06-05,1.05085130307931,Tennessee,2023-11-16,2023-05-30,2023-06-02,ET,2.2979487866953807,-1.949440797777724,True,False
ISRG,ST,"INTUITIVE SURGICAL, INC.","Tuesday, May 30, 2023",Sale,"$1,001 - $15,000",NEW, MORGAN STANLEY - SELECT UMA ACCOUNT # 1,,Josh Gottheimer,2023-06-11,D, NJ05,House,,2023-06-12,7.28460438494037,New Jersey,2023-11-16,2023-05-30,2023-06-11,ISRG,-5.69244104400628,7.2368832495597335,False,True
MSFT,ST,MICROSOFT CORPORATION,"Tuesday, May 30, 2023",Purchase,"$1,001 - $15,000",NEW, MORGAN STANLEY - SELECT UMA ACCOUNT # 1,,Josh Gottheimer,2023-06-11,D, NJ05,House,,2023-06-12,3.95947692644265,New Jersey,2023-11-16,2023-05-30,2023-06-11,MSFT,-3.3803635515908814,-7.683890071048937,False,False
ARE,ST,"ALEXANDRIA REAL ESTATE EQUITIES, INC.","Tuesday, May 30, 2023",Purchase,"$1,001 - $15,000",NEW, MORGAN STANLEY IRA - X142,,Lois Frankel,2023-06-24,D, FL22,House,,2023-06-26,-11.7771802093229,Florida,2023-11-16,2023-05-30,2023-06-24,ARE,-3.7753707322467855,-2.5189373791842495,False,False
JPM,ST,JP MORGAN CHASE & CO.,"Tuesday, May 30, 2023",Purchase,"$1,001 - $15,000",NEW, MORGAN STANLEY INH IRA,,Robert J. Wittman,2023-06-09,R, VA01,House,,2023-06-12,16.6728702335154,Virginia,2023-11-16,2023-05-30,2023-06-09,JPM,-0.19667656095532227,1.9311323453646168,False,True
ABBV,CS,ABBVIE INC.,"Friday, May 26, 2023",Sale,"$1,001 - $15,000",NEW, JOHN MARSHALL COLLINS ROLLOVER IRA,CORPORATE BOND,Zoe Lofgren,2023-06-06,D, CA18,House,,2023-06-07,7.50557497088579,California,2023-11-16,2023-05-26,2023-06-06,ABBV,4.830928649818967,-2.5306686787592847,True,False
WRB,ST,W.R. BERKLEY CORPORATION,"Friday, May 26, 2023",Purchase,"$1,001 - $15,000",NEW, MORGAN STANLEY IRA - X142,,Lois Frankel,2023-06-24,D, FL22,House,,2023-06-26,30.4832417065151,Florida,2023-11-16,2023-05-26,2023-06-24,WRB,1.5365917884343716,4.236374836693035,True,True
MS,CS,MORGAN STANLEY,"Friday, May 26, 2023",Sale,"$1,001 - $15,000",NEW, JOHN MARSHALL COLLINS ROLLOVER IRA,CORPORATE BOND,Zoe Lofgren,2023-06-06,D, CA18,House,,2023-06-07,-16.4655810980577,California,2023-11-16,2023-05-26,2023-06-06,MS,3.303067952423233,4.611093892172191,True,True
BAC,CS,BANK OF AMERICA CORPORATION,"Friday, May 26, 2023",Sale,"$15,001 - $50,000",NEW, JOHN MARSHALL COLLINS ROLLOVER IRA,CORPORATE BOND,Zoe Lofgren,2023-06-06,D, CA18,House,,2023-06-07,3.27420601120303,California,2023-11-16,2023-05-26,2023-06-06,BAC,3.7106824413506656,2.967798941944677,True,True
UNP,CS,UNION PACIFIC CORPORATION,"Friday, May 26, 2023",Sale,"$15,001 - $50,000",NEW, JOHN MARSHALL COLLINS ROLLOVER IRA,CORPORATE BOND,Zoe Lofgren,2023-06-06,D, CA18,House,,2023-06-07,4.6214507004201,California,2023-11-16,2023-05-26,2023-06-06,UNP,-1.3284637557958279,-11.172804536583891,False,False
AMAT,CS,"APPLIED MATERIALS, INC.","Friday, May 26, 2023",Sale,"$1,001 - $15,000",NEW, JOHN MARSHALL COLLINS ROLLOVER IRA,CORPORATE BOND,Zoe Lofgren,2023-06-06,D, CA18,House,,2023-06-07,24.1964927223507,California,2023-11-16,2023-05-26,2023-06-06,AMAT,0.18478290415000487,-0.6850871142956239,True,False
WFC,CS,WELLS FARGO & COMPANY,"Friday, May 26, 2023",Sale,"$1,001 - $15,000",NEW, JOHN MARSHALL COLLINS ROLLOVER IRA,CORPORATE BOND,Zoe Lofgren,2023-06-06,D, CA18,House,,2023-06-07,17.6805400971215,California,2023-11-16,2023-05-26,2023-06-06,WFC,4.485840593570067,3.5777377085028705,True,True
AMZN,CS,"AMAZON.COM, INC.","Friday, May 26, 2023",Sale,"$1,001 - $15,000",NEW, JOHN MARSHALL COLLINS ROLLOVER IRA,CORPORATE BOND,Zoe Lofgren,2023-06-06,D, CA18,House,,2023-06-07,23.4116133171928,California,2023-11-16,2023-05-26,2023-06-06,AMZN,-3.0775831352007232,-5.703220941505394,False,False
PFE,CS,"PFIZER, INC.","Friday, May 26, 2023",Sale,"$1,001 - $15,000",NEW, JOHN MARSHALL COLLINS ROLLOVER IRA,CORPORATE BOND,Zoe Lofgren,2023-06-06,D, CA18,House,,2023-06-07,-47.4967605670303,California,2023-11-16,2023-05-26,2023-06-06,PFE,4.821869804561829,7.892606978362937,True,True
NEE,ST,"NEXTERA ENERGY, INC.","Friday, May 26, 2023",Sale,"$15,001 - $50,000",NEW, MORGAN STANLEY TRUST ACCOUNT,,Jonathan Jackson,2023-06-06,D, IL01,House,,2023-06-07,-40.528214928272,Illinois,2023-11-16,2023-05-26,2023-06-06,NEE,2.433029436949763,13.126672151181285,True,True
USB,CS,U.S. BANCORP,"Friday, May 26, 2023",Sale,"$1,001 - $15,000",NEW, JOHN MARSHALL COLLINS ROLLOVER IRA,CORPORATE BOND,Zoe Lofgren,2023-06-06,D, CA18,House,,2023-06-07,15.3972067861944,California,2023-11-16,2023-05-26,2023-06-06,USB,-2.446274468627996,-13.739592729512662,False,False
CVS,CS,CVS HEALTH CORPORATION,"Friday, May 26, 2023",Sale,"$1,001 - $15,000",NEW, JOHN MARSHALL COLLINS ROLLOVER IRA,CORPORATE BOND,Zoe Lofgren,2023-06-06,D, CA18,House,,2023-06-07,-7.37593944897103,California,2023-11-16,2023-05-26,2023-06-06,CVS,-0.3337218425750299,5.763002922311045,False,True
FHN,ST,FIRST HORIZON CORPORATION,"Friday, May 26, 2023",Purchase,"$15,001 - $50,000",NEW, STEPHENS ROTH IRA,,Steve Cohen,2023-06-26,D, TN09,House,,2023-06-28,13.1211993829071,Tennessee,2023-11-16,2023-05-26,2023-06-26,FHN,-0.3600473601177434,9.723941319596463,False,True
VZ,CS,VERIZON COMMUNICATIONS INC.,"Friday, May 26, 2023",Sale,"$1,001 - $15,000",NEW, JOHN MARSHALL COLLINS ROLLOVER IRA,CORPORATE BOND,Zoe Lofgren,2023-06-06,D, CA18,House,,2023-06-07,-8.97669977675679,California,2023-11-16,2023-05-26,2023-06-06,VZ,-0.23785602478618717,8.691391618083887,False,True
CSCO,CS,"CISCO SYSTEMS, INC.","Friday, May 26, 2023",Sale,"$1,001 - $15,000",NEW, JOHN MARSHALL COLLINS ROLLOVER IRA,CORPORATE BOND,Zoe Lofgren,2023-06-06,D, CA18,House,,2023-06-07,-23.6704938286736,California,2023-11-16,2023-05-26,2023-06-06,CSCO,2.231611856014104,-6.727391364138846,True,False
DE,CS,UNITEDHEALTH GROUP INCORPORATED COMMON STOCK,"Friday, May 26, 2023",Sale,"$1,001 - $15,000",NEW, JOHN MARSHALL COLLINS ROLLOVER IRA,CORPORATE BOND,Zoe Lofgren,2023-06-06,D, CA18,House,,2023-06-07,-14.4762490614913,California,2023-11-16,2023-05-26,2023-06-06,DE,-11.898040796889454,-4.1760345447277025,False,False
C,CS,"CITIGROUP, INC.","Friday, May 26, 2023",Sale,"$1,001 - $15,000",NEW, JOHN MARSHALL COLLINS ROLLOVER IRA,CORPORATE BOND,Zoe Lofgren,2023-06-06,D, CA18,House,,2023-06-07,7.36513238211572,California,2023-11-16,2023-05-26,2023-06-06,C,-0.743563064774877,11.955192666145608,False,True
ASML,ST,ASML HOLDING N.V. - NEW YORK REGISTRY SHARES,"Friday, May 26, 2023",Purchase,"$15,001 - $50,000",NEW, MORGAN STANLEY TRUST ACCOUNT,,Jonathan Jackson,2023-06-06,D, IL01,House,,2023-06-07,5.95280361157014,Illinois,2023-11-16,2023-05-26,2023-06-06,ASML,-7.783220696630244,-16.035427460212592,False,False
CAT,CS,"CATERPILLAR, INC.","Friday, May 26, 2023",Sale,"$1,001 - $15,000",NEW, JOHN MARSHALL COLLINS ROLLOVER IRA,CORPORATE BOND,Zoe Lofgren,2023-06-06,D, CA18,House,,2023-06-07,42.0143699655877,California,2023-11-16,2023-05-26,2023-06-06,CAT,-8.94083247725157,-23.085422232153817,False,False
ES,ST,EVERSOURCE ENERGY,"Thursday, May 25, 2023",Sale,"$1,001 - $15,000",NEW, JOHN MARSHALL COLLINS ROLLOVER IRA,,Zoe Lofgren,2023-06-06,D, CA18,House,,2023-06-07,-40.2382400006117,California,2023-11-16,2023-05-25,2023-06-06,ES,4.333203822452358,16.356453914004888,True,True
BAC,ST,BANK OF AMERICA CORPORATION,"Thursday, May 25, 2023",Sale,"$1,001 - $15,000",NEW, JOHN MARSHALL COLLINS ROLLOVER IRA,,Zoe Lofgren,2023-06-06,D, CA18,House,,2023-06-07,2.31298747187972,California,2023-11-16,2023-05-25,2023-06-06,BAC,4.560742982940235,5.8648807091742805,True,True
TMO,ST,THERMO FISHER SCIENTIFIC INC,"Thursday, May 25, 2023",Sale,"$1,001 - $15,000",NEW, JOHN MARSHALL COLLINS ROLLOVER IRA,,Zoe Lofgren,2023-06-06,D, CA18,House,,2023-06-07,-11.1896649256828,California,2023-11-16,2023-05-25,2023-06-06,TMO,4.00977128551987,2.1338992744965424,True,True
SPGI,ST,S&P GLOBAL INC.,"Thursday, May 25, 2023",Sale,"$1,001 - $15,000",NEW, JOHN MARSHALL COLLINS ROLLOVER IRA,,Zoe Lofgren,2023-06-06,D, CA18,House,,2023-06-07,-5.39023399875794,California,2023-11-16,2023-05-25,2023-06-06,SPGI,-3.730056879194188,-2.465220348520769,False,False
JPM,ST,JP MORGAN CHASE & CO.,"Thursday, May 25, 2023",Sale,"$1,001 - $15,000",NEW, JOHN MARSHALL COLLINS ROLLOVER IRA,,Zoe Lofgren,2023-06-06,D, CA18,House,,2023-06-07,16.8787109213563,California,2023-11-16,2023-05-25,2023-06-06,JPM,1.6822191631140182,-1.7650162472482744,True,False
ARCC,ST,ARES CAPITAL CORPORATION - CLOSED END FUND,"Thursday, May 25, 2023",Sale,"$1,001 - $15,000",NEW, JOHN MARSHALL COLLINS ROLLOVER IRA,,Zoe Lofgren,2023-06-06,D, CA18,House,,2023-06-07,-15.2467096687685,California,2023-11-16,2023-05-25,2023-06-06,ARCC,6.419225700332076,4.127192078838959,True,True
CLF,Stock Option,Cleveland-Cliffs Inc. Common Stock,"Thursday, May 25, 2023",Sale (Partial),"$1,001 - $15,000",New,,Option Type: Call Strike price: $18.00  Expires: 01/19/2024,"Tuberville, Tommy",2023-06-15,R,,Senate,,2023-06-15,14.8904034554624,Alabama,2023-08-28,2023-05-25,2023-06-15,CLF,-8.739339609460828,0.7006949836871224,False,True
CTAS,ST,CINTAS CORPORATION,"Thursday, May 25, 2023",Sale,"$1,001 - $15,000",NEW, JOHN MARSHALL COLLINS ROLLOVER IRA,,Zoe Lofgren,2023-06-06,D, CA18,House,,2023-06-07,11.7648383244846,California,2023-11-16,2023-05-25,2023-06-06,CTAS,-0.283777256784834,1.038083964183012,False,True
NEE,ST,"NEXTERA ENERGY, INC.","Thursday, May 25, 2023",Sale,"$1,001 - $15,000",NEW, JOHN MARSHALL COLLINS ROLLOVER IRA,,Zoe Lofgren,2023-06-06,D, CA18,House,,2023-06-07,-41.5240988187361,California,2023-11-16,2023-05-25,2023-06-06,NEE,3.050425992446204,14.353057437834572,True,True
PWR,ST,"QUANTA SERVICES, INC.","Thursday, May 25, 2023",Sale,"$1,001 - $15,000",NEW, JOHN MARSHALL COLLINS ROLLOVER IRA,,Zoe Lofgren,2023-06-06,D, CA18,House,,2023-06-07,17.0515746007922,California,2023-11-16,2023-05-25,2023-06-06,PWR,-5.940190849615634,-13.62133252212876,False,False
NXPI,ST,NXP SEMICONDUCTORS N.V.,"Thursday, May 25, 2023",Sale,"$1,001 - $15,000",NEW, JOHN MARSHALL COLLINS ROLLOVER IRA,,Zoe Lofgren,2023-06-06,D, CA18,House,,2023-06-07,15.2485159353404,California,2023-11-16,2023-05-25,2023-06-06,NXPI,-7.897870977743104,-10.510131685470903,False,False
EMR,ST,EMERSON ELECTRIC COMPANY,"Thursday, May 25, 2023",Sale,"$1,001 - $15,000",NEW, JOHN MARSHALL COLLINS ROLLOVER IRA,,Zoe Lofgren,2023-06-06,D, CA18,House,,2023-06-07,16.5637979190266,California,2023-11-16,2023-05-25,2023-06-06,EMR,-7.479765801230798,-15.426650706374435,False,False
FHN,ST,FIRST HORIZON CORPORATION,"Thursday, May 25, 2023",Sale,"$1,001 - $15,000",NEW, JOHN MARSHALL COLLINS ROLLOVER IRA,,Zoe Lofgren,2023-06-06,D, CA18,House,,2023-06-07,11.2907860929647,California,2023-11-16,2023-05-25,2023-06-06,FHN,1.8914299099650256,-6.16867573644535,True,False
TJX,ST,"TJX COMPANIES, INC.","Thursday, May 25, 2023",Sale,"$1,001 - $15,000",NEW, JOHN MARSHALL COLLINS ROLLOVER IRA,,Zoe Lofgren,2023-06-06,D, CA18,House,,2023-06-07,5.06856333380911,California,2023-11-16,2023-05-25,2023-06-06,TJX,-3.334517010538285,-11.668935740771946,False,False
PAYX,ST,"PAYCHEX, INC.","Thursday, May 25, 2023",Sale,"$1,001 - $15,000",NEW, JOHN MARSHALL COLLINS ROLLOVER IRA,,Zoe Lofgren,2023-06-06,D, CA18,House,,2023-06-07,-11.8938601160409,California,2023-11-16,2023-05-25,2023-06-06,PAYX,1.7090813894270918,-5.87753080958735,True,False
CSCO,ST,"CISCO SYSTEMS, INC.","Thursday, May 25, 2023",Sale,"$1,001 - $15,000",NEW, JOHN MARSHALL COLLINS ROLLOVER IRA,,Zoe Lofgren,2023-06-06,D, CA18,House,,2023-06-07,-23.5920697507707,California,2023-11-16,2023-05-25,2023-06-06,CSCO,1.8700627300830996,-7.316148454857263,True,False
CLF,Stock,Cleveland-Cliffs Inc. Common Stock,"Thursday, May 25, 2023",Purchase,"$15,001 - $50,000",New,,,"Tuberville, Tommy",2023-06-15,R,,Senate,,2023-06-15,14.8904034554624,Alabama,2023-08-28,2023-05-25,2023-06-15,CLF,8.739339609460828,-0.7006949836871224,True,False
COST,ST,COSTCO WHOLESALE CORPORATION,"Thursday, May 25, 2023",Sale,"$1,001 - $15,000",NEW, JOHN MARSHALL COLLINS ROLLOVER IRA,,Zoe Lofgren,2023-06-06,D, CA18,House,,2023-06-07,25.7496940189253,California,2023-11-16,2023-05-25,2023-06-06,COST,-3.3010899960659534,-4.303416349587796,False,False
V,ST,VISA INC.,"Thursday, May 25, 2023",Sale,"$1,001 - $15,000",NEW, JOHN MARSHALL COLLINS ROLLOVER IRA,,Zoe Lofgren,2023-06-06,D, CA18,House,,2023-06-07,3.31973910100383,California,2023-11-16,2023-05-25,2023-06-06,V,2.9695644999893522,-1.6110226070006117,True,False
PEP,ST,"PEPSICO, INC.","Thursday, May 25, 2023",Sale,"$1,001 - $15,000",NEW, JOHN MARSHALL COLLINS ROLLOVER IRA,,Zoe Lofgren,2023-06-06,D, CA18,House,,2023-06-07,-33.8016059166988,California,2023-11-16,2023-05-25,2023-06-06,PEP,3.6837192878882874,9.949168181245959,True,True
DHR,ST,DANAHER CORPORATION,"Thursday, May 25, 2023",Sale,"$1,001 - $15,000",NEW, JOHN MARSHALL COLLINS ROLLOVER IRA,,Zoe Lofgren,2023-06-06,D, CA18,House,,2023-06-07,-1.31249463303366,California,2023-11-16,2023-05-25,2023-06-06,DHR,1.0526320474197437,-3.7334655339305245,True,False
CLF,Stock Option,Cleveland-Cliffs Inc. Common Stock,"Thursday, May 25, 2023",Sale (Partial),"$1,001 - $15,000",New,,Option Type: Call Strike price: $17.00  Expires: 06/21/2024,"Tuberville, Tommy",2023-06-15,R,,Senate,,2023-06-15,14.8904034554624,Alabama,2023-08-28,2023-05-25,2023-06-15,CLF,-8.739339609460828,0.7006949836871224,False,True
D,ST,"DOMINION ENERGY, INC.","Thursday, May 25, 2023",Sale,"$1,001 - $15,000",NEW, JOHN MARSHALL COLLINS ROLLOVER IRA,,Zoe Lofgren,2023-06-06,D, CA18,House,,2023-06-07,-28.5239448357274,California,2023-11-16,2023-05-25,2023-06-06,D,-0.40300210239399004,12.074000154135033,False,True
CLF,Stock Option,Cleveland-Cliffs Inc. Common Stock,"Thursday, May 25, 2023",Sale (Partial),"$1,001 - $15,000",New,,Option Type: Call Strike price: $17.00  Expires: 06/21/2024,"Tuberville, Tommy",2023-06-15,R,,Senate,,2023-06-15,14.8904034554624,Alabama,2023-08-28,2023-05-25,2023-06-15,CLF,-8.739339609460828,0.7006949836871224,False,True
MRK,ST,"MERCK & COMPANY, INC. COMMON STOCK","Thursday, May 25, 2023",Sale,"$1,001 - $15,000",NEW, JOHN MARSHALL COLLINS ROLLOVER IRA,,Zoe Lofgren,2023-06-06,D, CA18,House,,2023-06-07,-15.1779616093726,California,2023-11-16,2023-05-25,2023-06-06,MRK,3.5821861789681053,7.74932028114107,True,True
ACN,ST,ACCENTURE PLC CLASS A ORDINARY SHARES,"Thursday, May 25, 2023",Sale,"$1,001 - $15,000",NEW, JOHN MARSHALL COLLINS ROLLOVER IRA,,Zoe Lofgren,2023-06-06,D, CA18,House,,2023-06-07,5.00508690071672,California,2023-11-16,2023-05-25,2023-06-06,ACN,2.340232181249613,-1.2231319652660888,True,False
KO,ST,COCA-COLA COMPANY,"Thursday, May 25, 2023",Sale,"$1,001 - $15,000",NEW, JOHN MARSHALL COLLINS ROLLOVER IRA,,Zoe Lofgren,2023-06-06,D, CA18,House,,2023-06-07,-24.2654511786456,California,2023-11-16,2023-05-25,2023-06-06,KO,2.9359133078572075,7.090597055755787,True,True
VZ,ST,VERIZON COMMUNICATIONS INC.,"Thursday, May 25, 2023",Sale,"$1,001 - $15,000",NEW, JOHN MARSHALL COLLINS ROLLOVER IRA,,Zoe Lofgren,2023-06-06,D, CA18,House,,2023-06-07,-9.97628070930543,California,2023-11-16,2023-05-25,2023-06-06,VZ,0.5719831573391065,11.540069154750022,True,True
SHW,ST,SHERWIN-WILLIAMS COMPANY,"Thursday, May 25, 2023",Sale,"$1,001 - $15,000",NEW, JOHN MARSHALL COLLINS ROLLOVER IRA,,Zoe Lofgren,2023-06-06,D, CA18,House,,2023-06-07,24.3581233796511,California,2023-11-16,2023-05-25,2023-06-06,SHW,-6.8485890945177985,-13.246221792044466,False,False
DIS,ST,WALT DISNEY COMPANY,"Thursday, May 25, 2023",Sale,"$1,001 - $15,000",NEW, JOHN MARSHALL COLLINS ROLLOVER IRA,,Zoe Lofgren,2023-06-06,D, CA18,House,,2023-06-07,3.62572862600742,California,2023-11-16,2023-05-25,2023-06-06,DIS,3.641403111972208,9.479676100372913,True,True
UNH,ST,UNITEDHEALTH GROUP INCORPORATED COMMON STOCK,"Thursday, May 25, 2023",Sale,"$1,001 - $15,000",NEW,,,Zoe Lofgren,2023-06-06,D, CA18,House,,2023-06-07,-20.6416193743644,California,2023-11-16,2023-05-25,2023-06-06,UNH,3.9920587590249745,4.401241084037166,True,True
FITB,ST,FIFTH THIRD BANCORP,"Thursday, May 25, 2023",Sale,"$1,001 - $15,000",NEW, JOHN MARSHALL COLLINS ROLLOVER IRA,,Zoe Lofgren,2023-06-06,D, CA18,House,,2023-06-07,17.2905297249668,California,2023-11-16,2023-05-25,2023-06-06,FITB,0.6440191617497204,5.34187797720691,True,True
T,ST,AT&T INC.,"Thursday, May 25, 2023",Sale,"$1,001 - $15,000",NEW, JOHN MARSHALL COLLINS ROLLOVER IRA,,Zoe Lofgren,2023-06-06,D, CA18,House,,2023-06-07,-10.8468588641916,California,2023-11-16,2023-05-25,2023-06-06,T,1.1084330093979577,13.393500474320852,True,True
QCOM,ST,QUALCOMM INCORPORATED,"Thursday, May 25, 2023",Sale,"$1,001 - $15,000",NEW, JOHN MARSHALL COLLINS ROLLOVER IRA,,Zoe Lofgren,2023-06-06,D, CA18,House,,2023-06-07,37.3502065643278,California,2023-11-16,2023-05-25,2023-06-06,QCOM,-7.845916501345274,-0.014831472349929875,False,False
CCI,ST,CROWN CASTLE INC.,"Thursday, May 25, 2023",Sale,"$1,001 - $15,000",NEW, JOHN MARSHALL COLLINS ROLLOVER IRA,,Zoe Lofgren,2023-06-06,D, CA18,House,,2023-06-07,-29.1693351524404,California,2023-11-16,2023-05-25,2023-06-06,CCI,5.586214438387593,18.225320734875126,True,True
ADBE,ST,ADOBE INC.,"Thursday, May 25, 2023",Sale,"$1,001 - $15,000",NEW, JOHN MARSHALL COLLINS ROLLOVER IRA,,Zoe Lofgren,2023-06-06,D, CA18,House,,2023-06-07,2.2202122667342,California,2023-11-16,2023-05-25,2023-06-06,ADBE,-18.028509457335716,-28.50564311993886,False,False
ZTS,ST,ZOETIS INC. CLASS A,"Thursday, May 25, 2023",Sale,"$1,001 - $15,000",NEW, JOHN MARSHALL COLLINS ROLLOVER IRA,,Zoe Lofgren,2023-06-06,D, CA18,House,,2023-06-07,-18.9521410699721,California,2023-11-16,2023-05-25,2023-06-06,ZTS,2.884845837315231,-4.645626272533088,True,False
DUK,ST,DUKE ENERGY CORPORATION,"Thursday, May 25, 2023",Sale,"$1,001 - $15,000",NEW, JOHN MARSHALL COLLINS ROLLOVER IRA,,Zoe Lofgren,2023-06-06,D, CA18,House,,2023-06-07,-16.8406948323311,California,2023-11-16,2023-05-25,2023-06-06,DUK,2.0830340338494846,5.227622167560253,True,True
NVDA,Stock,NVIDIA Corporation - Common Stock,"Thursday, May 25, 2023",Sale (Partial),"$1,001 - $15,000",New,,,"Carper, Thomas R.",2023-06-30,D,,Senate,,2023-07-01,107.882292486963,Delaware,2023-08-28,2023-05-25,2023-06-30,NVDA,-2.705870447747638,-17.19592177914897,False,False
PG,ST,PROCTER & GAMBLE COMPANY,"Thursday, May 25, 2023",Sale,"$1,001 - $15,000",NEW, JOHN MARSHALL COLLINS ROLLOVER IRA,,Zoe Lofgren,2023-06-06,D, CA18,House,,2023-06-07,-12.3901076247234,California,2023-11-16,2023-05-25,2023-06-06,PG,2.0620195576174893,1.452698934098695,True,True
CME,ST,CME GROUP INC. - CLASS A,"Thursday, May 25, 2023",Sale,"$1,001 - $15,000",NEW, JOHN MARSHALL COLLINS ROLLOVER IRA,,Zoe Lofgren,2023-06-06,D, CA18,House,,2023-06-07,-0.520640387638238,California,2023-11-16,2023-05-25,2023-06-06,CME,3.2203781676141796,-6.546413849519039,True,False
BX,ST,BLACKSTONE INC.,"Thursday, May 25, 2023",Sale,"$1,001 - $15,000",NEW, JOHN MARSHALL COLLINS ROLLOVER IRA,,Zoe Lofgren,2023-06-06,D, CA18,House,,2023-06-07,26.2228052433661,California,2023-11-16,2023-05-25,2023-06-06,BX,-2.008413903521755,-12.499464113670754,False,False
MCD,ST,MCDONALD'S CORPORATION,"Thursday, May 25, 2023",Sale,"$1,001 - $15,000",NEW, JOHN MARSHALL COLLINS ROLLOVER IRA,,Zoe Lofgren,2023-06-06,D, CA18,House,,2023-06-07,-25.6226324628459,California,2023-11-16,2023-05-25,2023-06-06,MCD,3.0264003427011854,8.137215557829391,True,True
ROP,ST,"ROPER TECHNOLOGIES, INC.","Thursday, May 25, 2023",Sale,"$1,001 - $15,000",NEW, JOHN MARSHALL COLLINS ROLLOVER IRA,,Zoe Lofgren,2023-06-06,D, CA18,House,,2023-06-07,-1.60322512915555,California,2023-11-16,2023-05-25,2023-06-06,ROP,1.8826606107193111,-2.848788847937711,True,False
SBUX,ST,STARBUCKS CORPORATION,"Thursday, May 25, 2023",Sale,"$1,001 - $15,000",NEW, JOHN MARSHALL COLLINS ROLLOVER IRA,,Zoe Lofgren,2023-06-06,D, CA18,House,,2023-06-07,-31.8399618315383,California,2023-11-16,2023-05-25,2023-06-06,SBUX,4.490080174350397,10.170512369203767,True,True
PLD,ST,"PROLOGIS, INC.","Thursday, May 25, 2023",Sale,"$1,001 - $15,000",NEW, JOHN MARSHALL COLLINS ROLLOVER IRA,,Zoe Lofgren,2023-06-06,D, CA18,House,,2023-06-07,-17.6166750489581,California,2023-11-16,2023-05-25,2023-06-06,PLD,6.711579509138632,5.9652622690497425,True,True
EW,ST,EDWARDS LIFESCIENCES CORPORATION,"Thursday, May 25, 2023",Sale,"$1,001 - $15,000",NEW, JOHN MARSHALL COLLINS ROLLOVER IRA,,Zoe Lofgren,2023-06-06,D, CA18,House,,2023-06-07,-10.3323873313065,California,2023-11-16,2023-05-25,2023-06-06,EW,-5.3252017248203165,13.90110174472693,False,True
ASML,ST,ASML HOLDING N.V. - NEW YORK REGISTRY SHARES,"Thursday, May 25, 2023",Sale,"$1,001 - $15,000",NEW, JOHN MARSHALL COLLINS ROLLOVER IRA,,Zoe Lofgren,2023-06-06,D, CA18,House,,2023-06-07,9.31993804923961,California,2023-11-16,2023-05-25,2023-06-06,ASML,5.4398051450669005,11.285224006754358,True,True
BDX,ST,"BECTON, DICKINSON AND COMPANY","Thursday, May 25, 2023",Sale,"$1,001 - $15,000",NEW, JOHN MARSHALL COLLINS ROLLOVER IRA,,Zoe Lofgren,2023-06-06,D, CA18,House,,2023-06-07,-25.4810111986458,California,2023-11-16,2023-05-25,2023-06-06,BDX,-1.8116720454076196,-7.745933741754274,False,False
AON,ST,AON PLC CLASS A ORDINARY SHARES,"Thursday, May 25, 2023",Sale,"$1,001 - $15,000",NEW, JOHN MARSHALL COLLINS ROLLOVER IRA,,Zoe Lofgren,2023-06-06,D, CA18,House,,2023-06-07,-20.8816057110926,California,2023-11-16,2023-05-25,2023-06-06,AON,-1.893114750275604,2.1446921178384093,False,True
CMCSA,ST,COMCAST CORPORATION - CLASS A,"Thursday, May 25, 2023",Sale,"$1,001 - $15,000",NEW, JOHN MARSHALL COLLINS ROLLOVER IRA,,Zoe Lofgren,2023-06-06,D, CA18,House,,2023-06-07,-13.9739405669896,California,2023-11-16,2023-05-25,2023-06-06,CMCSA,0.516197515083272,-9.436876656355576,True,False
GILD,ST,"GILEAD SCIENCES, INC.","Thursday, May 25, 2023",Sale,"$1,001 - $15,000",NEW, JOHN MARSHALL COLLINS ROLLOVER IRA,,Zoe Lofgren,2023-06-06,D, CA18,House,,2023-06-07,-28.4879198151032,California,2023-11-16,2023-05-25,2023-06-06,GILD,5.680492982818553,7.6444254297258984,True,True
TMUS,ST,"T-MOBILE US, INC.","Thursday, May 25, 2023",Sale,"$1,001 - $15,000",NEW, JOHN MARSHALL COLLINS ROLLOVER IRA,,Zoe Lofgren,2023-06-06,D, CA18,House,,2023-06-07,-4.19983956591524,California,2023-11-16,2023-05-25,2023-06-06,TMUS,4.947045209620205,6.438984369287892,True,True
LCID,ST,"LUCID GROUP, INC.","Thursday, May 25, 2023",Sale,"$1,001 - $15,000",NEW, COLLINS/LOFGREN FAMILY TRUST,,Zoe Lofgren,2023-06-06,D, CA18,House,,2023-06-07,-87.9084809265292,California,2023-11-16,2023-05-25,2023-06-06,LCID,31.3463971710374,27.09537837931052,True,True
MA,ST,MASTERCARD INCORPORATED,"Thursday, May 25, 2023",Sale,"$1,001 - $15,000",NEW, JOHN MARSHALL COLLINS ROLLOVER IRA,,Zoe Lofgren,2023-06-06,D, CA18,House,,2023-06-07,5.2006882210758,California,2023-11-16,2023-05-25,2023-06-06,MA,2.2823729346575616,-1.5240260090144675,True,False
V,Stock Option,Visa Inc.,"Wednesday, May 24, 2023",Purchase,"$1,001 - $15,000",New,,Option Type: Put Strike price: $210.00  Expires: 09/15/2023,"Tuberville, Tommy",2023-06-15,R,,Senate,,2023-06-15,2.88898218946317,Alabama,2023-08-28,2023-05-24,2023-06-15,V,-2.379477395852514,1.6258618930915292,False,True
JCI,ST,JOHNSON CONTROLS INTERNATIONAL PLC ORDINARY SHARE,"Wednesday, May 24, 2023",Sale,"$1,001 - $15,000",NEW, MORGAN STANLEY IRA - X140 > COMMONWEALTH ALLMERICA SELECT RESOURCES II,,Lois Frankel,2023-06-24,D, FL22,House,,2023-06-26,-20.4466378950633,Florida,2023-11-16,2023-05-24,2023-06-24,JCI,-1.3153521565903992,10.073898642913349,False,True
V,Stock Option,Visa Inc.,"Wednesday, May 24, 2023",Purchase,"$1,001 - $15,000",New,,Option Type: Put Strike price: $210.00  Expires: 09/15/2023,"Tuberville, Tommy",2023-06-15,R,,Senate,,2023-06-15,2.88898218946317,Alabama,2023-08-28,2023-05-24,2023-06-15,V,-2.379477395852514,1.6258618930915292,False,True
GD,ST,GENERAL DYNAMICS CORPORATION,"Wednesday, May 24, 2023",Purchase,"$1,001 - $15,000",NEW, MORGAN STANLEY IRA - X141,,Lois Frankel,2023-06-24,D, FL22,House,,2023-06-26,8.79114997700421,Florida,2023-11-16,2023-05-24,2023-06-24,GD,-2.8267076931935087,1.9772820859887075,False,True
USPH,ST,"U.S. PHYSICAL THERAPY, INC.","Wednesday, May 24, 2023",Purchase,"$1,001 - $15,000",NEW, MORGAN STANLEY - SELECT UMA ACCOUNT # 1,,Josh Gottheimer,2023-06-11,D, NJ05,House,,2023-06-12,-13.9149690729237,New Jersey,2023-11-16,2023-05-24,2023-06-11,USPH,12.106112248460299,-0.7317103686175219,True,False
CLF,Stock,Cleveland-Cliffs Inc. Common Stock,"Wednesday, May 24, 2023",Purchase,"$1,001 - $15,000",New,,,"Tuberville, Tommy",2023-06-15,R,,Senate,,2023-06-15,14.7898962665355,Alabama,2023-08-28,2023-05-24,2023-06-15,CLF,5.893369379193336,-0.6974480472041744,True,False
COP,ST,CONOCOPHILLIPS,"Tuesday, May 23, 2023",Sale,"$1,001 - $15,000",NEW, MORGAN STANLEY - SELECT UMA ACCOUNT # 1,,Josh Gottheimer,2023-06-11,D, NJ05,House,,2023-06-12,-8.5389457383521,New Jersey,2023-11-16,2023-05-23,2023-06-11,COP,8.535807800892215,-6.149278840088357,True,False
PYPL,Stock Option,"PayPal Holdings, Inc. - Common Stock","Tuesday, May 23, 2023",Sale (Partial),"$15,001 - $50,000",New,,Option Type: Put Strike price: $75.00  Expires: 06/21/2024,"Tuberville, Tommy",2023-06-15,R,,Senate,,2023-06-15,-22.1598354540275,Alabama,2023-08-28,2023-05-23,2023-06-15,PYPL,-4.896485683729912,10.147722493952926,False,True
CEG,ST,CONSTELLATION ENERGY CORPORATION,"Tuesday, May 23, 2023",Sale,"$15,001 - $50,000",NEW, BROKERAGE,,Mary Gay Scanlon,2023-06-05,D, PA05,House,,2023-06-06,73.4230283128423,Pennsylvania,2023-11-16,2023-05-23,2023-06-05,CEG,-0.4991396688774463,-20.1297127371741,False,False
MELI,ST,"MERCADOLIBRE, INC.","Tuesday, May 23, 2023",Purchase,"$15,001 - $50,000",NEW, MORGAN STANLEY TRUST ACCOUNT,,Jonathan Jackson,2023-06-06,D, IL01,House,,2023-06-07,-8.16879431787892,Illinois,2023-11-16,2023-05-23,2023-06-06,MELI,-10.187024610905748,-11.618458167943146,False,False
PYPL,Stock,"PayPal Holdings, Inc. - Common Stock","Tuesday, May 23, 2023",Sale (Partial),"$50,001 - $100,000",New,,,"Tuberville, Tommy",2023-06-15,R,,Senate,,2023-06-15,-22.1598354540275,Alabama,2023-08-28,2023-05-23,2023-06-15,PYPL,-4.896485683729912,10.147722493952926,False,True
EXC,ST,EXELON CORPORATION,"Tuesday, May 23, 2023",Sale,"$15,001 - $50,000",NEW, BROKERAGE,,Mary Gay Scanlon,2023-06-05,D, PA05,House,,2023-06-06,-33.3230880624318,Pennsylvania,2023-11-16,2023-05-23,2023-06-05,EXC,5.4530024285432965,7.862542712979936,True,True
PYPL,Stock,"PayPal Holdings, Inc. - Common Stock","Tuesday, May 23, 2023",Sale (Partial),"$100,001 - $250,000",New,,,"Tuberville, Tommy",2023-06-15,R,,Senate,,2023-06-15,-22.1598354540275,Alabama,2023-08-28,2023-05-23,2023-06-15,PYPL,-4.896485683729912,10.147722493952926,False,True
PYPL,Stock Option,"PayPal Holdings, Inc. - Common Stock","Tuesday, May 23, 2023",Sale (Partial),"$15,001 - $50,000",New,,Option Type: Call Strike price: $77.50  Expires: 06/21/2024,"Tuberville, Tommy",2023-06-15,R,,Senate,,2023-06-15,-22.1598354540275,Alabama,2023-08-28,2023-05-23,2023-06-15,PYPL,-4.896485683729912,10.147722493952926,False,True
PYPL,Stock Option,"PayPal Holdings, Inc. - Common Stock","Tuesday, May 23, 2023",Sale (Partial),"$1,001 - $15,000",New,,Option Type: Put Strike price: $55.00  Expires: 06/21/2024,"Tuberville, Tommy",2023-06-15,R,,Senate,,2023-06-15,-22.1598354540275,Alabama,2023-08-28,2023-05-23,2023-06-15,PYPL,-4.896485683729912,10.147722493952926,False,True
DIS,Stock,Walt Disney Company (The) Common Stock,"Monday, May 22, 2023",Sale (Full),"$1,001 - $15,000",New,,,"Carper, Thomas R.",2023-06-30,D,,Senate,,2023-07-01,-0.226991412258428,Delaware,2023-08-28,2023-05-22,2023-06-30,DIS,7.59101745550802,11.409755802010412,True,True
NSA,ST,NATIONAL STORAGE AFFILIATES TRUST COMMON SHARES OF BENEFICIAL INTEREST,"Monday, May 22, 2023",Purchase,"$1,001 - $15,000",NEW, MORGAN STANLEY IRA - X142,,Lois Frankel,2023-06-24,D, FL22,House,,2023-06-26,-25.7721572131176,Florida,2023-11-16,2023-05-22,2023-06-24,NSA,-11.131717015744014,-17.98983610635101,False,False
AAPL,Stock Option,Apple Inc. - Common Stock,"Friday, May 19, 2023",Sale (Partial),"$1,001 - $15,000",New,,Option Type: Put Strike price: $165.00  Expires: 03/15/2024,"Tuberville, Tommy",2023-06-15,R,,Senate,,2023-06-15,-23.6671243717377,Alabama,2023-08-28,2023-05-19,2023-06-15,AAPL,-0.9304156309430267,4.917522125961726,False,True
MMM,Stock,3M Company Common Stock,"Friday, May 19, 2023",Sale (Full),"$1,001 - $15,000",New,,,"King, Angus",2023-06-20,I,,Senate,,2023-06-20,-16.1885453892223,Maine,2023-08-28,2023-05-19,2023-06-20,MMM,1.3909770295576163,1.4581340256888842,True,True
ABBV,ST,ABBVIE INC.,"Friday, May 19, 2023",Sale,"$1,001 - $15,000",NEW, MORGAN STANLEY - SELECT UMA ACCOUNT # 1,,Josh Gottheimer,2023-06-11,D, NJ05,House,,2023-06-12,0.365846560425439,New Jersey,2023-11-16,2023-05-19,2023-06-11,ABBV,9.716779450848135,0.8716258867664806,True,True
X,Stock Option,United States Steel Corporation Common Stock,"Friday, May 19, 2023",Sale (Partial),"$1,001 - $15,000",New,,Option Type: Put Strike price: $20.00  Expires: 10/20/2023,"Tuberville, Tommy",2023-06-15,R,,Senate,,2023-06-15,55.8306410862256,Alabama,2023-08-28,2023-05-19,2023-06-15,X,-2.8688591701514943,-36.48716750931425,False,False
DE,ST,DEERE & COMPANY,"Friday, May 19, 2023",Sale,"$1,001 - $15,000",NEW, MORGAN STANLEY - SELECT UMA ACCOUNT # 1,,Josh Gottheimer,2023-06-11,D, NJ05,House,,2023-06-12,-16.7597255007242,New Jersey,2023-11-16,2023-05-19,2023-06-11,DE,-7.528150282235391,-11.04111937614245,False,False
MCK,ST,MCKESSON CORPORATION,"Friday, May 19, 2023",Sale,"$1,001 - $15,000",NEW, MORGAN STANLEY - SELECT UMA ACCOUNT # 1,,Josh Gottheimer,2023-06-11,D, NJ05,House,,2023-06-12,11.9746448485629,New Jersey,2023-11-16,2023-05-19,2023-06-11,MCK,1.5094717475891084,-0.5929721397217147,True,False
TSLA,ST,"TESLA, INC.","Friday, May 19, 2023",Sale,"$1,001 - $15,000",NEW, MORGAN STANLEY - SELECT UMA ACCOUNT # 1,,Josh Gottheimer,2023-06-11,D, NJ05,House,,2023-06-12,-31.4154228520271,New Jersey,2023-11-16,2023-05-19,2023-06-11,TSLA,-47.66072314173617,-17.438970511543282,False,False
UBER,ST,"UBER TECHNOLOGIES, INC.","Friday, May 19, 2023",Sale,"$1,001 - $15,000",NEW, MORGAN STANLEY - SELECT UMA ACCOUNT # 1,,Josh Gottheimer,2023-06-11,D, NJ05,House,,2023-06-12,71.9381596063558,New Jersey,2023-11-16,2023-05-19,2023-06-11,UBER,-2.9384300712764766,-7.970359167079133,False,False
ORCL,ST,ORACLE CORPORATION,"Friday, May 19, 2023",Sale,"$1,001 - $15,000",NEW,,,Josh Gottheimer,2023-06-11,D, NJ05,House,,2023-06-12,-0.143898310222305,New Jersey,2023-11-16,2023-05-19,2023-06-11,ORCL,-13.976774380899904,-7.452239720380072,False,False
BX,ST,BLACKSTONE INC.,"Friday, May 19, 2023",Sale,"$1,001 - $15,000",NEW, MORGAN STANLEY - SELECT UMA ACCOUNT # 1,,Josh Gottheimer,2023-06-11,D, NJ05,House,,2023-06-12,28.2042590847579,New Jersey,2023-11-16,2023-05-19,2023-06-11,BX,-4.382581663398932,-12.25893588954705,False,False
NSA,ST,NATIONAL STORAGE AFFILIATES TRUST COMMON SHARES OF BENEFICIAL INTEREST,"Friday, May 19, 2023",Purchase,"$1,001 - $15,000",NEW, MORGAN STANLEY IRA - X142,,Lois Frankel,2023-06-24,D, FL22,House,,2023-06-26,-25.7360831921275,Florida,2023-11-16,2023-05-19,2023-06-24,NSA,-12.051042742636298,-17.398421448859892,False,False
CLF,Stock Option,Cleveland-Cliffs Inc. Common Stock,"Thursday, May 18, 2023",Sale (Partial),"$1,001 - $15,000",New,,Option Type: Call Strike price: $19.00  Expires: 01/19/2024,"Tuberville, Tommy",2023-06-15,R,,Senate,,2023-06-15,6.53866448062054,Alabama,2023-08-28,2023-05-18,2023-06-15,CLF,-2.419985379361256,6.605318465173582,False,True
ET,ST,ENERGY TRANSFER LP COMMON UNITS,"Wednesday, May 17, 2023",Sale,"$50,001 - $100,000",NEW, EQUITABLE RETIREMENT ACCOUNT,,Mark Dr Green,2023-05-26,R, TN07,House,,2023-05-29,-0.790496045825055,Tennessee,2023-11-16,2023-05-17,2023-05-26,ET,3.716665083891657,6.47144759264664,True,True
CRT,ST,CROSS TIMBERS ROYALTY TRUST,"Wednesday, May 17, 2023",Purchase,"$1,001 - $15,000",NEW,,,Virginia Foxx,2023-06-02,R, NC05,House,,2023-06-05,-36.8025318064642,North Carolina,2023-11-16,2023-05-17,2023-06-02,CRT,19.17091949024212,-0.09470964994042763,True,False
CLF,Stock Option,Cleveland-Cliffs Inc. Common Stock,"Wednesday, May 17, 2023",Sale (Partial),"$1,001 - $15,000",New,,Option Type: Call Strike price: $20.00  Expires: 06/21/2024,"Tuberville, Tommy",2023-06-15,R,,Senate,,2023-06-15,6.52725324032679,Alabama,2023-08-28,2023-05-17,2023-06-15,CLF,-2.1107139266202113,4.544096531052899,False,True
F,Stock Option,Ford Motor Company Common Stock,"Wednesday, May 17, 2023",Sale (Partial),"$1,001 - $15,000",New,,Option Type: Call Strike price: $14.35  Expires: 06/21/2024,"Tuberville, Tommy",2023-06-15,R,,Senate,,2023-06-15,-18.3471080032143,Alabama,2023-08-28,2023-05-17,2023-06-15,F,-19.360194851276514,2.5369693939268245,False,True
ET,ST,ENERGY TRANSFER LP COMMON UNITS,"Wednesday, May 17, 2023",Sale,"$50,001 - $100,000",NEW, EQUITABLE RETIREMENT ACCOUNT,,Mark Dr Green,2023-05-26,R, TN07,House,,2023-05-29,-0.790496045825055,Tennessee,2023-11-16,2023-05-17,2023-05-26,ET,3.716665083891657,6.47144759264664,True,True
CLF,Stock Option,Cleveland-Cliffs Inc. Common Stock,"Wednesday, May 17, 2023",Sale (Partial),"$1,001 - $15,000",New,,Option Type: Call Strike price: $20.00  Expires: 06/21/2024,"Tuberville, Tommy",2023-06-15,R,,Senate,,2023-06-15,6.52725324032679,Alabama,2023-08-28,2023-05-17,2023-06-15,CLF,-2.1107139266202113,4.544096531052899,False,True
NGL,ST,NGL ENERGY PARTNERS LP COMMON UNITS REPRESENTING LIMITED PARTNER INTERESTS,"Wednesday, May 17, 2023",Purchase,"$50,001 - $100,000",NEW, EQUITABLE RETIREMENT ACCOUNT,,Mark Dr Green,2023-05-26,R, TN07,House,,2023-05-29,84.7694378905055,Tennessee,2023-11-16,2023-05-17,2023-05-26,NGL,39.10776700114842,26.969668475347298,True,True
PGR,ST,PROGRESSIVE CORPORATION,"Wednesday, May 17, 2023",Sale,"$1,001 - $15,000",NEW, MORGAN STANLEY - SELECT UMA ACCOUNT # 1,,Josh Gottheimer,2023-06-11,D, NJ05,House,,2023-06-12,26.768685490961,New Jersey,2023-11-16,2023-05-17,2023-06-11,PGR,10.870056217812463,15.166224383413972,True,True
ACN,ST,ACCENTURE PLC CLASS A ORDINARY SHARES,"Wednesday, May 17, 2023",Purchase,"$1,001 - $15,000",NEW, HERN FAMILY REVOCABLE TRUST > BROKERAGE INVESTMENT ACCOUNT,DIVIDEND REINVESTMENT,Kevin Hern,2023-06-13,R, OK01,House,,2023-06-14,8.39278467209724,Oklahoma,2023-11-16,2023-05-17,2023-06-13,ACN,6.2339367652365585,1.2889770127245015,True,True
MSFT,OP,MICROSOFT CORPORATION,"Tuesday, May 16, 2023",Sale,"$1,000,001 - $5,000,000",NEW, MORGAN STANLEY - PORTFOLIO MANAGEMENT ACTIVE ASSETS ACCOUNT,,Josh Gottheimer,2023-06-11,D, NJ05,House,,2023-06-12,8.89164041856281,New Jersey,2023-11-16,2023-05-16,2023-06-11,MSFT,-3.9762795862888334,5.295985700579076,False,True
AAPL,ST,APPLE INC.,"Tuesday, May 16, 2023",Purchase,"$1,001 - $15,000",NEW, MORGAN STANLEY - SELECT UMA ACCOUNT # 1,,Josh Gottheimer,2023-06-11,D, NJ05,House,,2023-06-12,-24.3679869964729,New Jersey,2023-11-16,2023-05-16,2023-06-11,AAPL,0.41405464470614106,-4.946824165138386,True,False
ARE,ST,"ALEXANDRIA REAL ESTATE EQUITIES, INC.","Tuesday, May 16, 2023",Purchase,"$1,001 - $15,000",NEW, MORGAN STANLEY IRA - X142,,Lois Frankel,2023-06-24,D, FL22,House,,2023-06-26,-19.3684754171923,Florida,2023-11-16,2023-05-16,2023-06-24,ARE,-4.580907384253874,-7.284137980803118,False,False
OKE,ST,"ONEOK, INC.","Tuesday, May 16, 2023",Sale,"$15,001 - $50,000",NEW, NEUBERGER,,Maria Elvira Salazar,2023-06-13,R, FL27,House,,2023-06-14,11.4028669863335,Florida,2023-11-16,2023-05-16,2023-06-13,OKE,-0.31906859413946,-7.319025575541049,False,False
FLNG,ST,FLEX LNG LTD. ORDINARY SHARES,"Tuesday, May 16, 2023",Purchase,"$1,001 - $15,000",NEW,,,Virginia Foxx,2023-06-02,R, NC05,House,,2023-06-05,-41.3488247469342,North Carolina,2023-11-16,2023-05-16,2023-06-02,FLNG,-5.293065529369767,-3.7971735878597146,False,False
TDG,ST,TRANSDIGM GROUP INCORPORATED,"Tuesday, May 16, 2023",Purchase,"$1,001 - $15,000",NEW, MORGAN STANLEY - SELECT UMA ACCOUNT # 1,,Josh Gottheimer,2023-06-11,D, NJ05,House,,2023-06-12,20.5538045189782,New Jersey,2023-11-16,2023-05-16,2023-06-11,TDG,-5.507807148397736,-2.0625320486535648,False,False
PG,ST,PROCTER & GAMBLE COMPANY,"Tuesday, May 16, 2023",Purchase,"$1,001 - $15,000",NEW,,REINVEST SHARES,Lloyd Doggett,2023-06-07,D, TX37,House,,2023-06-08,-21.0662040374514,Texas,2023-11-16,2023-05-16,2023-06-07,PG,-12.36817537021022,-9.209490435735358,False,False
TXN,ST,TEXAS INSTRUMENTS INCORPORATED,"Tuesday, May 16, 2023",Purchase,"$1,001 - $15,000",NEW, HERN FAMILY REVOCABLE TRUST > BROKERAGE INVESTMENT ACCOUNT,DIVIDEND REINVESTMENT,Kevin Hern,2023-06-13,R, OK01,House,,2023-06-14,-19.0933043631556,Oklahoma,2023-11-16,2023-05-16,2023-06-13,TXN,1.3162528453505518,-4.8958959723454765,True,False
RHHBY,ST,ROCHE HOLDINGS AG BASEL AMERICAN DEPOSITARY SHARES,"Tuesday, May 16, 2023",Sale,"$1,001 - $15,000",NEW, MORGAN STANLEY - SELECT UMA ACCOUNT # 1,,Josh Gottheimer,2023-06-11,D, NJ05,House,,2023-06-12,-41.6553170524213,New Jersey,2023-11-16,2023-05-16,2023-06-11,RHHBY,9.417132112933258,13.235481153983663,True,True
MSFT,OP,MICROSOFT CORPORATION,"Tuesday, May 16, 2023",Purchase,"$1,000,001 - $5,000,000",NEW, MORGAN STANLEY - PORTFOLIO MANAGEMENT ACTIVE ASSETS ACCOUNT,CALL OPTIONS; STRIKE PRICE $160; EXPIRES 01/19/2024,Josh Gottheimer,2023-06-11,D, NJ05,House,,2023-06-12,8.89164041856281,New Jersey,2023-11-16,2023-05-16,2023-06-11,MSFT,3.9762795862888334,-5.295985700579076,True,False
NSA,ST,NATIONAL STORAGE AFFILIATES TRUST COMMON SHARES OF BENEFICIAL INTEREST,"Tuesday, May 16, 2023",Purchase,"$1,001 - $15,000",NEW, MORGAN STANLEY IRA - X142,,Lois Frankel,2023-06-24,D, FL22,House,,2023-06-26,-28.0521103346709,Florida,2023-11-16,2023-05-16,2023-06-24,NSA,-12.814132634969821,-23.04666583333197,False,False
ARLP,ST,"ALLIANCE RESOURCE PARTNERS, L.P. - COMMON UNITS REPRESENTING LIMITED PARTNERSHIP INTERESTS","Tuesday, May 16, 2023",Purchase,"$1,001 - $15,000",NEW,,,Virginia Foxx,2023-06-02,R, NC05,House,,2023-06-05,-18.5651753737707,North Carolina,2023-11-16,2023-05-16,2023-06-02,ARLP,-11.930046118744409,-2.0987309753792482,False,False
MSFT,OP,MICROSOFT CORPORATION,"Monday, May 15, 2023",Sale,"$1,000,001 - $5,000,000",NEW, MORGAN STANLEY - PORTFOLIO MANAGEMENT ACTIVE ASSETS ACCOUNT,CALL OPTIONS; STRIKE PRICE $160; EXPIRES 06/21/2024,Josh Gottheimer,2023-06-11,D, NJ05,House,,2023-06-12,10.7005753317559,New Jersey,2023-11-16,2023-05-15,2023-06-11,MSFT,-3.296139203163162,3.8334376011949667,False,True
OKE,ST,"ONEOK, INC.","Monday, May 15, 2023",Purchase,"$1,001 - $15,000",NEW, HERN FAMILY REVOCABLE TRUST > BROKERAGE INVESTMENT ACCOUNT,DIVIDEND REINVESTMENT,Kevin Hern,2023-06-13,R, OK01,House,,2023-06-14,9.01030877764764,Oklahoma,2023-11-16,2023-05-15,2023-06-13,OKE,-1.4335540376181788,5.260121477355928,False,True
MSFT,OP,MICROSOFT CORPORATION,"Monday, May 15, 2023",Sale,"$1,000,001 - $5,000,000",NEW, MORGAN STANLEY - PORTFOLIO MANAGEMENT ACTIVE ASSETS ACCOUNT,CALL OPTIONS; STRIKE PRICE $165; EXPIRES 01/19/2024,Josh Gottheimer,2023-06-11,D, NJ05,House,,2023-06-12,10.7005753317559,New Jersey,2023-11-16,2023-05-15,2023-06-11,MSFT,-3.296139203163162,3.8334376011949667,False,True
MSFT,OP,MICROSOFT CORPORATION,"Monday, May 15, 2023",Purchase,"$1,000,001 - $5,000,000",NEW, MORGAN STANLEY - PORTFOLIO MANAGEMENT ACTIVE ASSETS ACCOUNT,CALL OPTIONS; STRIKE PRICE $155; EXPIRES 01/19/2024,Josh Gottheimer,2023-06-11,D, NJ05,House,,2023-06-12,10.7005753317559,New Jersey,2023-11-16,2023-05-15,2023-06-11,MSFT,3.296139203163162,-3.8334376011949667,True,False
NWN,ST,NORTHWEST NATURAL HOLDING COMPANY,"Monday, May 15, 2023",Purchase,"$1,001 - $15,000",NEW,,DIVIDEND REINVESTMENT. PART OF MY SPOUSE'S RETIREMENT PORTFOLIO.,Earl Blumenauer,2023-06-08,D, OR03,House,,2023-06-09,-43.0850799674391,Oregon,2023-11-16,2023-05-15,2023-06-08,NWN,-10.49088569732678,-18.61154002621256,False,False
MSFT,OP,MICROSOFT CORPORATION,"Monday, May 15, 2023",Purchase,"$500,001 - $1,000,000",NEW, MORGAN STANLEY - PORTFOLIO MANAGEMENT ACTIVE ASSETS ACCOUNT,CALL OPTIONS; STRIKE PRICE $165; EXPIRES 08/18/2023,Josh Gottheimer,2023-06-11,D, NJ05,House,,2023-06-12,10.7005753317559,New Jersey,2023-11-16,2023-05-15,2023-06-11,MSFT,3.296139203163162,-3.8334376011949667,True,False
MSFT,OP,MICROSOFT CORPORATION,"Monday, May 15, 2023",Purchase,"$1,000,001 - $5,000,000",NEW, MORGAN STANLEY - PORTFOLIO MANAGEMENT ACTIVE ASSETS ACCOUNT,CALL OPTIONS; STRIKE PRICE $160; EXPIRES 09/15/2023,Josh Gottheimer,2023-06-11,D, NJ05,House,,2023-06-12,10.7005753317559,New Jersey,2023-11-16,2023-05-15,2023-06-11,MSFT,3.296139203163162,-3.8334376011949667,True,False
MSFT,OP,MICROSOFT CORPORATION,"Monday, May 15, 2023",Sale,"$1,000,001 - $5,000,000",NEW, MORGAN STANLEY - PORTFOLIO MANAGEMENT ACTIVE ASSETS ACCOUNT,CALL OPTIONS; STRIKE PRICE $160; EXPIRES 01/19/2024,Josh Gottheimer,2023-06-11,D, NJ05,House,,2023-06-12,10.7005753317559,New Jersey,2023-11-16,2023-05-15,2023-06-11,MSFT,-3.296139203163162,3.8334376011949667,False,True
UPS,ST,"UNITED PARCEL SERVICE, INC.","Friday, May 12, 2023",Sale,"$1,001 - $15,000",NEW, MORGAN STANLEY - SELECT UMA ACCOUNT # 1,,Josh Gottheimer,2023-06-11,D, NJ05,House,,2023-06-12,-33.2711761264724,New Jersey,2023-11-16,2023-05-12,2023-06-11,UPS,3.4292313273128316,1.3089921643800073,True,True
BP,ST,BP P.L.C.,"Friday, May 12, 2023",Purchase,"$15,001 - $50,000",NEW, MORGAN STANLEY TRUST ACCOUNT,,Jonathan Jackson,2023-06-06,D, IL01,House,,2023-06-07,-19.6005206641204,Illinois,2023-11-16,2023-05-12,2023-06-06,BP,-8.113865902075734,-4.812943631394151,False,False
FSLR,ST,"FIRST SOLAR, INC.","Friday, May 12, 2023",Purchase,"$1,001 - $15,000",NEW, MORGAN STANLEY - SELECT UMA ACCOUNT # 1,,Josh Gottheimer,2023-06-11,D, NJ05,House,,2023-06-12,-60.663823853732,New Jersey,2023-11-16,2023-05-12,2023-06-11,FSLR,-20.51026248320118,-19.874830408801458,False,False
SHW,ST,SHERWIN-WILLIAMS COMPANY,"Friday, May 12, 2023",Sale,"$1,001 - $15,000",NEW, MORGAN STANLEY - SELECT UMA ACCOUNT # 1,,Josh Gottheimer,2023-06-11,D, NJ05,House,,2023-06-12,22.8566255475289,New Jersey,2023-11-16,2023-05-12,2023-06-11,SHW,-2.4762396906719886,-11.615934295904573,False,False
PYPL,ST,"PAYPAL HOLDINGS, INC.","Friday, May 12, 2023",Sale,"$1,001 - $15,000",NEW, MORGAN STANLEY - SELECT UMA ACCOUNT # 1,,Josh Gottheimer,2023-06-11,D, NJ05,House,,2023-06-12,-22.4115780499406,New Jersey,2023-11-16,2023-05-12,2023-06-11,PYPL,1.9027883349179708,6.576327322305109,True,True
PYPL,Stock,"PayPal Holdings, Inc. - Common Stock","Thursday, May 11, 2023",Purchase,"$250,001 - $500,000",New,,,"Tuberville, Tommy",2023-06-15,R,,Senate,,2023-06-15,-26.196841111833,Alabama,2023-08-28,2023-05-11,2023-06-15,PYPL,-5.744222787612219,-11.526294550764149,False,False
MA,ST,MASTERCARD INCORPORATED,"Thursday, May 11, 2023",Purchase,"$1,001 - $15,000",NEW, MORGAN STANLEY - SELECT UMA ACCOUNT # 1,,Josh Gottheimer,2023-06-11,D, NJ05,House,,2023-06-12,-0.0133261045685771,New Jersey,2023-11-16,2023-05-11,2023-06-11,MA,-7.150587513395779,-5.479418032931926,False,False
MSFT,ST,MICROSOFT CORPORATION,"Thursday, May 11, 2023",Sale,"$1,001 - $15,000",NEW, NORTHWESTERN MUTUAL - JOINT,,John Curtis,2023-06-02,R, UT03,House,,2023-06-05,10.1568395788183,Utah,2023-11-16,2023-05-11,2023-06-02,MSFT,-1.9673540868804906,4.252461312595512,False,True
BMY,Stock,Bristol-Myers Squibb Company Common Stock,"Wednesday, May 10, 2023",Sale (Full),"$1,001 - $15,000",New,,,"Capito, Shelley Moore",2023-06-14,R,,Senate,,2023-06-15,-47.5311382454345,West Virginia,2023-08-28,2023-05-10,2023-06-14,BMY,9.28406447352299,20.90502185239761,True,True
ADBE,ST,ADOBE INC.,"Wednesday, May 10, 2023",Sale,"$1,001 - $15,000",NEW, MORGAN STANLEY - SELECT UMA ACCOUNT # 1,,Josh Gottheimer,2023-06-11,D, NJ05,House,,2023-06-12,19.1976005864756,New Jersey,2023-11-16,2023-05-10,2023-06-11,ADBE,-28.072651731566655,-42.58574397411849,False,False
PYPL,ST,"PAYPAL HOLDINGS, INC.","Wednesday, May 10, 2023",Purchase,"$1,001 - $15,000",NEW,,PART OF MY SPOUSE'S RETIREMENT PORTFOLIO.,Earl Blumenauer,2023-06-08,D, OR03,House,,2023-06-09,-24.787279500321,Oregon,2023-11-16,2023-05-10,2023-06-08,PYPL,-3.722866761495869,-9.042447857855606,False,False
VZ,Stock,Verizon Communications Inc. Common Stock,"Wednesday, May 10, 2023",Sale (Full),"$100,001 - $250,000",New,,,"Hickenlooper, John",2023-06-15,D,,Senate,,2023-06-15,-19.0081888259558,Colorado,2023-08-28,2023-05-10,2023-06-15,VZ,9.636524463323237,22.18938621265555,True,True
XOM,Stock,Exxon Mobil Corporation Common Stock,"Wednesday, May 10, 2023",Sale (Partial),"$1,001 - $15,000",New,,,"Capito, Shelley Moore",2023-06-14,R,,Senate,,2023-06-15,-20.6746473985541,West Virginia,2023-08-28,2023-05-10,2023-06-14,XOM,4.221278773812287,8.751941406272456,True,True
PYPL,Stock,"PayPal Holdings, Inc. - Common Stock","Wednesday, May 10, 2023",Purchase,"$250,001 - $500,000",New,,,"Tuberville, Tommy",2023-06-15,R,,Senate,,2023-06-15,-24.787279500321,Alabama,2023-08-28,2023-05-10,2023-06-15,PYPL,-3.722866761495869,-9.042447857855606,False,False
C,Stock,"Citigroup, Inc. Common Stock","Wednesday, May 10, 2023",Sale (Partial),"$1,001 - $15,000",New,,,"Capito, Shelley Moore",2023-06-14,R,,Senate,,2023-06-15,0.288756660587314,West Virginia,2023-08-28,2023-05-10,2023-06-14,C,-0.26575052479436145,11.352108748822731,False,True
ARLP,ST,"ALLIANCE RESOURCE PARTNERS, L.P. - COMMON UNITS REPRESENTING LIMITED PARTNERSHIP INTERESTS","Wednesday, May 10, 2023",Purchase,"$1,001 - $15,000",NEW,,,Virginia Foxx,2023-06-02,R, NC05,House,,2023-06-05,-18.3390813541633,North Carolina,2023-11-16,2023-05-10,2023-06-02,ARLP,-8.172208528483505,-3.558264750215634,False,False
INTC,Stock,Intel Corporation - Common Stock,"Wednesday, May 10, 2023",Sale (Full),"$100,001 - $250,000",New,,,"Hickenlooper, John",2023-06-15,D,,Senate,,2023-06-15,18.3245553807365,Colorado,2023-08-28,2023-05-10,2023-06-15,INTC,-0.6748167610568956,-8.107522820657543,False,False
AMT,Stock,American Tower Corporation (REIT) Common Stock,"Wednesday, May 10, 2023",Sale (Full),"$100,001 - $250,000",New,,,"Hickenlooper, John",2023-06-15,D,,Senate,,2023-06-15,-23.4519702451814,Colorado,2023-08-28,2023-05-10,2023-06-15,AMT,8.510397123675917,14.726571991555637,True,True
PYPL,Stock,"PayPal Holdings, Inc. - Common Stock","Tuesday, May 9, 2023",Sale (Full),"$1,001 - $15,000",New,,,"Carper, Thomas R.",2023-06-30,D,,Senate,,2023-07-01,-29.1282291101297,Delaware,2023-08-28,2023-05-09,2023-06-30,PYPL,6.7689674131062745,11.946216400480047,True,True
LLY,ST,ELI LILLY AND COMPANY,"Tuesday, May 9, 2023",Purchase,"$1,001 - $15,000",NEW, MORGAN STANLEY - SELECT UMA ACCOUNT # 1,,Josh Gottheimer,2023-06-11,D, NJ05,House,,2023-06-12,51.5588674194694,New Jersey,2023-11-16,2023-05-09,2023-06-11,LLY,-0.2088008379651951,-3.693630095918654,False,False
MSI,ST,"MOTOROLA SOLUTIONS, INC.","Tuesday, May 9, 2023",Sale,"$15,001 - $50,000",NEW, DSL LIVING TRUST > BANK OF NEW YORK BROKERAGE ACCOUNT 340,,Susie Lee,2023-05-26,D, NV03,House,,2023-05-29,-4.38598878480051,Nevada,2023-11-16,2023-05-09,2023-05-26,MSI,6.810915661575678,11.842535412477485,True,True
ON,,ON SEMICONDUCTOR CORPORATION,"Tuesday, May 9, 2023",Sale,"$1,001 - $15,000",,,,Susie Lee,2023-05-26,D, NV03,House,,2023-05-29,-29.4921345408674,Nevada,2023-11-16,2023-05-09,2023-05-26,ON,-9.943415557791146,-21.74973761319481,False,False
NVDA,ST,NVIDIA CORPORATION,"Tuesday, May 9, 2023",Purchase,"$1,001 - $15,000",NEW, MORGAN STANLEY - SELECT UMA ACCOUNT # 1,,Josh Gottheimer,2023-06-11,D, NJ05,House,,2023-06-12,182.939592507301,New Jersey,2023-11-16,2023-05-09,2023-06-11,NVDA,30.544417689954706,49.26891641368809,True,True
CFG,Stock,"Citizens Financial Group, Inc. Common Stock","Monday, May 8, 2023",Purchase,"$1,001 - $15,000",New,,,"Tuberville, Tommy",2023-06-15,R,,Senate,,2023-06-15,6.05344148979213,Alabama,2023-08-28,2023-05-08,2023-06-15,CFG,9.489435649319745,13.130781412643543,True,True
PG,Stock Option,Procter & Gamble Company (The) Common Stock,"Monday, May 8, 2023",Sale (Partial),"$1,001 - $15,000",New,,Option Type: Put Strike price: $150.00  Expires: 01/19/2024,"Tuberville, Tommy",2023-06-15,R,,Senate,,2023-06-15,-20.0393192657881,Alabama,2023-08-28,2023-05-08,2023-06-15,PG,9.888131266854995,8.147507819854427,True,True
ARLP,ST,"ALLIANCE RESOURCE PARTNERS, L.P. - COMMON UNITS REPRESENTING LIMITED PARTNERSHIP INTERESTS","Monday, May 8, 2023",Purchase,"$1,001 - $15,000",NEW,,,Virginia Foxx,2023-06-02,R, NC05,House,,2023-06-05,-20.5529619411454,North Carolina,2023-11-16,2023-05-08,2023-06-02,ARLP,-8.67386499325592,-7.097504073198779,False,False
PG,Stock Option,Procter & Gamble Company (The) Common Stock,"Monday, May 8, 2023",Sale (Partial),"$1,001 - $15,000",New,,Option Type: Put Strike price: $150.00  Expires: 01/19/2024,"Tuberville, Tommy",2023-06-15,R,,Senate,,2023-06-15,-20.0393192657881,Alabama,2023-08-28,2023-05-08,2023-06-15,PG,9.888131266854995,8.147507819854427,True,True
NVDA,ST,NVIDIA CORPORATION,"Monday, May 8, 2023",Purchase,"$1,001 - $15,000",NEW, MORGAN STANLEY - SELECT UMA ACCOUNT # 1,,Josh Gottheimer,2023-06-11,D, NJ05,House,,2023-06-12,177.361241303186,New Jersey,2023-11-16,2023-05-08,2023-06-11,NVDA,25.427741564747542,46.60847233922938,True,True
PG,Stock Option,Procter & Gamble Company (The) Common Stock,"Monday, May 8, 2023",Sale (Partial),"$1,001 - $15,000",New,,Option Type: Put Strike price: $150.00  Expires: 01/19/2024,"Tuberville, Tommy",2023-06-15,R,,Senate,,2023-06-15,-20.0393192657881,Alabama,2023-08-28,2023-05-08,2023-06-15,PG,9.888131266854995,8.147507819854427,True,True
ETSY,ST,"ETSY, INC.","Monday, May 8, 2023",Sale,"$1,001 - $15,000",NEW, MORGAN STANLEY - SELECT UMA ACCOUNT # 1,,Josh Gottheimer,2023-06-11,D, NJ05,House,,2023-06-12,-52.538068982453,New Jersey,2023-11-16,2023-05-08,2023-06-11,ETSY,8.742457313873508,18.1904298705457,True,True
SCHW,ST,CHARLES SCHWAB CORPORATION,"Monday, May 8, 2023",Sale,"$1,001 - $15,000",NEW, MORGAN STANLEY - SELECT UMA ACCOUNT # 1,,Josh Gottheimer,2023-06-11,D, NJ05,House,,2023-06-12,16.7973046403979,New Jersey,2023-11-16,2023-05-08,2023-06-11,SCHW,-13.669112645947745,-29.3144963133396,False,False
FITB,Stock,Fifth Third Bancorp - Common Stock,"Monday, May 8, 2023",Purchase,"$1,001 - $15,000",New,,,"Tuberville, Tommy",2023-06-15,R,,Senate,,2023-06-15,20.4127401938667,Alabama,2023-08-28,2023-05-08,2023-06-15,FITB,7.974987640692133,7.892516097147073,True,True
AAPL,ST,APPLE INC.,"Monday, May 8, 2023",Sale,"$500,001 - $1,000,000",NEW,,"CONTRIBUTION OF 2,900 SHARES HELD PERSONALLY TO TRINITY COLLEGE.",Nancy Pelosi,2023-06-06,D, CA11,House,,2023-06-07,-24.4615270963142,California,2023-11-16,2023-05-08,2023-06-06,AAPL,0.6371060997898192,6.1070699555473285,True,True
QCOM,Stock,QUALCOMM Incorporated - Common Stock,"Monday, May 8, 2023",Purchase,"$1,001 - $15,000",New,,,"Tuberville, Tommy",2023-06-15,R,,Senate,,2023-06-15,30.4173883446618,Alabama,2023-08-28,2023-05-08,2023-06-15,QCOM,3.2158834385291213,0.9930840227622584,True,True
SBUX,ST,STARBUCKS CORPORATION,"Monday, May 8, 2023",Purchase,"$1,001 - $15,000",NEW, MORGAN STANLEY - SELECT UMA ACCOUNT # 1,,Josh Gottheimer,2023-06-11,D, NJ05,House,,2023-06-12,-39.8636254619424,New Jersey,2023-11-16,2023-05-08,2023-06-11,SBUX,-11.758170789527767,-14.257363763618812,False,False
ABNB,ST,"AIRBNB, INC. - CLASS A","Monday, May 8, 2023",Sale,"$1,001 - $15,000",NEW, MORGAN STANLEY - SELECT UMA ACCOUNT # 1,,Josh Gottheimer,2023-06-11,D, NJ05,House,,2023-06-12,3.8928721027785,New Jersey,2023-11-16,2023-05-08,2023-06-11,ABNB,10.369362396440806,-4.776718904437649,True,False
X,Stock Option,United States Steel Corporation Common Stock,"Monday, May 8, 2023",Sale (Partial),"$1,001 - $15,000",New,,Option Type: Put Strike price: $20.00  Expires: 06/21/2024,"Tuberville, Tommy",2023-06-15,R,,Senate,,2023-06-15,55.9900962270037,Alabama,2023-08-28,2023-05-08,2023-06-15,X,-2.3384707928953308,-3.500412565960187,False,False
DE,ST,DEERE & COMPANY,"Friday, May 5, 2023",Sale,"$1,001 - $15,000",NEW, MORGAN STANLEY - SELECT UMA ACCOUNT # 1,,Josh Gottheimer,2023-06-11,D, NJ05,House,,2023-06-12,-23.4194777628441,New Jersey,2023-11-16,2023-05-05,2023-06-11,DE,7.901581689065862,-2.404173586054048,True,False
NVDA,ST,NVIDIA CORPORATION,"Friday, May 5, 2023",Sale,"$1,001 - $15,000",NEW, SCHWAB BROKERAGE ACCOUNT,,Daniel Meuser,2023-06-03,R, PA09,House,,2023-06-05,182.240937264476,Pennsylvania,2023-11-16,2023-05-05,2023-06-03,NVDA,-33.25426724605214,-46.3727967857489,False,False
MS,ST,MORGAN STANLEY,"Friday, May 5, 2023",Sale,"$1,001 - $15,000",NEW, MORGAN STANLEY - SELECT UMA ACCOUNT # 1,,Josh Gottheimer,2023-06-11,D, NJ05,House,,2023-06-12,-19.8995413109053,New Jersey,2023-11-16,2023-05-05,2023-06-11,MS,4.668306107159181,3.8210383852588015,True,True
LLY,ST,ELI LILLY AND COMPANY,"Friday, May 5, 2023",Purchase,"$1,001 - $15,000",NEW, MORGAN STANLEY - SELECT UMA ACCOUNT # 1,,Josh Gottheimer,2023-06-11,D, NJ05,House,,2023-06-12,52.2631920816458,New Jersey,2023-11-16,2023-05-05,2023-06-11,LLY,0.5199335752453349,-3.84935657001666,True,False
VZ,ST,VERIZON COMMUNICATIONS INC.,"Thursday, May 4, 2023",Sale,"$50,001 - $100,000",NEW, FIDELITY INVESTMENT ACCOUNT,,Jennifer Mcclellan,2023-06-01,D, VA04,House,,2023-06-02,-20.5696572139762,Virginia,2023-11-16,2023-05-04,2023-06-01,VZ,12.971757282055595,21.923669622698917,True,True
FIS,ST,"FIDELITY NATIONAL INFORMATION SERVICES, INC.","Thursday, May 4, 2023",Sale,"$1,001 - $15,000",NEW, KEAN FAMILY PARTNERSHIP,,Thomas H. Kean Jr.,2023-09-18,R, NJ07,House,,2023-09-19,3.55234523001607,New Jersey,2023-11-16,2023-05-04,2023-09-18,FIS,2.472538546704661,-0.6640096791217465,True,False
NVDA,ST,NVIDIA CORPORATION,"Thursday, May 4, 2023",Purchase,"$1,001 - $15,000",NEW, MORGAN STANLEY - SELECT UMA ACCOUNT # 1,,Josh Gottheimer,2023-06-11,D, NJ05,House,,2023-06-12,192.387718087,New Jersey,2023-11-16,2023-05-04,2023-06-11,NVDA,36.8854472586635,49.48222117124828,True,True
SPG,ST,"SIMON PROPERTY GROUP, INC.","Wednesday, May 3, 2023",Purchase,"$1,001 - $15,000",NEW, TD AMERITRADE MINOR ROTH IRA,THIS TRANSACTION WAS MADE BY LILIANNA SPARTZ'S MINOR ROTH IRA.,Victoria Spartz,2023-05-10,R, IN05,House,,2023-05-10,14.7577210765629,Indiana,2023-11-16,2023-05-03,2023-05-10,SPG,-5.68803201676924,4.710794350746639,False,True
PLD,ST,"PROLOGIS, INC.","Wednesday, May 3, 2023",Purchase,"$1,001 - $15,000",NEW, MORGAN STANLEY IRA - X141,,Lois Frankel,2023-05-19,D, FL22,House,,2023-05-22,-21.4618162348034,Florida,2023-11-16,2023-05-03,2023-05-19,PLD,-4.072117649067186,-11.863867566833598,False,False
LLY,ST,ELI LILLY AND COMPANY,"Wednesday, May 3, 2023",Purchase,"$1,001 - $15,000",NEW, MORGAN STANLEY - SELECT UMA ACCOUNT # 1,,Josh Gottheimer,2023-06-11,D, NJ05,House,,2023-06-12,49.5282141575919,New Jersey,2023-11-16,2023-05-03,2023-06-11,LLY,-2.100682447819846,-6.801007045804597,False,False
UPS,ST,"UNITED PARCEL SERVICE, INC.","Wednesday, May 3, 2023",Sale,"$1,001 - $15,000",NEW, MORGAN STANLEY - SELECT UMA ACCOUNT # 1,,Josh Gottheimer,2023-06-11,D, NJ05,House,,2023-06-12,-38.1498222296403,New Jersey,2023-11-16,2023-05-03,2023-06-11,UPS,7.9203082684564325,6.380343883969686,True,True
SPG,ST,"SIMON PROPERTY GROUP, INC.","Wednesday, May 3, 2023",Purchase,"$1,001 - $15,000",NEW, TD AMERITRADE MINOR ROTH IRA,THIS TRANSACTION WAS MADE BY INGRID SPARTZ'S MINOR ROTH IRA.,Victoria Spartz,2023-05-10,R, IN05,House,,2023-05-10,14.7577210765629,Indiana,2023-11-16,2023-05-03,2023-05-10,SPG,-5.68803201676924,4.710794350746639,False,True
FCX,ST,"FREEPORT-MCMORAN, INC.","Wednesday, May 3, 2023",Sale,"$1,001 - $15,000",NEW, MORGAN STANLEY - SELECT UMA ACCOUNT # 1,,Josh Gottheimer,2023-06-11,D, NJ05,House,,2023-06-12,-2.5850386078954,New Jersey,2023-11-16,2023-05-03,2023-06-11,FCX,2.3170458978025943,-8.543912920688236,True,False
CMCSA,ST,COMCAST CORPORATION - CLASS A,"Wednesday, May 3, 2023",Sale,"$1,001 - $15,000",NEW, MORGAN STANLEY IRA - X141,,Lois Frankel,2023-05-19,D, FL22,House,,2023-05-22,-20.7784192090894,Florida,2023-11-16,2023-05-03,2023-05-19,CMCSA,8.841724256928995,1.0704792249626838,True,True
COF,ST,CAPITAL ONE FINANCIAL CORPORATION,"Tuesday, May 2, 2023",Sale,"$1,001 - $15,000",NEW, MORGAN STANLEY - SELECT UMA ACCOUNT # 1,,Josh Gottheimer,2023-06-11,D, NJ05,House,,2023-06-12,26.865288684304,New Jersey,2023-11-16,2023-05-02,2023-06-11,COF,-16.17523923657702,-19.281712062763567,False,False
EL,ST,"ESTEE LAUDER COMPANIES, INC.","Tuesday, May 2, 2023",Purchase,"$15,001 - $50,000",NEW, MORGAN STANLEY TRUST ACCOUNT,,Jonathan Jackson,2023-06-06,D, IL01,House,,2023-06-07,-63.4350494252416,Illinois,2023-11-16,2023-05-02,2023-06-06,EL,-27.88037956970364,-37.990405892915376,False,False
EXAS,ST,EXACT SCIENCES CORPORATION,"Monday, May 1, 2023",Sale,"$1,001 - $15,000",NEW, MORGAN STANLEY - SELECT UMA ACCOUNT # 1,,Josh Gottheimer,2023-06-11,D, NJ05,House,,2023-06-12,-32.0960620433204,New Jersey,2023-11-16,2023-05-01,2023-06-11,EXAS,-28.36783238175995,-43.72107756124821,False,False
ISRG,ST,"INTUITIVE SURGICAL, INC.","Monday, May 1, 2023",Purchase,"$1,001 - $15,000",NEW, MORGAN STANLEY - SELECT UMA ACCOUNT # 1,,Josh Gottheimer,2023-06-11,D, NJ05,House,,2023-06-12,7.66990280503557,New Jersey,2023-11-16,2023-05-01,2023-06-11,ISRG,1.3036994302023874,-3.0476004247079747,True,False
AVGO,ST,BROADCOM INC.,"Monday, May 1, 2023",Purchase,"$1,001 - $15,000",NEW, MORGAN STANLEY - SELECT UMA ACCOUNT # 1,,Josh Gottheimer,2023-06-11,D, NJ05,House,,2023-06-12,70.5602716912621,New Jersey,2023-11-16,2023-05-01,2023-06-11,AVGO,26.362466713094545,30.762030083902324,True,True
AMD,ST,"ADVANCED MICRO DEVICES, INC.","Monday, May 1, 2023",Sale,"$1,001 - $15,000",NEW, MORGAN STANLEY - SELECT UMA ACCOUNT # 1,,Josh Gottheimer,2023-06-11,D, NJ05,House,,2023-06-12,89.9156899076996,New Jersey,2023-11-16,2023-05-01,2023-06-11,AMD,-31.511455033702074,-17.447207600994496,False,False
LLY,ST,ELI LILLY AND COMPANY,"Monday, May 1, 2023",Purchase,"$1,001 - $15,000",NEW, MORGAN STANLEY - SELECT UMA ACCOUNT # 1,,Josh Gottheimer,2023-06-11,D, NJ05,House,,2023-06-12,62.7361849499569,New Jersey,2023-11-16,2023-05-01,2023-06-11,LLY,5.5408918761421955,1.9073022897664549,True,True
BSX,ST,BOSTON SCIENTIFIC CORPORATION,"Monday, May 1, 2023",Sale,"$1,001 - $15,000",NEW, MORGAN STANLEY IRA - X142,,Lois Frankel,2023-05-19,D, FL22,House,,2023-05-22,2.32866245286361,Florida,2023-11-16,2023-05-01,2023-05-19,BSX,2.786956584921385,11.902486078859265,True,True
MDB,ST,"MONGODB, INC. - CLASS A","Monday, May 1, 2023",Sale,"$1,001 - $15,000",NEW, MORGAN STANLEY - SELECT UMA ACCOUNT # 1,,Josh Gottheimer,2023-06-11,D, NJ05,House,,2023-06-12,34.3276136850777,New Jersey,2023-11-16,2023-05-01,2023-06-11,MDB,-29.841050573645013,-77.43273951633947,False,False
MO,ST,"ALTRIA GROUP, INC.","Monday, May 1, 2023",Purchase,"$1,001 - $15,000",NEW,,,Virginia Foxx,2023-06-02,R, NC05,House,,2023-06-05,-31.2902839174955,North Carolina,2023-11-16,2023-05-01,2023-06-02,MO,-7.319189642885293,-15.042548735867156,False,False
WRB,ST,W.R. BERKLEY CORPORATION,"Monday, May 1, 2023",Purchase,"$1,001 - $15,000",NEW, MORGAN STANLEY IRA - X142,,Lois Frankel,2023-05-19,D, FL22,House,,2023-05-22,20.0539470669604,Florida,2023-11-16,2023-05-01,2023-05-19,WRB,-7.067471400091541,-6.821807382313816,False,False
ORCL,ST,ORACLE CORPORATION,"Monday, May 1, 2023",Sale,"$1,001 - $15,000",NEW, MORGAN STANLEY - SELECT UMA ACCOUNT # 1,,Josh Gottheimer,2023-06-11,D, NJ05,House,,2023-06-12,9.22150584940943,New Jersey,2023-11-16,2023-05-01,2023-06-11,ORCL,-11.381641349381955,-13.465852327786742,False,False
HON,ST,HONEYWELL INTERNATIONAL INC.,"Monday, May 1, 2023",Purchase,"$50,001 - $100,000",NEW, MORGAN STANLEY TRUST ACCOUNT,,Jonathan Jackson,2023-06-06,D, IL01,House,,2023-06-07,-24.4986036237042,Illinois,2023-11-16,2023-05-01,2023-06-06,HON,-4.716321558778159,-13.270635928695373,False,False
GOOG,ST,ALPHABET INC. - CLASS C CAPITAL STOCK,"Monday, May 1, 2023",Sale,"$1,001 - $15,000",NEW, MORGAN STANLEY - SELECT UMA ACCOUNT # 1,,Josh Gottheimer,2023-06-11,D, NJ05,House,,2023-06-12,8.88637177615875,New Jersey,2023-11-16,2023-05-01,2023-06-11,GOOG,-14.25208641162532,-13.478599559706407,False,False
TTD,ST,"THE TRADE DESK, INC. - CLASS A","Monday, May 1, 2023",Sale,"$1,001 - $15,000",NEW, MORGAN STANLEY - SELECT UMA ACCOUNT # 1,,Josh Gottheimer,2023-06-11,D, NJ05,House,,2023-06-12,-1.21307643265508,New Jersey,2023-11-16,2023-05-01,2023-06-11,TTD,-11.057185485442233,-34.891997929842944,False,False
CRT,ST,CROSS TIMBERS ROYALTY TRUST,"Monday, May 1, 2023",Purchase,"$1,001 - $15,000",,,,Virginia Foxx,2023-06-02,R, NC05,House,,2023-06-05,-34.5458670031876,North Carolina,2023-11-16,2023-05-01,2023-06-02,CRT,8.771014030789303,-5.237814911888594,True,False
AMGN,ST,AMGEN INC.,"Monday, May 1, 2023",Sale,"$1,001 - $15,000",,,,Josh Gottheimer,2023-06-11,D, NJ05,House,,2023-06-12,-10.5619457006684,New Jersey,2023-11-16,2023-05-01,2023-06-11,AMGN,7.926136894993818,12.09152184935639,True,True
SHOP,ST,SHOPIFY INC. CLASS A SUBORDINATE VOTING SHARES,"Monday, May 1, 2023",Sale,"$1,001 - $15,000",NEW, MORGAN STANLEY - SELECT UMA ACCOUNT # 1,,Josh Gottheimer,2023-06-11,D, NJ05,House,,2023-06-12,40.0698753431882,New Jersey,2023-11-16,2023-05-01,2023-06-11,SHOP,-20.673279978282434,-32.83246757919236,False,False
TXN,ST,TEXAS INSTRUMENTS INCORPORATED,"Monday, May 1, 2023",Sale,"$1,001 - $15,000",NEW, MORGAN STANLEY - SELECT UMA ACCOUNT # 1,,Josh Gottheimer,2023-06-11,D, NJ05,House,,2023-06-12,-19.6032239053187,New Jersey,2023-11-16,2023-05-01,2023-06-11,TXN,-4.032704814310573,2.1118767471779876,False,True
ADBE,ST,ADOBE INC.,"Monday, May 1, 2023",Sale,"$1,001 - $15,000",NEW, MORGAN STANLEY - SELECT UMA ACCOUNT # 1,,Josh Gottheimer,2023-06-11,D, NJ05,House,,2023-06-12,8.51406400952334,New Jersey,2023-11-16,2023-05-01,2023-06-11,ADBE,-11.37681819336731,-35.87296837890766,False,False
NKE,ST,"NIKE, INC.","Friday, April 28, 2023",Sale,"$1,001 - $15,000",NEW, MV CAPITAL - GST EXEMPT TRUST #2,,Kathy Manning,2023-05-19,D, NC06,House,,2023-05-22,-44.3931140022129,North Carolina,2023-11-16,2023-04-28,2023-05-19,NKE,16.805036397574646,23.85750799376578,True,True
PKG,ST,PACKAGING CORPORATION OF AMERICA,"Friday, April 28, 2023",Purchase,"$1,001 - $15,000",NEW, MV CAPITAL - GST EXEMPT TRUST #2,,Kathy Manning,2023-05-19,D, NC06,House,,2023-05-22,12.2052844059408,North Carolina,2023-11-16,2023-04-28,2023-05-19,PKG,-7.422113677090946,3.869708049574627,False,True
LRCX,ST,LAM RESEARCH CORPORATION,"Friday, April 28, 2023",Purchase,"$1,001 - $15,000",NEW, KATHY MANNING GST FBO RANDALL KAPLAN > MANKAP FAMILY LLC > MV CAPITAL - BROKERAGE #2,,Kathy Manning,2023-05-19,D, NC06,House,,2023-05-22,50.6316210216634,North Carolina,2023-11-16,2023-04-28,2023-05-19,LRCX,19.338646339136556,25.1151110599789,True,True
F,Stock,Ford Motor Company Common Stock,"Friday, April 28, 2023",Purchase,"$15,001 - $50,000",New,,,"Tuberville, Tommy",2023-05-11,R,,Senate,,2023-05-12,-21.5080129921119,Alabama,2023-08-28,2023-04-28,2023-05-11,F,5.112054866889104,6.748023814924897,True,True
ABBV,ST,ABBVIE INC.,"Friday, April 28, 2023",Sale,"$1,001 - $15,000",NEW, THE 2011 RANDALL R. KAPLAN LIVING TRUST > MV CAPITAL - BROKERAGE #2,,Kathy Manning,2023-05-19,D, NC06,House,,2023-05-22,-5.31538261208081,North Carolina,2023-11-16,2023-04-28,2023-05-19,ABBV,10.578506302998814,10.326472092015337,True,True
QCOM,ST,QUALCOMM INCORPORATED,"Friday, April 28, 2023",Purchase,"$1,001 - $15,000",NEW, MV CAPITAL - GST EXEMPT TRUST #2,,Kathy Manning,2023-05-19,D, NC06,House,,2023-05-22,20.1275204242434,North Carolina,2023-11-16,2023-04-28,2023-05-19,QCOM,-1.549310474832577,-1.0760782413430592,False,False
NVDA,ST,NVIDIA CORPORATION,"Friday, April 28, 2023",Purchase,"$1,001 - $15,000",NEW, KATHY MANNING GST FBO RANDALL KAPLAN > MANKAP FAMILY LLC > MV CAPITAL - BROKERAGE #2,,Kathy Manning,2023-05-19,D, NC06,House,,2023-05-22,193.516170243538,North Carolina,2023-11-16,2023-04-28,2023-05-19,NVDA,43.68497411523968,56.587006608833,True,True
PTON,Stock,"Peloton Interactive, Inc. - Common Stock","Friday, April 28, 2023",Sale (Full),"$1,001 - $15,000",New,,,"Hickenlooper, John",2023-05-15,D,,Senate,,2023-05-16,-74.3745158586148,Colorado,2023-08-28,2023-04-28,2023-05-15,PTON,21.472483356428196,15.243277190449788,True,True
AMZN,Stock,"Amazon.com, Inc. - Common Stock","Friday, April 28, 2023",Sale (Full),"$15,001 - $50,000",New,,,"Hickenlooper, John",2023-05-15,D,,Senate,,2023-05-16,42.3822408981419,Colorado,2023-08-28,2023-04-28,2023-05-15,AMZN,-14.50784475825959,-12.797263350472798,False,False
MU,ST,"MICRON TECHNOLOGY, INC.","Friday, April 28, 2023",Sale,"$1,001 - $15,000",NEW, KATHY MANNING GST FBO RANDALL KAPLAN > MANKAP FAMILY LLC > MV CAPITAL - BROKERAGE #2,,Kathy Manning,2023-05-19,D, NC06,House,,2023-05-22,21.8649647655768,North Carolina,2023-11-16,2023-04-28,2023-05-19,MU,-10.52468789283969,-1.601366954946748,False,False
SNAP,Stock,Snap Inc. Class A Common Stock,"Friday, April 28, 2023",Sale (Full),"$1,001 - $15,000",New,,,"Hickenlooper, John",2023-05-15,D,,Senate,,2023-05-16,5.44985501053218,Colorado,2023-08-28,2023-04-28,2023-05-15,SNAP,-16.47202112713977,-9.774947950344238,False,False
LMT,ST,LOCKHEED MARTIN CORPORATION,"Friday, April 28, 2023",Sale,"$1,001 - $15,000",NEW, THE 2011 RANDALL R. KAPLAN LIVING TRUST > MV CAPITAL - BROKERAGE #2,,Kathy Manning,2023-05-19,D, NC06,House,,2023-05-22,-29.1874448388384,North Carolina,2023-11-16,2023-04-28,2023-05-19,LMT,4.412661560539377,12.228387443424616,True,True
CMCSA,Stock,Comcast Corporation - Class A Common Stock,"Friday, April 28, 2023",Sale (Full),"$15,001 - $50,000",New,,,"Hickenlooper, John",2023-05-15,D,,Senate,,2023-05-16,-19.6390697526103,Colorado,2023-08-28,2023-04-28,2023-05-15,CMCSA,6.20640958924824,-0.7961352963287815,True,False
ABT,ST,ABBOTT LABORATORIES,"Friday, April 28, 2023",Purchase,"$1,001 - $15,000",NEW, KATHY MANNING GST FBO RANDALL KAPLAN > MANKAP FAMILY LLC > MV CAPITAL - BROKERAGE #2,,Kathy Manning,2023-05-19,D, NC06,House,,2023-05-22,-18.4789443569964,North Carolina,2023-11-16,2023-04-28,2023-05-19,ABT,-8.794132903743412,-6.850975096715306,False,False
MSFT,ST,MICROSOFT CORPORATION,"Friday, April 28, 2023",Purchase,"$15,001 - $50,000",NEW, KATHY MANNING GST FBO RANDALL KAPLAN > MANKAP FAMILY LLC > MV CAPITAL - BROKERAGE #2,,Kathy Manning,2023-05-19,D, NC06,House,,2023-05-22,12.5037508087556,North Carolina,2023-11-16,2023-04-28,2023-05-19,MSFT,6.930318975573946,-1.1891373199656163,True,False
CLF,Stock Option,Cleveland-Cliffs Inc. Common Stock,"Friday, April 28, 2023",Sale (Partial),"$1,001 - $15,000",New,,Option Type: Call Strike price: $17.00  Expires: 06/21/2024,"Tuberville, Tommy",2023-05-11,R,,Senate,,2023-05-12,5.45537905580548,Alabama,2023-08-28,2023-04-28,2023-05-11,CLF,8.601700984275473,-2.4890368556697906,True,False
TXN,ST,TEXAS INSTRUMENTS INCORPORATED,"Friday, April 28, 2023",Sale,"$1,001 - $15,000",NEW, MORGAN STANLEY - SELECT UMA ACCOUNT # 1,,Josh Gottheimer,2023-05-19,D, NJ05,House,,2023-05-20,-19.8413463254452,New Jersey,2023-11-16,2023-04-28,2023-05-19,TXN,-4.7277326425809285,2.5324930920709754,False,True
GOOGL,ST,ALPHABET INC. - CLASS A,"Friday, April 28, 2023",Sale,"$1,001 - $15,000",,,,Kathy Manning,2023-05-19,D, NC06,House,,2023-05-22,8.50282766713567,North Carolina,2023-11-16,2023-04-28,2023-05-19,GOOGL,-14.348966638091554,-11.72715517499585,False,False
TJX,ST,"TJX COMPANIES, INC.","Friday, April 28, 2023",Sale,"$1,001 - $15,000",NEW, MV CAPITAL - GST EXEMPT TRUST #2,,Kathy Manning,2023-05-19,D, NC06,House,,2023-05-22,0.73983980636255,North Carolina,2023-11-16,2023-04-28,2023-05-19,TJX,3.477923146188455,-0.8559189537650891,True,False
TJX,ST,"TJX COMPANIES, INC.","Friday, April 28, 2023",Sale,"$1,001 - $15,000",NEW, THE 2011 RANDALL R. KAPLAN LIVING TRUST > MV CAPITAL - BROKERAGE #2,,Kathy Manning,2023-05-19,D, NC06,House,,2023-05-22,0.73983980636255,North Carolina,2023-11-16,2023-04-28,2023-05-19,TJX,3.477923146188455,-0.8559189537650891,True,False
ACN,ST,ACCENTURE PLC CLASS A ORDINARY SHARES,"Friday, April 28, 2023",Purchase,"$1,001 - $15,000",NEW, KATHY MANNING GST FBO RANDALL KAPLAN > MANKAP FAMILY LLC > MV CAPITAL - BROKERAGE #2,,Kathy Manning,2023-05-19,D, NC06,House,,2023-05-22,10.6241293669383,North Carolina,2023-11-16,2023-04-28,2023-05-19,ACN,9.175219500124033,4.922114217740536,True,True
NKE,ST,"NIKE, INC.","Friday, April 28, 2023",Sale,"$1,001 - $15,000",NEW, KATHY MANNING GST FBO RANDALL KAPLAN > MANKAP FAMILY LLC > MV CAPITAL - BROKERAGE #2,,Kathy Manning,2023-05-19,D, NC06,House,,2023-05-22,-44.3931140022129,North Carolina,2023-11-16,2023-04-28,2023-05-19,NKE,16.805036397574646,23.85750799376578,True,True
CFG,ST,"CITIZENS FINANCIAL GROUP, INC.","Friday, April 28, 2023",Purchase,"$1,001 - $15,000",NEW, MV CAPITAL - GST EXEMPT TRUST #2,,Kathy Manning,2023-05-19,D, NC06,House,,2023-05-22,-14.7814062655052,North Carolina,2023-11-16,2023-04-28,2023-05-19,CFG,-13.04925159184933,-5.624621150874498,False,False
JPM,ST,JP MORGAN CHASE & CO.,"Friday, April 28, 2023",Sale,"$1,001 - $15,000",NEW, MV CAPITAL - GST EXEMPT TRUST #2,,Kathy Manning,2023-05-19,D, NC06,House,,2023-05-22,14.6359790112551,North Carolina,2023-11-16,2023-04-28,2023-05-19,JPM,1.4286115787315756,-4.037326629786664,True,False
AAPL,ST,APPLE INC.,"Friday, April 28, 2023",Purchase,"$1,001 - $15,000",NEW, MV CAPITAL - GST EXEMPT TRUST #2,,Kathy Manning,2023-05-19,D, NC06,House,,2023-05-22,-21.2904912399367,North Carolina,2023-11-16,2023-04-28,2023-05-19,AAPL,3.626436159278268,5.048816875408324,True,True
ABBV,ST,ABBVIE INC.,"Friday, April 28, 2023",Sale,"$1,001 - $15,000",NEW, KATHY MANNING GST FBO RANDALL KAPLAN > MANKAP FAMILY LLC > MV CAPITAL - BROKERAGE #2,,Kathy Manning,2023-05-19,D, NC06,House,,2023-05-22,-5.31538261208081,North Carolina,2023-11-16,2023-04-28,2023-05-19,ABBV,10.578506302998814,10.326472092015337,True,True
LMT,ST,LOCKHEED MARTIN CORPORATION,"Friday, April 28, 2023",Sale,"$1,001 - $15,000",NEW, MV CAPITAL - GST EXEMPT TRUST #2,,Kathy Manning,2023-05-19,D, NC06,House,,2023-05-22,-29.1874448388384,North Carolina,2023-11-16,2023-04-28,2023-05-19,LMT,4.412661560539377,12.228387443424616,True,True
JPM,ST,JP MORGAN CHASE & CO.,"Friday, April 28, 2023",Purchase,"$1,001 - $15,000",NEW, HERN FAMILY REVOCABLE TRUST > BROKERAGE INVESTMENT ACCOUNT,DIVIDEND REINVESTMENT FILING ID #20022908,Kevin Hern,2023-05-11,R, OK01,House,,2023-05-11,14.6359790112551,Oklahoma,2023-11-16,2023-04-28,2023-05-11,JPM,-1.4286115787315756,4.037326629786664,False,True
AMD,ST,"ADVANCED MICRO DEVICES, INC.","Friday, April 28, 2023",Purchase,"$1,001 - $15,000",NEW, MORGAN STANLEY - SELECT UMA ACCOUNT # 1,,Josh Gottheimer,2023-05-19,D, NJ05,House,,2023-05-20,90.7622220877908,New Jersey,2023-11-16,2023-04-28,2023-05-19,AMD,39.305695007905484,15.490279654440386,True,True
AMGN,ST,AMGEN INC.,"Friday, April 28, 2023",Purchase,"$1,001 - $15,000",NEW, KATHY MANNING GST FBO RANDALL KAPLAN > MANKAP FAMILY LLC > MV CAPITAL - BROKERAGE #2,,Kathy Manning,2023-05-19,D, NC06,House,,2023-05-22,-10.8725012887767,North Carolina,2023-11-16,2023-04-28,2023-05-19,AMGN,-9.711463312207913,-10.363530205391648,False,False
NVDA,ST,NVIDIA CORPORATION,"Friday, April 28, 2023",Purchase,"$1,001 - $15,000",NEW, MV CAPITAL - GST EXEMPT TRUST #2,,Kathy Manning,2023-05-19,D, NC06,House,,2023-05-22,193.516170243538,North Carolina,2023-11-16,2023-04-28,2023-05-19,NVDA,43.68497411523968,56.587006608833,True,True
ACN,ST,ACCENTURE PLC CLASS A ORDINARY SHARES,"Friday, April 28, 2023",Purchase,"$1,001 - $15,000",NEW, MV CAPITAL - GST EXEMPT TRUST #2,,Kathy Manning,2023-05-19,D, NC06,House,,2023-05-22,10.6241293669383,North Carolina,2023-11-16,2023-04-28,2023-05-19,ACN,9.175219500124033,4.922114217740536,True,True
AAPL,ST,APPLE INC.,"Friday, April 28, 2023",Purchase,"$1,001 - $15,000",NEW, KATHY MANNING GST FBO RANDALL KAPLAN > MANKAP FAMILY LLC > MV CAPITAL - BROKERAGE #2,,Kathy Manning,2023-05-19,D, NC06,House,,2023-05-22,-21.2904912399367,North Carolina,2023-11-16,2023-04-28,2023-05-19,AAPL,3.626436159278268,5.048816875408324,True,True
CLF,Stock Option,Cleveland-Cliffs Inc. Common Stock,"Friday, April 28, 2023",Sale (Partial),"$1,001 - $15,000",New,,Option Type: Put Strike price: $15.00  Expires: 01/19/2024,"Tuberville, Tommy",2023-05-11,R,,Senate,,2023-05-12,5.45537905580548,Alabama,2023-08-28,2023-04-28,2023-05-11,CLF,8.601700984275473,-2.4890368556697906,True,False
PYPL,ST,"PAYPAL HOLDINGS, INC.","Friday, April 28, 2023",Purchase,"$1,001 - $15,000",NEW, KATHY MANNING GST FBO RANDALL KAPLAN > MANKAP FAMILY LLC > MV CAPITAL - BROKERAGE #2,,Kathy Manning,2023-05-19,D, NC06,House,,2023-05-22,-40.3257960862108,North Carolina,2023-11-16,2023-04-28,2023-05-19,PYPL,-19.21964053483537,-14.048047607633428,False,False
DIS,Stock,Walt Disney Company (The) Common Stock,"Friday, April 28, 2023",Sale (Full),"$15,001 - $50,000",New,,,"Hickenlooper, John",2023-05-15,D,,Senate,,2023-05-16,-13.8036523121415,Colorado,2023-08-28,2023-04-28,2023-05-15,DIS,15.186327890317596,25.546312414966042,True,True
PG,ST,PROCTER & GAMBLE COMPANY,"Friday, April 28, 2023",Sale,"$1,001 - $15,000",NEW, KATHY MANNING GST FBO RANDALL KAPLAN > MANKAP FAMILY LLC > MV CAPITAL - BROKERAGE #2,,Kathy Manning,2023-05-19,D, NC06,House,,2023-05-22,-19.8258246939881,North Carolina,2023-11-16,2023-04-28,2023-05-19,PG,9.305361022563785,11.554892638299673,True,True
MSFT,ST,MICROSOFT CORPORATION,"Friday, April 28, 2023",Purchase,"$1,001 - $15,000",NEW, MV CAPITAL - GST EXEMPT TRUST #2,,Kathy Manning,2023-05-19,D, NC06,House,,2023-05-22,12.5037508087556,North Carolina,2023-11-16,2023-04-28,2023-05-19,MSFT,6.930318975573946,-1.1891373199656163,True,False
PYPL,ST,"PAYPAL HOLDINGS, INC.","Friday, April 28, 2023",Purchase,"$1,001 - $15,000",NEW, MV CAPITAL - GST EXEMPT TRUST #2,,Kathy Manning,2023-05-19,D, NC06,House,,2023-05-22,-40.3257960862108,North Carolina,2023-11-16,2023-04-28,2023-05-19,PYPL,-19.21964053483537,-14.048047607633428,False,False
INTU,ST,INTUIT INC.,"Friday, April 28, 2023",Purchase,"$1,001 - $15,000",NEW, KATHY MANNING GST FBO RANDALL KAPLAN > MANKAP FAMILY LLC > MV CAPITAL - BROKERAGE #2,,Kathy Manning,2023-05-19,D, NC06,House,,2023-05-22,17.8755853519549,North Carolina,2023-11-16,2023-04-28,2023-05-19,INTU,-9.392367099084009,3.0193109484673464,False,True
QCOM,ST,QUALCOMM INCORPORATED,"Friday, April 28, 2023",Purchase,"$1,001 - $15,000",NEW, KATHY MANNING GST FBO RANDALL KAPLAN > MANKAP FAMILY LLC > MV CAPITAL - BROKERAGE #2,,Kathy Manning,2023-05-19,D, NC06,House,,2023-05-22,20.1275204242434,North Carolina,2023-11-16,2023-04-28,2023-05-19,QCOM,-1.549310474832577,-1.0760782413430592,False,False
EL,ST,"ESTEE LAUDER COMPANIES, INC.","Friday, April 28, 2023",Sale,"$1,001 - $15,000",NEW, KATHY MANNING GST FBO RANDALL KAPLAN > MANKAP FAMILY LLC > MV CAPITAL - BROKERAGE #2,,Kathy Manning,2023-05-19,D, NC06,House,,2023-05-22,-62.3268285798964,North Carolina,2023-11-16,2023-04-28,2023-05-19,EL,23.07984219968159,38.521996319915615,True,True
CAT,ST,"CATERPILLAR, INC.","Friday, April 28, 2023",Sale,"$1,001 - $15,000",NEW, KATHY MANNING GST FBO RANDALL KAPLAN > MANKAP FAMILY LLC > MV CAPITAL - BROKERAGE #2,,Kathy Manning,2023-05-19,D, NC06,House,,2023-05-22,35.5554460960272,North Carolina,2023-11-16,2023-04-28,2023-05-19,CAT,4.93202218255131,-9.228647436812842,True,False
ABBV,ST,ABBVIE INC.,"Friday, April 28, 2023",Sale,"$1,001 - $15,000",NEW, MV CAPITAL - GST EXEMPT TRUST #2,,Kathy Manning,2023-05-19,D, NC06,House,,2023-05-22,-5.31538261208081,North Carolina,2023-11-16,2023-04-28,2023-05-19,ABBV,10.578506302998814,10.326472092015337,True,True
PKG,ST,PACKAGING CORPORATION OF AMERICA,"Friday, April 28, 2023",Purchase,"$1,001 - $15,000",NEW, KATHY MANNING GST FBO RANDALL KAPLAN > MANKAP FAMILY LLC > MV CAPITAL - BROKERAGE #2,,Kathy Manning,2023-05-19,D, NC06,House,,2023-05-22,12.2052844059408,North Carolina,2023-11-16,2023-04-28,2023-05-19,PKG,-7.422113677090946,3.869708049574627,False,True
MDT,ST,MEDTRONIC PLC. ORDINARY SHARES,"Friday, April 28, 2023",Purchase,"$1,001 - $15,000",NEW, KATHY MANNING GST FBO RANDALL KAPLAN > MANKAP FAMILY LLC > MV CAPITAL - BROKERAGE #2,,Kathy Manning,2023-05-19,D, NC06,House,,2023-05-22,-31.137513050419,North Carolina,2023-11-16,2023-04-28,2023-05-19,MDT,-10.155192460786399,-11.507148919983,False,False
CB,ST,CHUBB LIMITED,"Friday, April 28, 2023",Sale,"$1,001 - $15,000",NEW, KATHY MANNING GST FBO RANDALL KAPLAN > MANKAP FAMILY LLC > MV CAPITAL - BROKERAGE #2,,Kathy Manning,2023-05-19,D, NC06,House,,2023-05-22,4.13004049372883,North Carolina,2023-11-16,2023-04-28,2023-05-19,CB,6.550024117609487,4.04166705663942,True,True
DIS,ST,WALT DISNEY COMPANY,"Friday, April 28, 2023",Sale,"$1,001 - $15,000",NEW, KATHY MANNING GST FBO RANDALL KAPLAN > MANKAP FAMILY LLC > MV CAPITAL - BROKERAGE #2,,Kathy Manning,2023-05-19,D, NC06,House,,2023-05-22,-13.8036523121415,North Carolina,2023-11-16,2023-04-28,2023-05-19,DIS,15.186327890317596,25.546312414966042,True,True
SBUX,ST,STARBUCKS CORPORATION,"Friday, April 28, 2023",Sale,"$1,001 - $15,000",NEW, KATHY MANNING GST FBO RANDALL KAPLAN > MANKAP FAMILY LLC > MV CAPITAL - BROKERAGE #2,,Kathy Manning,2023-05-19,D, NC06,House,,2023-05-22,-44.1711214588778,North Carolina,2023-11-16,2023-04-28,2023-05-19,SBUX,15.336334359801961,20.645170285107028,True,True
CLF,Stock Option,Cleveland-Cliffs Inc. Common Stock,"Friday, April 28, 2023",Sale (Partial),"$1,001 - $15,000",New,,Option Type: Call Strike price: $17.00  Expires: 06/21/2024,"Tuberville, Tommy",2023-05-11,R,,Senate,,2023-05-12,5.45537905580548,Alabama,2023-08-28,2023-04-28,2023-05-11,CLF,8.601700984275473,-2.4890368556697906,True,False
GOOGL,ST,ALPHABET INC. - CLASS A,"Friday, April 28, 2023",Sale,"$1,001 - $15,000",NEW, KATHY MANNING GST FBO RANDALL KAPLAN > MANKAP FAMILY LLC > MV CAPITAL - BROKERAGE #2,,Kathy Manning,2023-05-19,D, NC06,House,,2023-05-22,8.50282766713567,North Carolina,2023-11-16,2023-04-28,2023-05-19,GOOGL,-14.348966638091554,-11.72715517499585,False,False
QCOM,ST,QUALCOMM INCORPORATED,"Friday, April 28, 2023",Purchase,"$1,001 - $15,000",NEW, THE 2011 RANDALL R. KAPLAN LIVING TRUST > MV CAPITAL - BROKERAGE #2,,Kathy Manning,2023-05-19,D, NC06,House,,2023-05-22,20.1275204242434,North Carolina,2023-11-16,2023-04-28,2023-05-19,QCOM,-1.549310474832577,-1.0760782413430592,False,False
MSFT,ST,MICROSOFT CORPORATION,"Friday, April 28, 2023",Purchase,"$1,001 - $15,000",NEW, THE 2011 RANDALL R. KAPLAN LIVING TRUST > MV CAPITAL - BROKERAGE #2,,Kathy Manning,2023-05-19,D, NC06,House,,2023-05-22,12.5037508087556,North Carolina,2023-11-16,2023-04-28,2023-05-19,MSFT,6.930318975573946,-1.1891373199656163,True,False
SBUX,ST,STARBUCKS CORPORATION,"Friday, April 28, 2023",Sale,"$1,001 - $15,000",NEW, THE 2011 RANDALL R. KAPLAN LIVING TRUST > MV CAPITAL - BROKERAGE #2,,Kathy Manning,2023-05-19,D, NC06,House,,2023-05-22,-44.1711214588778,North Carolina,2023-11-16,2023-04-28,2023-05-19,SBUX,15.336334359801961,20.645170285107028,True,True
GOOGL,ST,ALPHABET INC. - CLASS A,"Friday, April 28, 2023",Sale,"$1,001 - $15,000",NEW, THE 2011 RANDALL R. KAPLAN LIVING TRUST > MV CAPITAL - BROKERAGE #2,,Kathy Manning,2023-05-19,D, NC06,House,,2023-05-22,8.50282766713567,North Carolina,2023-11-16,2023-04-28,2023-05-19,GOOGL,-14.348966638091554,-11.72715517499585,False,False
CNC,ST,CENTENE CORPORATION,"Friday, April 28, 2023",Purchase,"$1,001 - $15,000",NEW, MV CAPITAL - GST EXEMPT TRUST #2,,Kathy Manning,2023-05-19,D, NC06,House,,2023-05-22,-13.5352782458388,North Carolina,2023-11-16,2023-04-28,2023-05-19,CNC,-10.94707002194789,-7.344604590062054,False,False
JPM,ST,JP MORGAN CHASE & CO.,"Friday, April 28, 2023",Sale,"$1,001 - $15,000",NEW, KATHY MANNING GST FBO RANDALL KAPLAN > MANKAP FAMILY LLC > MV CAPITAL - BROKERAGE #2,,Kathy Manning,2023-05-19,D, NC06,House,,2023-05-22,14.6359790112551,North Carolina,2023-11-16,2023-04-28,2023-05-19,JPM,1.4286115787315756,-4.037326629786664,True,False
WMT,ST,WALMART INC.,"Friday, April 28, 2023",Sale,"$1,001 - $15,000",NEW, KATHY MANNING GST FBO RANDALL KAPLAN > MANKAP FAMILY LLC > MV CAPITAL - BROKERAGE #2,,Kathy Manning,2023-05-19,D, NC06,House,,2023-05-22,-2.44283690553622,North Carolina,2023-11-16,2023-04-28,2023-05-19,WMT,4.11667550072341,3.3994438863769405,True,True
TJX,ST,"TJX COMPANIES, INC.","Friday, April 28, 2023",Sale,"$1,001 - $15,000",NEW, KATHY MANNING GST FBO RANDALL KAPLAN > MANKAP FAMILY LLC > MV CAPITAL - BROKERAGE #2,,Kathy Manning,2023-05-19,D, NC06,House,,2023-05-22,0.73983980636255,North Carolina,2023-11-16,2023-04-28,2023-05-19,TJX,3.477923146188455,-0.8559189537650891,True,False
AAPL,ST,APPLE INC.,"Friday, April 28, 2023",Purchase,"$1,001 - $15,000",NEW, THE 2011 RANDALL R. KAPLAN LIVING TRUST > MV CAPITAL - BROKERAGE #2,,Kathy Manning,2023-05-19,D, NC06,House,,2023-05-22,-21.2904912399367,North Carolina,2023-11-16,2023-04-28,2023-05-19,AAPL,3.626436159278268,5.048816875408324,True,True
INTU,ST,INTUIT INC.,"Friday, April 28, 2023",Purchase,"$1,001 - $15,000",NEW, MV CAPITAL - GST EXEMPT TRUST #2,,Kathy Manning,2023-05-19,D, NC06,House,,2023-05-22,17.8755853519549,North Carolina,2023-11-16,2023-04-28,2023-05-19,INTU,-9.392367099084009,3.0193109484673464,False,True
CFG,ST,"CITIZENS FINANCIAL GROUP, INC.","Friday, April 28, 2023",Purchase,"$1,001 - $15,000",NEW, KATHY MANNING GST FBO RANDALL KAPLAN > MANKAP FAMILY LLC > MV CAPITAL - BROKERAGE #2,,Kathy Manning,2023-05-19,D, NC06,House,,2023-05-22,-14.7814062655052,North Carolina,2023-11-16,2023-04-28,2023-05-19,CFG,-13.04925159184933,-5.624621150874498,False,False
MDT,ST,MEDTRONIC PLC. ORDINARY SHARES,"Friday, April 28, 2023",Purchase,"$1,001 - $15,000",NEW, MV CAPITAL - GST EXEMPT TRUST #2,,Kathy Manning,2023-05-19,D, NC06,House,,2023-05-22,-31.137513050419,North Carolina,2023-11-16,2023-04-28,2023-05-19,MDT,-10.155192460786399,-11.507148919983,False,False
TTD,Stock,"The Trade Desk, Inc. - Class A Common Stock","Friday, April 28, 2023",Sale (Full),"$15,001 - $50,000",New,,,"Hickenlooper, John",2023-05-15,D,,Senate,,2023-05-16,-3.78163513206917,Colorado,2023-08-28,2023-04-28,2023-05-15,TTD,-7.901566026773765,-23.876915972655823,False,False
PFE,ST,"PFIZER, INC.","Friday, April 28, 2023",Purchase,"$1,001 - $15,000",NEW, KATHY MANNING GST FBO RANDALL KAPLAN > MANKAP FAMILY LLC > MV CAPITAL - BROKERAGE #2,,Kathy Manning,2023-05-19,D, NC06,House,,2023-05-22,-51.1795028975951,North Carolina,2023-11-16,2023-04-28,2023-05-19,PFE,-5.6985267912280975,-15.741303598392808,False,False
CNC,ST,CENTENE CORPORATION,"Friday, April 28, 2023",Purchase,"$1,001 - $15,000",NEW, KATHY MANNING GST FBO RANDALL KAPLAN > MANKAP FAMILY LLC > MV CAPITAL - BROKERAGE #2,,Kathy Manning,2023-05-19,D, NC06,House,,2023-05-22,-13.5352782458388,North Carolina,2023-11-16,2023-04-28,2023-05-19,CNC,-10.94707002194789,-7.344604590062054,False,False
LMT,ST,LOCKHEED MARTIN CORPORATION,"Friday, April 28, 2023",Sale,"$1,001 - $15,000",NEW, KATHY MANNING GST FBO RANDALL KAPLAN > MANKAP FAMILY LLC > MV CAPITAL - BROKERAGE #2,,Kathy Manning,2023-05-19,D, NC06,House,,2023-05-22,-29.1874448388384,North Carolina,2023-11-16,2023-04-28,2023-05-19,LMT,4.412661560539377,12.228387443424616,True,True
CLF,Stock Option,Cleveland-Cliffs Inc. Common Stock,"Friday, April 28, 2023",Sale (Partial),"$1,001 - $15,000",New,,Option Type: Call Strike price: $17.00  Expires: 06/21/2024,"Tuberville, Tommy",2023-05-11,R,,Senate,,2023-05-12,5.45537905580548,Alabama,2023-08-28,2023-04-28,2023-05-11,CLF,8.601700984275473,-2.4890368556697906,True,False
EL,ST,"ESTEE LAUDER COMPANIES, INC.","Friday, April 28, 2023",Sale,"$1,001 - $15,000",NEW, MV CAPITAL - GST EXEMPT TRUST #2,,Kathy Manning,2023-05-19,D, NC06,House,,2023-05-22,-62.3268285798964,North Carolina,2023-11-16,2023-04-28,2023-05-19,EL,23.07984219968159,38.521996319915615,True,True
SBUX,ST,STARBUCKS CORPORATION,"Friday, April 28, 2023",Sale,"$1,001 - $15,000",NEW, MV CAPITAL - GST EXEMPT TRUST #2,,Kathy Manning,2023-05-19,D, NC06,House,,2023-05-22,-44.1711214588778,North Carolina,2023-11-16,2023-04-28,2023-05-19,SBUX,15.336334359801961,20.645170285107028,True,True
CLF,Stock Option,Cleveland-Cliffs Inc. Common Stock,"Friday, April 28, 2023",Sale (Partial),"$1,001 - $15,000",New,,Option Type: Call Strike price: $17.00  Expires: 01/19/2024,"Tuberville, Tommy",2023-05-11,R,,Senate,,2023-05-12,5.45537905580548,Alabama,2023-08-28,2023-04-28,2023-05-11,CLF,8.601700984275473,-2.4890368556697906,True,False
SLGN,ST,SILGAN HOLDINGS INC.,"Friday, April 28, 2023",Purchase,"$1,001 - $15,000",NEW, MORGAN STANLEY - SELECT UMA ACCOUNT # 1,,Josh Gottheimer,2023-05-19,D, NJ05,House,,2023-05-20,-32.6455762003207,New Jersey,2023-11-16,2023-04-28,2023-05-19,SLGN,-7.218410802769082,-20.781324012482084,False,False
AON,ST,AON PLC CLASS A ORDINARY SHARES,"Friday, April 28, 2023",Purchase,"$1,001 - $15,000",NEW, KATHY MANNING GST FBO RANDALL KAPLAN > MANKAP FAMILY LLC > MV CAPITAL - BROKERAGE #2,,Kathy Manning,2023-05-19,D, NC06,House,,2023-05-22,-24.9267256118824,North Carolina,2023-11-16,2023-04-28,2023-05-19,AON,-4.960571595482987,-5.170998991732878,False,False
COF,ST,CAPITAL ONE FINANCIAL CORPORATION,"Thursday, April 27, 2023",Sale,"$1,001 - $15,000",NEW, MORGAN STANLEY - SELECT UMA ACCOUNT # 1,,Josh Gottheimer,2023-05-19,D, NJ05,House,,2023-05-20,17.1372323182506,New Jersey,2023-11-16,2023-04-27,2023-05-19,COF,-7.387447686492843,-8.372038721097796,False,False
MSFT,ST,MICROSOFT CORPORATION,"Thursday, April 27, 2023",Sale,"$1,001 - $15,000",NEW, MORGAN STANLEY - SELECT UMA ACCOUNT # 1,,Josh Gottheimer,2023-05-19,D, NJ05,House,,2023-05-20,12.5318953118045,New Jersey,2023-11-16,2023-04-27,2023-05-19,MSFT,-6.957172454200045,-0.37401734179727253,False,False
UBER,ST,"UBER TECHNOLOGIES, INC.","Thursday, April 27, 2023",Sale,"$1,001 - $15,000",NEW, MORGAN STANLEY - SELECT UMA ACCOUNT # 1,,Josh Gottheimer,2023-05-19,D, NJ05,House,,2023-05-20,132.052552130956,New Jersey,2023-11-16,2023-04-27,2023-05-19,UBER,-24.76781444003999,-48.86092286051258,False,False
ETSY,ST,"ETSY, INC.","Thursday, April 27, 2023",Sale,"$1,001 - $15,000",NEW, MORGAN STANLEY - SELECT UMA ACCOUNT # 1,,Josh Gottheimer,2023-05-19,D, NJ05,House,,2023-05-20,-58.138484851802,New Jersey,2023-11-16,2023-04-27,2023-05-19,ETSY,19.60906385325788,14.512013493629928,True,True
AAPL,ST,APPLE INC.,"Thursday, April 27, 2023",Purchase,"$1,001 - $15,000",NEW, MORGAN STANLEY - SELECT UMA ACCOUNT # 1,,Josh Gottheimer,2023-05-19,D, NJ05,House,,2023-05-20,-21.5755424442324,New Jersey,2023-11-16,2023-04-27,2023-05-19,AAPL,3.5819500431533813,5.059944683751949,True,True
MNST,ST,MONSTER BEVERAGE CORPORATION,"Thursday, April 27, 2023",Purchase,"$1,001 - $15,000",NEW, MORGAN STANLEY - SELECT UMA ACCOUNT # 1,,Josh Gottheimer,2023-05-19,D, NJ05,House,,2023-05-20,-14.7230061532858,New Jersey,2023-11-16,2023-04-27,2023-05-19,MNST,2.771330990988363,-5.204077417553243,True,False
CTSH,ST,COGNIZANT TECHNOLOGY SOLUTIONS CORPORATION - CLASS A,"Thursday, April 27, 2023",Sale,"$1,001 - $15,000",NEW, MORGAN STANLEY - SELECT UMA ACCOUNT # 1,,Josh Gottheimer,2023-05-19,D, NJ05,House,,2023-05-20,3.14973689306178,New Jersey,2023-11-16,2023-04-27,2023-05-19,CTSH,-3.7752181599792545,-4.00812676975697,False,False
F,Stock,Ford Motor Company Common Stock,"Thursday, April 27, 2023",Purchase,"$100,001 - $250,000",New,,,"Tuberville, Tommy",2023-05-11,R,,Senate,,2023-05-12,-20.1994250047425,Alabama,2023-08-28,2023-04-27,2023-05-11,F,6.744170259861337,7.311321894687706,True,True
TFC,ST,TRUIST FINANCIAL CORPORATION,"Wednesday, April 26, 2023",Purchase,"$1,001 - $15,000",NEW,,,Dan Newhouse,2023-05-26,R, WA04,House,,2023-05-29,-12.615691764537,Washington,2023-11-16,2023-04-26,2023-05-26,TFC,-3.358121699532801,-6.13964529908726,False,False
PPG,ST,"PPG INDUSTRIES, INC.","Wednesday, April 26, 2023",Sale,"$1,001 - $15,000",NEW, MORGAN STANLEY IRA - X141,,Lois Frankel,2023-05-19,D, FL22,House,,2023-05-22,-26.3774231353765,Florida,2023-11-16,2023-04-26,2023-05-19,PPG,6.525666970729338,5.802627642580616,True,True
HON,ST,HONEYWELL INTERNATIONAL INC.,"Wednesday, April 26, 2023",Purchase,"$1,001 - $15,000",NEW,,,Dan Newhouse,2023-05-26,R, WA04,House,,2023-05-29,-22.9804243521765,Washington,2023-11-16,2023-04-26,2023-05-26,HON,-2.1919888480706584,-2.7726272010132114,False,False
INTU,ST,INTUIT INC.,"Wednesday, April 26, 2023",Purchase,"$1,001 - $15,000",NEW,,,Dan Newhouse,2023-05-26,R, WA04,House,,2023-05-29,24.6640932459139,Washington,2023-11-16,2023-04-26,2023-05-26,INTU,-2.5415844975985813,7.397010194714548,False,True
CAT,ST,"CATERPILLAR, INC.","Wednesday, April 26, 2023",Sale,"$1,001 - $15,000",NEW, NORTHWESTERN MUTUAL - JOINT,,John Curtis,2023-05-10,R, UT03,House,,2023-05-11,33.9558243945424,Utah,2023-11-16,2023-04-26,2023-05-10,CAT,5.715541235281519,-8.607206926420229,True,False
MA,ST,MASTERCARD INCORPORATED,"Wednesday, April 26, 2023",Sale,"$1,001 - $15,000",,,,John Curtis,2023-05-10,R, UT03,House,,2023-05-11,3.20153336960002,Utah,2023-11-16,2023-04-26,2023-05-10,MA,1.6099979945976228,3.1980918024077543,True,True
ELV,ST,"ELEVANCE HEALTH, INC.","Wednesday, April 26, 2023",Purchase,"$1,001 - $15,000",NEW, NORTHWESTERN MUTUAL - JOINT,,John Curtis,2023-05-10,R, UT03,House,,2023-05-11,-13.1193374068869,Utah,2023-11-16,2023-04-26,2023-05-10,ELV,-5.119552752737066,-7.422121791573111,False,False
EW,ST,EDWARDS LIFESCIENCES CORPORATION,"Wednesday, April 26, 2023",Purchase,"$1,001 - $15,000",NEW, NORTHWESTERN MUTUAL - JOINT,,John Curtis,2023-05-10,R, UT03,House,,2023-05-11,-20.9314944613164,Utah,2023-11-16,2023-04-26,2023-05-10,EW,-9.862704676919664,-7.725217639301918,False,False
F,Stock,Ford Motor Company Common Stock,"Wednesday, April 26, 2023",Purchase,"$15,001 - $50,000",New,,,"Tuberville, Tommy",2023-05-11,R,,Senate,,2023-05-12,-22.0311945341023,Alabama,2023-08-28,2023-04-26,2023-05-11,F,1.0811125366975594,5.067404517886054,True,True
CSX,ST,CSX CORPORATION,"Wednesday, April 26, 2023",Purchase,"$1,001 - $15,000",NEW, NORTHWESTERN MUTUAL - JOINT,,John Curtis,2023-05-10,R, UT03,House,,2023-05-11,-3.87634466537879,Utah,2023-11-16,2023-04-26,2023-05-10,CSX,-1.4619605073352249,-2.557156436921204,False,False
V,ST,VISA INC.,"Wednesday, April 26, 2023",Sale,"$1,001 - $15,000",NEW, NORTHWESTERN MUTUAL - JOINT,,John Curtis,2023-05-10,R, UT03,House,,2023-05-11,-2.47852710248541,Utah,2023-11-16,2023-04-26,2023-05-10,V,5.061207627143194,7.990466625334003,True,True
NVDA,ST,NVIDIA CORPORATION,"Wednesday, April 26, 2023",Sale,"$1,001 - $15,000",NEW,,,Dan Newhouse,2023-05-26,R, WA04,House,,2023-05-29,199.314127054221,Washington,2023-11-16,2023-04-26,2023-05-26,NVDA,-40.79497301473034,-56.84740357579629,False,False
PNC,ST,"PNC FINANCIAL SERVICES GROUP, INC.","Wednesday, April 26, 2023",Purchase,"$1,001 - $15,000",NEW, MORGAN STANLEY IRA - X141,,Lois Frankel,2023-05-19,D, FL22,House,,2023-05-22,-10.1665134228835,Florida,2023-11-16,2023-04-26,2023-05-19,PNC,-10.77917124916289,-8.159714233221106,False,False
SBUX,ST,STARBUCKS CORPORATION,"Wednesday, April 26, 2023",Sale,"$1,001 - $15,000",NEW, NORTHWESTERN MUTUAL - JOINT,,John Curtis,2023-05-10,R, UT03,House,,2023-05-11,-45.690395764734,Utah,2023-11-16,2023-04-26,2023-05-10,SBUX,15.293426921146814,20.28046601735757,True,True
NOW,ST,"SERVICENOW, INC.","Wednesday, April 26, 2023",Purchase,"$1,001 - $15,000",NEW,,,Dan Newhouse,2023-05-26,R, WA04,House,,2023-05-29,37.3087409735606,Washington,2023-11-16,2023-04-26,2023-05-26,NOW,14.690522576427645,15.658820340142965,True,True
NVDA,ST,NVIDIA CORPORATION,"Wednesday, April 26, 2023",Sale,"$1,001 - $15,000",NEW, NORTHWESTERN MUTUAL - JOINT,,John Curtis,2023-05-10,R, UT03,House,,2023-05-11,199.314127054221,Utah,2023-11-16,2023-04-26,2023-05-10,NVDA,-40.79497301473034,-56.84740357579629,False,False
BSX,ST,BOSTON SCIENTIFIC CORPORATION,"Wednesday, April 26, 2023",Sale,"$1,001 - $15,000",NEW, NORTHWESTERN MUTUAL - JOINT,,John Curtis,2023-05-10,R, UT03,House,,2023-05-11,3.07135017552674,Utah,2023-11-16,2023-04-26,2023-05-10,BSX,3.763192543024796,10.046634644134889,True,True
SNAP,ST,SNAP INC. CLASS A,"Wednesday, April 26, 2023",Sale,"$1,001 - $15,000",NEW, MORGAN STANLEY - SELECT UMA ACCOUNT # 1,,Josh Gottheimer,2023-05-19,D, NJ05,House,,2023-05-20,-13.2781510802471,New Jersey,2023-11-16,2023-04-26,2023-05-19,SNAP,-0.36365876031390076,-14.00919585743161,False,False
VFC,ST,V.F. CORPORATION,"Wednesday, April 26, 2023",Purchase,"$1,001 - $15,000",NEW,,,Dan Newhouse,2023-05-26,R, WA04,House,,2023-05-29,-60.140135504297,Washington,2023-11-16,2023-04-26,2023-05-26,VFC,-22.59777274699949,-27.749505057869406,False,False
NVS,Stock,Novartis AG Common Stock,"Wednesday, April 26, 2023",Purchase,"$1,001 - $15,000",New,,,"Carper, Thomas R.",2023-05-01,D,,Senate,,2023-05-01,-31.6767181645645,Delaware,2023-08-28,2023-04-26,2023-05-01,NVS,-8.24899314162979,-10.386716873446545,False,False
TMO,Stock,Thermo Fisher Scientific Inc Common Stock,"Wednesday, April 26, 2023",Sale (Partial),"$1,001 - $15,000",New,,,"Carper, Thomas R.",2023-05-01,D,,Senate,,2023-05-01,-16.9673618681757,Delaware,2023-08-28,2023-04-26,2023-05-01,TMO,5.768837055304377,5.523792499308722,True,True
CRL,ST,"CHARLES RIVER LABORATORIES INTERNATIONAL, INC.","Tuesday, April 25, 2023",Purchase,"$1,001 - $15,000",NEW, MORGAN STANLEY IRA - X142,,Lois Frankel,2023-05-19,D, FL22,House,,2023-05-22,12.0694403885158,Florida,2023-11-16,2023-04-25,2023-05-19,CRL,1.9297047919703214,-1.388406559728872,True,False
CLF,Stock Option,Cleveland-Cliffs Inc. Common Stock,"Monday, April 24, 2023",Sale (Partial),"$1,001 - $15,000",New,,Option Type: Put Strike price: $16.00  Expires: 01/19/2024,"Tuberville, Tommy",2023-05-11,R,,Senate,,2023-05-12,-2.08368887023828,Alabama,2023-08-28,2023-04-24,2023-05-11,CLF,11.934494395340788,8.243457009009836,True,True
X,Stock,United States Steel Corporation Common Stock,"Monday, April 24, 2023",Sale (Partial),"$50,001 - $100,000",New,,,"Tuberville, Tommy",2023-05-11,R,,Senate,,2023-05-12,29.9996025904578,Alabama,2023-08-28,2023-04-24,2023-05-11,X,15.366831642313617,12.155213910102525,True,True
FSLR,ST,"FIRST SOLAR, INC.","Monday, April 24, 2023",Purchase,"$1,001 - $15,000",NEW, MORGAN STANLEY - SELECT UMA ACCOUNT # 1,,Josh Gottheimer,2023-05-19,D, NJ05,House,,2023-05-20,-53.7503060631732,New Jersey,2023-11-16,2023-04-24,2023-05-19,FSLR,-4.880385820020205,-15.925517390179788,False,False
CLF,Stock Option,Cleveland-Cliffs Inc. Common Stock,"Monday, April 24, 2023",Sale (Partial),"$1,001 - $15,000",New,,Option Type: Put Strike price: $16.00  Expires: 01/19/2024,"Tuberville, Tommy",2023-05-11,R,,Senate,,2023-05-12,-2.08368887023828,Alabama,2023-08-28,2023-04-24,2023-05-11,CLF,11.934494395340788,8.243457009009836,True,True
X,Stock,United States Steel Corporation Common Stock,"Monday, April 24, 2023",Sale (Partial),"$100,001 - $250,000",New,,,"Tuberville, Tommy",2023-05-11,R,,Senate,,2023-05-12,29.9996025904578,Alabama,2023-08-28,2023-04-24,2023-05-11,X,15.366831642313617,12.155213910102525,True,True
GOOG,ST,ALPHABET INC. - CLASS C CAPITAL STOCK,"Monday, April 24, 2023",Purchase,"$1,001 - $15,000",NEW, MORGAN STANLEY - SELECT UMA ACCOUNT # 1,,Josh Gottheimer,2023-05-19,D, NJ05,House,,2023-05-20,9.15916009687356,New Jersey,2023-11-16,2023-04-24,2023-05-19,GOOG,14.443411290492246,4.047050069109592,True,True
CLF,Stock,Cleveland-Cliffs Inc. Common Stock,"Monday, April 24, 2023",Purchase,"$15,001 - $50,000",New,,,"Tuberville, Tommy",2023-05-11,R,,Senate,,2023-05-12,-2.08368887023828,Alabama,2023-08-28,2023-04-24,2023-05-11,CLF,-11.934494395340788,-8.243457009009836,False,False
CLF,Stock Option,Cleveland-Cliffs Inc. Common Stock,"Monday, April 24, 2023",Sale (Partial),"$1,001 - $15,000",New,,Option Type: Call Strike price: $18.00  Expires: 01/19/2024,"Tuberville, Tommy",2023-05-11,R,,Senate,,2023-05-12,-2.08368887023828,Alabama,2023-08-28,2023-04-24,2023-05-11,CLF,11.934494395340788,8.243457009009836,True,True
SBUX,ST,STARBUCKS CORPORATION,"Friday, April 21, 2023",Purchase,"$1,001 - $15,000",NEW, MORGAN STANLEY - SELECT UMA ACCOUNT # 1,,Josh Gottheimer,2023-05-19,D, NJ05,House,,2023-05-20,-40.8495928118491,New Jersey,2023-11-16,2023-04-21,2023-05-19,SBUX,-6.319562968452475,-16.466278639353092,False,False
ACN,ST,ACCENTURE PLC CLASS A ORDINARY SHARES,"Friday, April 21, 2023",Sale,"$1,001 - $15,000",NEW,,,Robert J. Wittman,2023-09-30,R, VA01,House,,2023-10-04,11.4150573699284,Virginia,2023-11-16,2023-04-21,2023-09-30,ACN,-3.860768992192476,-3.3689292747006494,False,False
COP,ST,CONOCOPHILLIPS,"Thursday, April 20, 2023",Sale,"$1,001 - $15,000",NEW, MORGAN STANLEY - SELECT UMA ACCOUNT # 1,,Josh Gottheimer,2023-05-19,D, NJ05,House,,2023-05-20,-8.5519204296683,New Jersey,2023-11-16,2023-04-20,2023-05-19,COP,1.569801437184326,5.0633503249982725,True,True
XOM,ST,EXXON MOBIL CORPORATION,"Thursday, April 20, 2023",Purchase,"$1,001 - $15,000",NEW, MORGAN STANLEY (JT),,Robert J. Wittman,2023-05-07,R, VA01,House,,2023-05-08,-27.9986483648429,Virginia,2023-11-16,2023-04-20,2023-05-07,XOM,-10.748536576383561,-22.67957228876336,False,False
AAPL,ST,APPLE INC.,"Thursday, April 20, 2023",Purchase,"$1,001 - $15,000",,,,Josh Gottheimer,2023-05-19,D, NJ05,House,,2023-05-20,-20.6373209142147,New Jersey,2023-11-16,2023-04-20,2023-05-19,AAPL,3.0088280348004925,6.515972577105966,True,True
CSCO,ST,"CISCO SYSTEMS, INC.","Thursday, April 20, 2023",Sale,"$1,001 - $15,000",NEW, MORGAN STANLEY (JT),,Robert J. Wittman,2023-05-07,R, VA01,House,,2023-05-08,-19.1745954231169,Virginia,2023-11-16,2023-04-20,2023-05-07,CSCO,-3.2872990887578224,-2.0032919004974836,False,False
FMAO,ST,"FARMERS & MERCHANTS BANCORP, INC.","Thursday, April 20, 2023",Purchase,"$1,001 - $15,000",NEW,,DIVIDEND REINVESTMENT,Robert E. Latta,2023-04-30,R, OH05,House,,2023-05-01,-41.3721928804988,Ohio,2023-11-16,2023-04-20,2023-04-30,FMAO,-10.689350156378119,-8.696847179891742,False,False
CCK,ST,"CROWN HOLDINGS, INC.","Wednesday, April 19, 2023",Purchase,"$1,001 - $15,000",NEW, KEAN FAMILY PARTNERSHIP,,Thomas H. Kean Jr.,2023-09-18,R, NJ07,House,,2023-09-19,-26.0510507303894,New Jersey,2023-11-16,2023-04-19,2023-09-18,CCK,1.3682151233773476,3.202602852717007,True,True
IVV,ST,ISHARES CORE S&P 500 ETF,"Wednesday, April 19, 2023",Purchase,"$1,001 - $15,000",NEW, FIDELITY ROTH IRA,,Scott Mr Franklin,2023-05-23,R, FL18,House,,2023-05-24,-0.142255810569761,Florida,2023-11-16,2023-04-19,2023-05-23,IVV,0.16807166872536694,0.12792309029410198,True,True
FQAL,ST,FIDELITY QUALITY FACTOR ETF,"Wednesday, April 19, 2023",Purchase,"$1,001 - $15,000",NEW, FIDELITY ROTH IRA,,Scott Mr Franklin,2023-05-23,R, FL18,House,,2023-05-24,-3.61734205535138,Florida,2023-11-16,2023-04-19,2023-05-23,FQAL,-0.6194026356165283,-1.309288817953358,False,False
CMCSA,ST,COMCAST CORPORATION - CLASS A,"Wednesday, April 19, 2023",Purchase,"$50,001 - $100,000",NEW, FIDELITY TRADITIONAL IRA,,Scott Mr Franklin,2023-05-23,R, FL18,House,,2023-05-24,-11.7008242590634,Florida,2023-11-16,2023-04-19,2023-05-23,CMCSA,6.758462972659562,1.3151047547205863,True,True
PNC,ST,"PNC FINANCIAL SERVICES GROUP, INC.","Wednesday, April 19, 2023",Purchase,"$1,001 - $15,000",NEW, MORGAN STANLEY IRA - X141,,Lois Frankel,2023-05-19,D, FL22,House,,2023-05-22,-7.61846429162863,Florida,2023-11-16,2023-04-19,2023-05-19,PNC,-8.605954698568274,-8.096714951547824,False,False
CMCSA,ST,COMCAST CORPORATION - CLASS A,"Wednesday, April 19, 2023",Purchase,"$1,001 - $15,000",NEW, FIDELITY ROTH IRA,,Scott Mr Franklin,2023-05-23,R, FL18,House,,2023-05-24,-11.7008242590634,Florida,2023-11-16,2023-04-19,2023-05-23,CMCSA,6.758462972659562,1.3151047547205863,True,True
AAPL,ST,APPLE INC.,"Wednesday, April 19, 2023",Sale,"$1,001 - $15,000",NEW, FIDELITY JOINT TBE,,Scott Mr Franklin,2023-05-23,R, FL18,House,,2023-05-24,-20.5410235931867,Florida,2023-11-16,2023-04-19,2023-05-23,AAPL,-3.5903666285376,-5.930859432851232,False,False
COST,ST,COSTCO WHOLESALE CORPORATION,"Wednesday, April 19, 2023",Purchase,"$50,001 - $100,000",NEW, FIDELITY TRADITIONAL IRA,,Scott Mr Franklin,2023-05-23,R, FL18,House,,2023-05-24,22.769705208965,Florida,2023-11-16,2023-04-19,2023-05-23,COST,-0.8028861649328034,1.9650025143058913,False,True
EPAM,ST,"EPAM SYSTEMS, INC.","Wednesday, April 19, 2023",Sale,"$1,001 - $15,000",NEW, MORGAN STANLEY IRA - X142,,Lois Frankel,2023-05-19,D, FL22,House,,2023-05-22,-20.0383827418112,Florida,2023-11-16,2023-04-19,2023-05-19,EPAM,15.21408955993655,24.571278980570476,True,True
SBUX,ST,STARBUCKS CORPORATION,"Wednesday, April 19, 2023",Sale,"$1,001 - $15,000",NEW, FIDELITY JOINT TBE,,Scott Mr Franklin,2023-05-23,R, FL18,House,,2023-05-24,-39.419273490193,Florida,2023-11-16,2023-04-19,2023-05-23,SBUX,2.441423554863442,15.611518993706442,True,True
FSLR,ST,"FIRST SOLAR, INC.","Wednesday, April 19, 2023",Purchase,"$1,001 - $15,000",NEW, MORGAN STANLEY - SELECT UMA ACCOUNT # 1,,Josh Gottheimer,2023-05-19,D, NJ05,House,,2023-05-20,-55.9528514093525,New Jersey,2023-11-16,2023-04-19,2023-05-19,FSLR,-7.620584854728496,-17.256352052347335,False,False
BSX,ST,BOSTON SCIENTIFIC CORPORATION,"Wednesday, April 19, 2023",Sale,"$1,001 - $15,000",NEW, MORGAN STANLEY IRA - X141,,Lois Frankel,2023-05-19,D, FL22,House,,2023-05-22,1.70434147522044,Florida,2023-11-16,2023-04-19,2023-05-19,BSX,-0.5163689084126233,9.790393598755465,False,True
COST,ST,COSTCO WHOLESALE CORPORATION,"Wednesday, April 19, 2023",Purchase,"$1,001 - $15,000",NEW, FIDELITY ROTH IRA,,Scott Mr Franklin,2023-05-23,R, FL18,House,,2023-05-24,22.769705208965,Florida,2023-11-16,2023-04-19,2023-05-23,COST,-0.8028861649328034,1.9650025143058913,False,True
PPG,ST,"PPG INDUSTRIES, INC.","Wednesday, April 19, 2023",Sale,"$1,001 - $15,000",NEW, MORGAN STANLEY IRA - X141,,Lois Frankel,2023-05-19,D, FL22,House,,2023-05-22,-25.431727363813,Florida,2023-11-16,2023-04-19,2023-05-19,PPG,-0.4145824729770098,1.940817836360531,False,True
FIS,ST,"FIDELITY NATIONAL INFORMATION SERVICES, INC.","Monday, April 17, 2023",Purchase,"$15,001 - $50,000",NEW, MORGAN STANLEY - SELECT UMA ACCOUNT # 1,,Josh Gottheimer,2023-05-19,D, NJ05,House,,2023-05-20,-4.50548897301324,New Jersey,2023-11-16,2023-04-17,2023-05-19,FIS,-3.7287396619760327,-8.396894784498233,False,False
TWKS,ST,"THOUGHTWORKS HOLDING, INC.","Monday, April 17, 2023",Purchase,"$1,001 - $15,000",NEW, MORGAN STANLEY - SELECT UMA ACCOUNT # 1,,Josh Gottheimer,2023-05-19,D, NJ05,House,,2023-05-20,-86.2097532996803,New Jersey,2023-11-16,2023-04-17,2023-05-19,TWKS,19.42540187873718,5.945379333079215,True,True
ALGM,Stock,"Allegro MicroSystems, Inc. - Common Stock","Monday, April 17, 2023",Sale (Full),"$1,001 - $15,000",New,,,"Carper, Thomas R.",2023-05-01,D,,Senate,,2023-05-01,-60.1732623116701,Delaware,2023-08-28,2023-04-17,2023-05-01,ALGM,10.603816143254374,-10.931832906776439,True,False
VBTX,ST,"VERITEX HOLDINGS, INC.","Monday, April 17, 2023",Purchase,"$1,001 - $15,000",NEW, MORGAN STANLEY - SELECT UMA ACCOUNT # 1,,Josh Gottheimer,2023-05-19,D, NJ05,House,,2023-05-20,-23.4884178062203,New Jersey,2023-11-16,2023-04-17,2023-05-19,VBTX,-11.236892868015957,-7.176901926539481,False,False
ARQT,ST,"ARCUTIS BIOTHERAPEUTICS, INC. - COMMON STOCK","Monday, April 17, 2023",Purchase,"$1,001 - $15,000",NEW, MORGAN STANLEY - SELECT UMA ACCOUNT # 1,,Josh Gottheimer,2023-05-19,D, NJ05,House,,2023-05-20,-47.3439832678067,New Jersey,2023-11-16,2023-04-17,2023-05-19,ARQT,-28.577168024690124,-30.407466321232913,False,False
CCI,ST,CROWN CASTLE INC.,"Monday, April 17, 2023",Purchase,"$1,001 - $15,000",NEW, MORGAN STANLEY - SELECT UMA ACCOUNT # 1,,Josh Gottheimer,2023-05-19,D, NJ05,House,,2023-05-20,-43.5761013899928,New Jersey,2023-11-16,2023-04-17,2023-05-19,CCI,-13.592985510296563,-25.735948879747937,False,False
SCHW,ST,CHARLES SCHWAB CORPORATION,"Friday, April 14, 2023",Purchase,"$1,001 - $15,000",NEW, MORGAN STANLEY - SELECT UMA ACCOUNT # 1,,Josh Gottheimer,2023-05-19,D, NJ05,House,,2023-05-20,8.03001932980459,New Jersey,2023-11-16,2023-04-14,2023-05-19,SCHW,0.36770878032765797,9.041850725534207,True,True
ADI,ST,"ANALOG DEVICES, INC.","Friday, April 14, 2023",Purchase,"$1,001 - $15,000",NEW, MORGAN STANLEY ACTIVE ASSETS (1),,Jared Moskowitz,2023-05-12,D, FL23,House,,2023-05-15,-20.4675814660116,Florida,2023-11-16,2023-04-14,2023-05-12,ADI,-2.1633007262260695,-3.8228501890280597,False,False
MMM,Stock,3M Company Common Stock,"Friday, April 14, 2023",Purchase,"$1,001 - $15,000",New,,,"Tuberville, Tommy",2023-05-11,R,,Senate,,2023-05-12,-24.7444595198681,Alabama,2023-08-28,2023-04-14,2023-05-11,MMM,-4.959098009895091,-11.751555495534905,False,False
NVDA,ST,NVIDIA CORPORATION,"Friday, April 14, 2023",Purchase,"$15,001 - $50,000",NEW, MORGAN STANLEY TRUST ACCOUNT,,Jonathan Jackson,2023-05-12,D, IL01,House,,2023-05-15,204.246110863927,Illinois,2023-11-16,2023-04-14,2023-05-12,NVDA,8.236022212582927,62.82495700739985,True,True
ROP,ST,"ROPER TECHNOLOGIES, INC.","Friday, April 14, 2023",Purchase,"$1,001 - $15,000",NEW, MORGAN STANLEY ACTIVE ASSETS (1),,Jared Moskowitz,2023-05-12,D, FL23,House,,2023-05-15,0.40671265374343,Florida,2023-11-16,2023-04-14,2023-05-12,ROP,5.027072574143787,-0.14848860883236448,True,False
BHF,ST,"BRIGHTHOUSE FINANCIAL, INC.","Friday, April 14, 2023",Sale,"$15,001 - $50,000",NEW, MORGAN STANLEY TRUST ACCOUNT,,Jonathan Jackson,2023-05-12,D, IL01,House,,2023-05-15,-12.3525361591298,Illinois,2023-11-16,2023-04-14,2023-05-12,BHF,4.660864819604649,-6.489018264805879,True,False
UTZ,ST,UTZ BRANDS INC CLASS A,"Friday, April 14, 2023",Purchase,"$1,001 - $15,000",NEW, MORGAN STANLEY - SELECT UMA ACCOUNT # 1,,Josh Gottheimer,2023-05-19,D, NJ05,House,,2023-05-20,-20.3759642455468,New Jersey,2023-11-16,2023-04-14,2023-05-19,UTZ,-2.356209964191669,-17.41895468580642,False,False
PEG,ST,PUBLIC SERVICE ENTERPRISE GROUP INCORPORATED,"Friday, April 14, 2023",Sale,"$1,001 - $15,000",NEW, MORGAN STANLEY ACTIVE ASSETS (1),,Jared Moskowitz,2023-05-12,D, FL23,House,,2023-05-15,-23.5755199324853,Florida,2023-11-16,2023-04-14,2023-05-12,PEG,1.4631952151539451,8.14990454518194,True,True
SHW,ST,SHERWIN-WILLIAMS COMPANY,"Friday, April 14, 2023",Sale,"$1,001 - $15,000",NEW, MORGAN STANLEY ACTIVE ASSETS (1),,Jared Moskowitz,2023-05-12,D, FL23,House,,2023-05-15,24.2928637918736,Florida,2023-11-16,2023-04-14,2023-05-12,SHW,-0.45388038227498484,-9.014322513012951,False,False
NTDOY,ST,NINTENDO CO LTD ADR,"Thursday, April 13, 2023",Purchase,"$15,001 - $50,000",NEW, DANIEL GOLDMAN GRANDCHILDREN 1986 TRUST > TLH ADR,,Daniel Goldman,2023-05-19,D, NY10,House,,2023-05-22,11.2382494667825,New York,2023-11-16,2023-04-13,2023-05-19,NTDOY,5.337780233528311,3.3153379957384432,True,True
CJPRY,ST,CENTRAL JAPAN RAILWAY CO UNSPONSORED ADR,"Thursday, April 13, 2023",Purchase,"$1,001 - $15,000",NEW, DANIEL GOLDMAN GRANDCHILDREN 1986 TRUST > TLH ADR,,Daniel Goldman,2023-05-19,D, NY10,House,,2023-05-22,-15.6178894335895,New York,2023-11-16,2023-04-13,2023-05-19,CJPRY,3.6281648188161597,-4.224776113585071,True,False
RSP,ST,INVESCO S&P 500 EQUAL WEIGHT ETF,"Thursday, April 13, 2023",Purchase,"$1,001 - $15,000",NEW, MERRILL IRA 1,INVESCO S&P 500 EQUAL WEIGHT ETF,Maria Elvira Salazar,2023-05-31,R, FL27,House,,2023-06-01,-10.6105565341809,Florida,2023-11-16,2023-04-13,2023-05-31,RSP,-1.8179266887668355,-3.0920163194866124,False,False
CMSQY,ST,COMPUTERSHARE LTD SPONSORED ADR,"Thursday, April 13, 2023",Purchase,"$1,001 - $15,000",NEW, DANIEL GOLDMAN GRANDCHILDREN 1986 TRUST > TLH ADR,,Daniel Goldman,2023-05-19,D, NY10,House,,2023-05-22,-17.7258614630707,New York,2023-11-16,2023-04-13,2023-05-19,CMSQY,-3.543694267211306,-1.925064073852245,False,False
QABSY,ST,QANTAS AIRWAYS LTD,"Thursday, April 13, 2023",Purchase,"$1,001 - $15,000",NEW, DANIEL GOLDMAN GRANDCHILDREN 1986 TRUST > TLH ADR,,Daniel Goldman,2023-05-19,D, NY10,House,,2023-05-22,-47.5148819383644,New York,2023-11-16,2023-04-13,2023-05-19,QABSY,-2.606995526979816,-11.299984554511699,False,False
WJRYY,ST,WEST JAPAN RAILWAY CO UNSPONSORED ADR,"Thursday, April 13, 2023",Purchase,"$1,001 - $15,000",NEW, DANIEL GOLDMAN GRANDCHILDREN 1986 TRUST > TLH ADR,,Daniel Goldman,2023-05-19,D, NY10,House,,2023-05-22,-22.6844671608522,New York,2023-11-16,2023-04-13,2023-05-19,WJRYY,6.094537266789923,-9.05552054004245,True,False
SPG,ST,"SIMON PROPERTY GROUP, INC.","Thursday, April 13, 2023",Purchase,"$15,001 - $50,000",NEW, TD AMERITRADE ROTH IRA,THIS TRANSACTION WAS MADE BY JASON SPARTZ'S ROTH IRA.,Victoria Spartz,2023-04-30,R, IN05,House,,2023-05-01,14.6355323748053,Indiana,2023-11-16,2023-04-13,2023-04-30,SPG,-1.605317807322415,4.531006018626038,False,True
CSCO,Stock,"Cisco Systems, Inc. - Common Stock","Thursday, April 13, 2023",Sale (Full),"$15,001 - $50,000",New,,,"Carper, Thomas R.",2023-05-01,D,,Senate,,2023-05-01,-27.4428528954222,Delaware,2023-08-28,2023-04-13,2023-05-01,CSCO,7.043729743533111,7.979241599477072,True,True
BBY,Stock,"Best Buy Co., Inc. Common Stock","Wednesday, April 12, 2023",Sale (Full),"$1,001 - $15,000",New,,,"Hickenlooper, John",2023-05-15,D,,Senate,,2023-05-16,-18.7376882437572,Colorado,2023-08-28,2023-04-12,2023-05-15,BBY,2.753212849292852,-3.2521494132400353,True,False
AMGN,ST,AMGEN INC.,"Wednesday, April 12, 2023",Purchase,"$1,001 - $15,000",NEW, MORGAN STANLEY - SELECT UMA ACCOUNT # 1,,Josh Gottheimer,2023-05-19,D, NJ05,House,,2023-05-20,-17.6025608069784,New Jersey,2023-11-16,2023-04-12,2023-05-19,AMGN,-7.418467966384301,-18.76419322864471,False,False
COP,ST,CONOCOPHILLIPS,"Wednesday, April 12, 2023",Sale,"$1,001 - $15,000",NEW, MORGAN STANLEY - SELECT UMA ACCOUNT # 1,,Josh Gottheimer,2023-05-19,D, NJ05,House,,2023-05-20,-13.7321252460025,New Jersey,2023-11-16,2023-04-12,2023-05-19,COP,8.317980425991289,8.571334535119735,True,True
ITW,Stock,Illinois Tool Works Inc. Common Stock,"Tuesday, April 11, 2023",Sale (Full),"$15,001 - $50,000",New,,,"Duckworth, Tammy",2023-05-01,D,,Senate,,2023-05-02,-9.0962035487718,Illinois,2023-08-28,2023-04-11,2023-05-01,ITW,1.6813442971159498,-0.40048759422293134,True,False
EL,ST,"ESTEE LAUDER COMPANIES, INC.","Monday, April 10, 2023",Sale,"$1,001 - $15,000",NEW, DANIEL GOLDMAN GRANDCHILDREN 1986 TRUST > TACS R3K,,Daniel Goldman,2023-05-19,D, NY10,House,,2023-05-22,-62.63250868249,New York,2023-11-16,2023-04-10,2023-05-19,EL,17.060288451281135,26.998468756667847,True,True
RITM,ST,RITHM CAPITAL CORP.,"Monday, April 10, 2023",Sale,"$1,001 - $15,000",NEW, DANIEL GOLDMAN 12/9/2011 TRUST > APERIO GROUP LLC,,Daniel Goldman,2023-05-19,D, NY10,House,,2023-05-22,15.1169093421193,New York,2023-11-16,2023-04-10,2023-05-19,RITM,-0.5877390945305372,-12.047904592648884,False,False
CCI,ST,CROWN CASTLE INC.,"Monday, April 10, 2023",Purchase,"$50,001 - $100,000",NEW, DANIEL GOLDMAN GRANDCHILDREN 1986 TRUST > TACS R3K,,Daniel Goldman,2023-05-19,D, NY10,House,,2023-05-22,-45.9620340991582,New York,2023-11-16,2023-04-10,2023-05-19,CCI,-11.938906399708582,-21.39106188932496,False,False
EPAM,ST,"EPAM SYSTEMS, INC.","Monday, April 10, 2023",Purchase,"$15,001 - $50,000",NEW,,,Daniel Goldman,2023-05-19,D, NY10,House,,2023-05-22,-22.147037311715,New York,2023-11-16,2023-04-10,2023-05-19,EPAM,-20.881296533510486,-26.552813242974704,False,False
KDP,ST,KEURIG DR PEPPER INC.,"Monday, April 10, 2023",Sale,"$15,001 - $50,000",NEW, DANIEL GOLDMAN GRANDCHILDREN 1986 TRUST > TACS R3K,,Daniel Goldman,2023-05-19,D, NY10,House,,2023-05-22,-42.9075016712216,New York,2023-11-16,2023-04-10,2023-05-19,KDP,8.187922696075645,18.012180676792646,True,True
WFC,ST,WELLS FARGO & COMPANY,"Monday, April 10, 2023",Sale,"$50,001 - $100,000",NEW, DANIEL GOLDMAN GRANDCHILDREN 1986 TRUST > TACS R3K,,Daniel Goldman,2023-05-19,D, NY10,House,,2023-05-22,23.9908415191837,New York,2023-11-16,2023-04-10,2023-05-19,WFC,1.6003484151079106,-2.2410854860664964,True,False
JPM,ST,JP MORGAN CHASE & CO.,"Monday, April 10, 2023",Sale,"$50,001 - $100,000",NEW, DANIEL GOLDMAN GRANDCHILDREN 1986 TRUST > TACS R3K,,Daniel Goldman,2023-05-19,D, NY10,House,,2023-05-22,23.9166591270907,New York,2023-11-16,2023-04-10,2023-05-19,JPM,-6.022395907435096,-6.184896643748639,False,False
CAG,ST,"CONAGRA BRANDS, INC.","Monday, April 10, 2023",Sale,"$1,001 - $15,000",NEW, DANIEL GOLDMAN GRANDCHILDREN 1986 TRUST > TACS R3K,,Daniel Goldman,2023-05-19,D, NY10,House,,2023-05-22,-50.1692232104493,New York,2023-11-16,2023-04-10,2023-05-19,CAG,2.8769026329654057,19.7145853635041,True,True
CHPT,ST,"CHARGEPOINT HOLDINGS, INC.","Monday, April 10, 2023",Purchase,"$15,001 - $50,000",NEW, DANIEL GOLDMAN GRANDCHILDREN 1986 TRUST > TACS R3K,,Daniel Goldman,2023-05-19,D, NY10,House,,2023-05-22,-106.915176219378,New York,2023-11-16,2023-04-10,2023-05-19,CHPT,-6.897518420598836,-10.840483032051097,False,False
FNF,ST,"FNF GROUP OF FIDELITY NATIONAL FINANCIAL, INC.","Monday, April 10, 2023",Purchase,"$1,001 - $15,000",NEW, DANIEL GOLDMAN GRANDCHILDREN 1986 TRUST > TACS R3K,,Daniel Goldman,2023-05-19,D, NY10,House,,2023-05-22,16.6447668952496,New York,2023-11-16,2023-04-10,2023-05-19,FNF,-2.6184871966284273,-3.749895635318601,False,False
AMT,ST,AMERICAN TOWER CORPORATION,"Monday, April 10, 2023",Purchase,"$15,001 - $50,000",NEW, DANIEL GOLDMAN GRANDCHILDREN 1986 TRUST > TACS R3K,,Daniel Goldman,2023-05-19,D, NY10,House,,2023-05-22,-30.1674679077008,New York,2023-11-16,2023-04-10,2023-05-19,AMT,-6.449053022266815,-14.414505209416085,False,False
AIG,ST,"AMERICAN INTERNATIONAL GROUP, INC. NEW","Monday, April 10, 2023",Sale,"$1,001 - $15,000",NEW, DANIEL GOLDMAN 12/9/2011 TRUST > APERIO GROUP LLC,,Daniel Goldman,2023-05-19,D, NY10,House,,2023-05-22,24.3440664542304,New York,2023-11-16,2023-04-10,2023-05-19,AIG,-2.240535441145708,-6.326182981970319,False,False
ATUS,ST,"ALTICE USA, INC. CLASS A","Monday, April 10, 2023",Purchase,"$1,001 - $15,000",NEW, DANIEL GOLDMAN 12/9/2011 TRUST > APERIO GROUP LLC,,Daniel Goldman,2023-05-19,D, NY10,House,,2023-05-22,-42.9812501670832,New York,2023-11-16,2023-04-10,2023-05-19,ATUS,-17.25872698972998,-9.765057624254425,False,False
CTVA,ST,"CORTEVA, INC.","Monday, April 10, 2023",Purchase,"$15,001 - $50,000",NEW, MORGAN STANLEY SMITH BARNEY LLC BROKERAGE ACCOUNT,,Debbie Dingell,2023-04-19,D, MI06,House,,2023-04-20,-33.5080699247575,Michigan,2023-11-16,2023-04-10,2023-04-19,CTVA,-5.205840506241022,-17.594702462499278,False,False
F,ST,FORD MOTOR COMPANY,"Monday, April 10, 2023",Sale,"$15,001 - $50,000",NEW, DANIEL GOLDMAN GRANDCHILDREN 1986 TRUST > TACS R3K,,Daniel Goldman,2023-05-19,D, NY10,House,,2023-05-22,-30.0717699031638,New York,2023-11-16,2023-04-10,2023-05-19,F,7.219467429438886,-11.163765653673408,True,False
COLB,ST,"COLUMBIA BANKING SYSTEM, INC.","Monday, April 10, 2023",Purchase,"$15,001 - $50,000",NEW, DANIEL GOLDMAN GRANDCHILDREN 1986 TRUST > TACS R3K,,Daniel Goldman,2023-05-19,D, NY10,House,,2023-05-22,-41.5726196930888,New York,2023-11-16,2023-04-10,2023-05-19,COLB,-13.817313810057907,-12.477972203327003,False,False
VAL,ST,VALARIS LIMITED COMMON SHARES,"Monday, April 10, 2023",Purchase,"$1,001 - $15,000",NEW, DANIEL GOLDMAN 12/9/2011 TRUST > APERIO GROUP LLC,,Daniel Goldman,2023-05-19,D, NY10,House,,2023-05-22,-12.7829956309565,New York,2023-11-16,2023-04-10,2023-05-19,VAL,-6.570141025902476,1.1463304000247643,False,True
OLPX,ST,"OLAPLEX HOLDINGS, INC.","Monday, April 10, 2023",Purchase,"$1,001 - $15,000",NEW, DANIEL GOLDMAN 12/9/2011 TRUST > APERIO GROUP LLC,,Daniel Goldman,2023-05-19,D, NY10,House,,2023-05-22,-79.6907829655731,New York,2023-11-16,2023-04-10,2023-05-19,OLPX,-15.357770488090217,-10.676453756664506,False,False
CTSH,ST,COGNIZANT TECHNOLOGY SOLUTIONS CORPORATION - CLASS A,"Monday, April 10, 2023",Purchase,"$15,001 - $50,000",NEW, DANIEL GOLDMAN GRANDCHILDREN 1986 TRUST > TACS R3K,,Daniel Goldman,2023-05-19,D, NY10,House,,2023-05-22,-1.61357666671727,New York,2023-11-16,2023-04-10,2023-05-19,CTSH,1.6784607052668044,1.7381811257564772,True,True
PLUG,ST,"PLUG POWER, INC.","Monday, April 10, 2023",Purchase,"$15,001 - $50,000",NEW, DANIEL GOLDMAN GRANDCHILDREN 1986 TRUST > TACS R3K,,Daniel Goldman,2023-05-19,D, NY10,House,,2023-05-22,-89.3061675809577,New York,2023-11-16,2023-04-10,2023-05-19,PLUG,-17.040462526366383,9.676109513158803,False,True
NTRA,ST,"NATERA, INC.","Monday, April 10, 2023",Sale,"$1,001 - $15,000",NEW, DANIEL GOLDMAN GRANDCHILDREN 1986 TRUST > TACS R3K,,Daniel Goldman,2023-05-19,D, NY10,House,,2023-05-22,49.0434685027954,New York,2023-11-16,2023-04-10,2023-05-19,NTRA,1.1994637022386678,13.45057052237868,True,True
AAPL,ST,APPLE INC.,"Monday, April 10, 2023",Purchase,"$15,001 - $50,000",NEW, DANIEL GOLDMAN GRANDCHILDREN 1986 TRUST > TACS R3K,,Daniel Goldman,2023-05-19,D, NY10,House,,2023-05-22,-18.3472639591213,New York,2023-11-16,2023-04-10,2023-05-19,AAPL,6.421654545820865,9.093298587531894,True,True
LOW,ST,"LOWE'S COMPANIES, INC.","Monday, April 10, 2023",Sale,"$1,001 - $15,000",NEW, MORGAN STANLEY - SELECT UMA ACCOUNT # 1,,Josh Gottheimer,2023-05-19,D, NJ05,House,,2023-05-20,-2.38334093318359,New Jersey,2023-11-16,2023-04-10,2023-05-19,LOW,-1.5781931072649025,-7.37508079959277,False,False
SPG,ST,"SIMON PROPERTY GROUP, INC.","Monday, April 10, 2023",Sale,"$15,001 - $50,000",NEW, DANIEL GOLDMAN GRANDCHILDREN 1986 TRUST > TACS R3K,,Daniel Goldman,2023-05-19,D, NY10,House,,2023-05-22,12.7310020766939,New York,2023-11-16,2023-04-10,2023-05-19,SPG,3.4599177670421755,-3.0850574216951143,True,False
KO,ST,COCA-COLA COMPANY,"Monday, April 10, 2023",Purchase,"$15,001 - $50,000",NEW, DANIEL GOLDMAN GRANDCHILDREN 1986 TRUST > TACS R3K,,Daniel Goldman,2023-05-19,D, NY10,House,,2023-05-22,-29.3654642421845,New York,2023-11-16,2023-04-10,2023-05-19,KO,0.597763386212824,-12.702677471314184,True,False
NOV,ST,NOV INC.,"Monday, April 10, 2023",Sale,"$1,001 - $15,000",NEW, DANIEL GOLDMAN 12/9/2011 TRUST > APERIO GROUP LLC,,Daniel Goldman,2023-05-19,D, NY10,House,,2023-05-22,-23.6835268628971,New York,2023-11-16,2023-04-10,2023-05-19,NOV,15.307180523905439,14.017721802034643,True,True
USB,ST,U.S. BANCORP,"Monday, April 10, 2023",Purchase,"$15,001 - $50,000",NEW,,,Daniel Goldman,2023-05-19,D, NY10,House,,2023-05-22,-6.71403702126182,New York,2023-11-16,2023-04-10,2023-05-19,USB,-17.992821862549,-12.562403032804237,False,False
GM,ST,GENERAL MOTORS COMPANY,"Monday, April 10, 2023",Sale,"$15,001 - $50,000",NEW, DANIEL GOLDMAN GRANDCHILDREN 1986 TRUST > TACS R3K,,Daniel Goldman,2023-05-19,D, NY10,House,,2023-05-22,-11.0011986903465,New York,2023-11-16,2023-04-10,2023-05-19,GM,8.111041258539808,-3.6321124844244324,True,False
GM,ST,GENERAL MOTORS COMPANY,"Monday, April 10, 2023",Sale,"$1,001 - $15,000",NEW, DANIEL GOLDMAN 12/9/2011 TRUST > APERIO GROUP LLC,,Daniel Goldman,2023-05-19,D, NY10,House,,2023-05-22,-11.0011986903465,New York,2023-11-16,2023-04-10,2023-05-19,GM,8.111041258539808,-3.6321124844244324,True,False
CB,ST,CHUBB LIMITED,"Monday, April 10, 2023",Purchase,"$15,001 - $50,000",NEW, DANIEL GOLDMAN GRANDCHILDREN 1986 TRUST > TACS R3K,,Daniel Goldman,2023-05-19,D, NY10,House,,2023-05-22,5.85710216974769,New York,2023-11-16,2023-04-10,2023-05-19,CB,1.570649771000765,-11.361473946877332,True,False
MS,ST,MORGAN STANLEY,"Monday, April 10, 2023",Sale,"$1,001 - $15,000",NEW, MORGAN STANLEY - SELECT UMA ACCOUNT # 1,,Josh Gottheimer,2023-05-19,D, NJ05,House,,2023-05-20,-19.668804943595,New Jersey,2023-11-16,2023-04-10,2023-05-19,MS,1.0276428136264837,8.025356125082507,True,True
W,ST,WAYFAIR INC. CLASS A,"Monday, April 10, 2023",Sale,"$1,001 - $15,000",NEW, DANIEL GOLDMAN 12/9/2011 TRUST > APERIO GROUP LLC,,Daniel Goldman,2023-05-19,D, NY10,House,,2023-05-22,47.2920505850571,New York,2023-11-16,2023-04-10,2023-05-19,W,-0.605121452491364,-77.6041714531608,False,False
MNST,ST,MONSTER BEVERAGE CORPORATION,"Monday, April 10, 2023",Sale,"$1,001 - $15,000",NEW, MORGAN STANLEY - SELECT UMA ACCOUNT # 1,,Josh Gottheimer,2023-05-19,D, NJ05,House,,2023-05-20,-9.41031128825324,New Jersey,2023-11-16,2023-04-10,2023-05-19,MNST,-12.218778528319962,-0.3871182434719289,False,False
CHX,ST,CHAMPIONX CORPORATION,"Monday, April 10, 2023",Purchase,"$1,001 - $15,000",NEW, DANIEL GOLDMAN 12/9/2011 TRUST > APERIO GROUP LLC,,Daniel Goldman,2023-05-19,D, NY10,House,,2023-05-22,-7.81166208645217,New York,2023-11-16,2023-04-10,2023-05-19,CHX,-4.5514535181756415,11.438927772680696,False,True
RGA,ST,"REINSURANCE GROUP OF AMERICA, INCORPORATED","Monday, April 10, 2023",Sale,"$1,001 - $15,000",NEW, DANIEL GOLDMAN 12/9/2011 TRUST > APERIO GROUP LLC,,Daniel Goldman,2023-05-19,D, NY10,House,,2023-05-22,12.2699184471603,New York,2023-11-16,2023-04-10,2023-05-19,RGA,-8.432939170348908,1.9220730588775936,False,True
GTLS,ST,"CHART INDUSTRIES, INC.","Monday, April 10, 2023",Purchase,"$1,001 - $15,000",NEW, DANIEL GOLDMAN 12/9/2011 TRUST > APERIO GROUP LLC,,Daniel Goldman,2023-05-19,D, NY10,House,,2023-05-22,3.11583349488956,New York,2023-11-16,2023-04-10,2023-05-19,GTLS,7.60764536936116,38.260017771286,True,True
HRL,ST,HORMEL FOODS CORPORATION,"Monday, April 10, 2023",Sale,"$15,001 - $50,000",NEW, DANIEL GOLDMAN GRANDCHILDREN 1986 TRUST > TACS R3K,,Daniel Goldman,2023-05-19,D, NY10,House,,2023-05-22,-39.9999479428136,New York,2023-11-16,2023-04-10,2023-05-19,HRL,0.9180805751231036,10.145481364685583,True,True
X,ST,UNITED STATES STEEL CORPORATION,"Monday, April 10, 2023",Sale,"$1,001 - $15,000",NEW, DANIEL GOLDMAN 12/9/2011 TRUST > APERIO GROUP LLC,,Daniel Goldman,2023-05-19,D, NY10,House,,2023-05-22,27.9493247630477,New York,2023-11-16,2023-04-10,2023-05-19,X,16.665984630430774,11.95308757599831,True,True
AIG,ST,"AMERICAN INTERNATIONAL GROUP, INC. NEW","Monday, April 10, 2023",Sale,"$15,001 - $50,000",NEW, DANIEL GOLDMAN GRANDCHILDREN 1986 TRUST > TACS R3K,,Daniel Goldman,2023-05-19,D, NY10,House,,2023-05-22,24.3440664542304,New York,2023-11-16,2023-04-10,2023-05-19,AIG,-2.240535441145708,-6.326182981970319,False,False
OGS,ST,"ONE GAS, INC.","Monday, April 10, 2023",Purchase,"$1,001 - $15,000",NEW, DANIEL GOLDMAN GRANDCHILDREN 1986 TRUST > TACS R3K,,Daniel Goldman,2023-05-19,D, NY10,House,,2023-05-22,-50.5966852393999,New York,2023-11-16,2023-04-10,2023-05-19,OGS,-2.0005540722005,-16.2370485531273,False,False
SYY,ST,SYSCO CORPORATION,"Monday, April 10, 2023",Sale,"$1,001 - $15,000",NEW,,,Daniel Goldman,2023-05-19,D, NY10,House,,2023-05-22,-20.7523481536985,New York,2023-11-16,2023-04-10,2023-05-19,SYY,6.253440705380376,11.995153339830544,True,True
ENPH,ST,"ENPHASE ENERGY, INC.","Monday, April 10, 2023",Sale,"$1,001 - $15,000",NEW, DANIEL GOLDMAN GRANDCHILDREN 1986 TRUST > TACS R3K,,Daniel Goldman,2023-05-19,D, NY10,House,,2023-05-22,-69.8626616486877,New York,2023-11-16,2023-04-10,2023-05-19,ENPH,18.253046555044563,17.69411692302375,True,True
UAL,ST,"UNITED AIRLINES HOLDINGS, INC.","Monday, April 10, 2023",Purchase,"$1,001 - $15,000",NEW, DANIEL GOLDMAN 12/9/2011 TRUST > APERIO GROUP LLC,,Daniel Goldman,2023-05-19,D, NY10,House,,2023-05-22,-23.7469904955807,New York,2023-11-16,2023-04-10,2023-05-19,UAL,4.8470740200248,23.29407601298026,True,True
TSLA,ST,"TESLA, INC.","Monday, April 10, 2023",Purchase,"$15,001 - $50,000",NEW, DANIEL GOLDMAN GRANDCHILDREN 1986 TRUST > TACS R3K,,Daniel Goldman,2023-05-19,D, NY10,House,,2023-05-22,-36.2320690330366,New York,2023-11-16,2023-04-10,2023-05-19,TSLA,-9.349669285988627,38.81108558433986,False,True
TEAM,ST,ATLASSIAN CORPORATION - CLASS A,"Monday, April 10, 2023",Purchase,"$1,001 - $15,000",NEW, DANIEL GOLDMAN GRANDCHILDREN 1986 TRUST > TACS R3K,,Daniel Goldman,2023-05-19,D, NY10,House,,2023-05-22,-2.53851477064187,New York,2023-11-16,2023-04-10,2023-05-19,TEAM,-14.223130621228297,1.8570673977073682,False,True
SBAC,ST,SBA COMMUNICATIONS CORPORATION - CLASS A,"Monday, April 10, 2023",Purchase,"$15,001 - $50,000",NEW, DANIEL GOLDMAN GRANDCHILDREN 1986 TRUST > TACS R3K,,Daniel Goldman,2023-05-19,D, NY10,House,,2023-05-22,-42.5571183189184,New York,2023-11-16,2023-04-10,2023-05-19,SBAC,-10.127331527921868,-16.446087622525106,False,False
KR,ST,KROGER COMPANY,"Monday, April 10, 2023",Purchase,"$1,001 - $15,000",NEW, DANIEL GOLDMAN GRANDCHILDREN 1986 TRUST > TACS R3K,,Daniel Goldman,2023-05-19,D, NY10,House,,2023-05-22,-10.2409638685147,New York,2023-11-16,2023-04-10,2023-05-19,KR,-0.24441850172987056,-11.441952380144338,False,False
CADE,ST,CADENCE BANK,"Monday, April 10, 2023",Purchase,"$1,001 - $15,000",NEW, DANIEL GOLDMAN GRANDCHILDREN 1986 TRUST > TACS R3K,,Daniel Goldman,2023-05-19,D, NY10,House,,2023-05-22,4.11071000973968,New York,2023-11-16,2023-04-10,2023-05-19,CADE,-13.426786678484525,-12.556654059172633,False,False
SRPT,ST,"SAREPTA THERAPEUTICS, INC.","Monday, April 10, 2023",Sale,"$15,001 - $50,000",NEW, DANIEL GOLDMAN GRANDCHILDREN 1986 TRUST > TACS R3K,,Daniel Goldman,2023-05-19,D, NY10,House,,2023-05-22,-37.2281540572254,New York,2023-11-16,2023-04-10,2023-05-19,SRPT,14.30736662167621,29.308510472595582,True,True
ABBV,ST,ABBVIE INC.,"Monday, April 10, 2023",Sale,"$15,001 - $50,000",NEW, DANIEL GOLDMAN GRANDCHILDREN 1986 TRUST > TACS R3K,,Daniel Goldman,2023-05-19,D, NY10,House,,2023-05-22,-14.590431927722,New York,2023-11-16,2023-04-10,2023-05-19,ABBV,9.908101064230767,23.921931285418317,True,True
SWX,ST,"SOUTHWEST GAS HOLDINGS, INC. COMMON STOCK","Monday, April 10, 2023",Sale,"$1,001 - $15,000",NEW, DANIEL GOLDMAN 12/9/2011 TRUST > APERIO GROUP LLC,,Daniel Goldman,2023-05-19,D, NY10,House,,2023-05-22,-7.69971334917362,New York,2023-11-16,2023-04-10,2023-05-19,SWX,6.334149659382127,2.050514058595443,True,True
HAL,ST,HALLIBURTON COMPANY,"Monday, April 10, 2023",Purchase,"$1,001 - $15,000",NEW, DANIEL GOLDMAN 12/9/2011 TRUST > APERIO GROUP LLC,,Daniel Goldman,2023-05-19,D, NY10,House,,2023-05-22,-10.8607274061431,New York,2023-11-16,2023-04-10,2023-05-19,HAL,-11.362188450487942,1.483124913790479,False,True
MOS,ST,MOSAIC COMPANY,"Monday, April 10, 2023",Purchase,"$1,001 - $15,000",NEW, DANIEL GOLDMAN GRANDCHILDREN 1986 TRUST > TACS R3K,,Daniel Goldman,2023-05-19,D, NY10,House,,2023-05-22,-53.4068047527371,New York,2023-11-16,2023-04-10,2023-05-19,MOS,-18.529978599394635,-27.55155359777669,False,False
TAP,ST,MOLSON COORS BEVERAGE COMPANY CLASS B,"Monday, April 10, 2023",Sale,"$1,001 - $15,000",NEW, DANIEL GOLDMAN 12/9/2011 TRUST > APERIO GROUP LLC,,Daniel Goldman,2023-05-19,D, NY10,House,,2023-05-22,2.05952458200637,New York,2023-11-16,2023-04-10,2023-05-19,TAP,-20.547458758687643,-15.98149013957002,False,False
UNM,ST,UNUM GROUP,"Monday, April 10, 2023",Sale,"$1,001 - $15,000",NEW, DANIEL GOLDMAN 12/9/2011 TRUST > APERIO GROUP LLC,,Daniel Goldman,2023-05-19,D, NY10,House,,2023-05-22,7.71232918944751,New York,2023-11-16,2023-04-10,2023-05-19,UNM,-11.621211322335846,-15.869591353357526,False,False
SBRA,ST,"SABRA HEALTH CARE REIT, INC.","Monday, April 10, 2023",Sale,"$1,001 - $15,000",NEW, DANIEL GOLDMAN 12/9/2011 TRUST > APERIO GROUP LLC,,Daniel Goldman,2023-05-19,D, NY10,House,,2023-05-22,-2.54542832021841,New York,2023-11-16,2023-04-10,2023-05-19,SBRA,1.213795077458013,3.7612900572635777,True,True
SHLS,ST,"SHOALS TECHNOLOGIES GROUP, INC. - CLASS A","Monday, April 10, 2023",Sale,"$1,001 - $15,000",NEW, DANIEL GOLDMAN GRANDCHILDREN 1986 TRUST > TACS R3K,,Daniel Goldman,2023-05-19,D, NY10,House,,2023-05-22,-69.5873547569179,New York,2023-11-16,2023-04-10,2023-05-19,SHLS,-6.50422062663798,-1.4922295760215976,False,False
BMY,ST,BRISTOL-MYERS SQUIBB COMPANY,"Monday, April 10, 2023",Purchase,"$50,001 - $100,000",NEW, DANIEL GOLDMAN GRANDCHILDREN 1986 TRUST > TACS R3K,,Daniel Goldman,2023-05-19,D, NY10,House,,2023-05-22,-50.4095562241869,New York,2023-11-16,2023-04-10,2023-05-19,BMY,-3.241267317429941,-18.409534624217173,False,False
CAT,ST,"CATERPILLAR, INC.","Monday, April 10, 2023",Sale,"$15,001 - $50,000",NEW, DANIEL GOLDMAN GRANDCHILDREN 1986 TRUST > TACS R3K,,Daniel Goldman,2023-05-19,D, NY10,House,,2023-05-22,36.1014590567762,New York,2023-11-16,2023-04-10,2023-05-19,CAT,1.7892864003686504,-8.129933186212778,True,False
TEX,ST,TEREX CORPORATION,"Monday, April 10, 2023",Purchase,"$1,001 - $15,000",NEW, DANIEL GOLDMAN 12/9/2011 TRUST > APERIO GROUP LLC,,Daniel Goldman,2023-05-19,D, NY10,House,,2023-05-22,12.9698848380352,New York,2023-11-16,2023-04-10,2023-05-19,TEX,10.554230178421964,30.3552143049739,True,True
QS,ST,QUANTUMSCAPE CORPORATION CLASS A,"Monday, April 10, 2023",Purchase,"$1,001 - $15,000",NEW, DANIEL GOLDMAN 12/9/2011 TRUST > APERIO GROUP LLC,,Daniel Goldman,2023-05-19,D, NY10,House,,2023-05-22,-48.4045960342248,New York,2023-11-16,2023-04-10,2023-05-19,QS,-17.898614696467718,20.78032104790526,False,True
SLG,ST,SL GREEN REALTY CORP,"Monday, April 10, 2023",Sale,"$1,001 - $15,000",NEW, DANIEL GOLDMAN 12/9/2011 TRUST > APERIO GROUP LLC,,Daniel Goldman,2023-05-19,D, NY10,House,,2023-05-22,86.4092556407391,New York,2023-11-16,2023-04-10,2023-05-19,SLG,10.941072868160973,-24.767556485529063,True,False
PFE,ST,"PFIZER, INC.","Monday, April 10, 2023",Sale,"$1,001 - $15,000",NEW, DANIEL GOLDMAN GRANDCHILDREN 1986 TRUST > TACS R3K,,Daniel Goldman,2023-05-19,D, NY10,House,,2023-05-22,-57.9288610868287,New York,2023-11-16,2023-04-10,2023-05-19,PFE,8.913818105334059,21.80903365417516,True,True
CFG,ST,"CITIZENS FINANCIAL GROUP, INC.","Monday, April 10, 2023",Purchase,"$15,001 - $50,000",NEW, DANIEL GOLDMAN GRANDCHILDREN 1986 TRUST > TACS R3K,,Daniel Goldman,2023-05-19,D, NY10,House,,2023-05-22,-10.5437256869009,New York,2023-11-16,2023-04-10,2023-05-19,CFG,-13.975298217246202,-16.153680870649424,False,False
ACN,ST,ACCENTURE PLC CLASS A ORDINARY SHARES,"Monday, April 10, 2023",Purchase,"$50,001 - $100,000",NEW, DANIEL GOLDMAN GRANDCHILDREN 1986 TRUST > TACS R3K,,Daniel Goldman,2023-05-19,D, NY10,House,,2023-05-22,8.10469690247143,New York,2023-11-16,2023-04-10,2023-05-19,ACN,-5.2349167130864345,2.19262708655521,False,True
AMZN,ST,"AMAZON.COM, INC.","Monday, April 10, 2023",Purchase,"$15,001 - $50,000",NEW, DANIEL GOLDMAN GRANDCHILDREN 1986 TRUST > TACS R3K,,Daniel Goldman,2023-05-19,D, NY10,House,,2023-05-22,45.8323835517698,New York,2023-11-16,2023-04-10,2023-05-19,AMZN,7.1553557163788195,17.11879909674543,True,True
APTV,ST,APTIV PLC ORDINARY SHARES,"Monday, April 10, 2023",Sale,"$15,001 - $50,000",NEW, DANIEL GOLDMAN GRANDCHILDREN 1986 TRUST > TACS R3K,,Daniel Goldman,2023-05-19,D, NY10,House,,2023-05-22,-50.855871949811,New York,2023-11-16,2023-04-10,2023-05-19,APTV,9.73206539656818,3.180340638992507,True,True
NVDA,ST,NVIDIA CORPORATION,"Monday, April 10, 2023",Purchase,"$1,001 - $15,000",NEW, DANIEL GOLDMAN 12/9/2011 TRUST > APERIO GROUP LLC,,Daniel Goldman,2023-05-19,D, NY10,House,,2023-05-22,193.607427489985,New York,2023-11-16,2023-04-10,2023-05-19,NVDA,4.0411752460438155,45.63138247271921,True,True
JBGS,ST,JBG SMITH PROPERTIES COMMON SHARES,"Monday, April 10, 2023",Sale,"$1,001 - $15,000",NEW, DANIEL GOLDMAN GRANDCHILDREN 1986 TRUST > TACS R3K,,Daniel Goldman,2023-05-19,D, NY10,House,,2023-05-22,-13.7274460353023,New York,2023-11-16,2023-04-10,2023-05-19,JBGS,-0.3076905084036241,3.303060089090404,False,True
MOS,ST,MOSAIC COMPANY,"Monday, April 10, 2023",Sale,"$1,001 - $15,000",NEW, DANIEL GOLDMAN 12/9/2011 TRUST > APERIO GROUP LLC,,Daniel Goldman,2023-05-19,D, NY10,House,,2023-05-22,-53.4068047527371,New York,2023-11-16,2023-04-10,2023-05-19,MOS,18.529978599394635,27.55155359777669,True,True
AFRM,ST,"AFFIRM HOLDINGS, INC. - CLASS A","Monday, April 10, 2023",Purchase,"$1,001 - $15,000",NEW, DANIEL GOLDMAN 12/9/2011 TRUST > APERIO GROUP LLC,,Daniel Goldman,2023-05-19,D, NY10,House,,2023-05-22,177.992021651194,New York,2023-11-16,2023-04-10,2023-05-19,AFRM,9.368581016560862,25.483173783464498,True,True
VTRS,ST,VIATRIS INC.,"Monday, April 10, 2023",Sale,"$1,001 - $15,000",NEW, DANIEL GOLDMAN GRANDCHILDREN 1986 TRUST > TACS R3K,,Daniel Goldman,2023-05-19,D, NY10,House,,2023-05-22,-3.66481654620562,New York,2023-11-16,2023-04-10,2023-05-19,VTRS,3.333907063588082,6.49889029221451,True,True
MSFT,ST,MICROSOFT CORPORATION,"Monday, April 10, 2023",Sale,"$15,001 - $50,000",NEW,,,Michael C. Burgess,2023-04-14,R, TX26,House,,2023-04-17,19.0126901223812,Texas,2023-11-16,2023-04-10,2023-04-14,MSFT,-7.225790573101065,-7.354247851324702,False,False
BILL,ST,"BILL HOLDINGS, INC.","Monday, April 10, 2023",Purchase,"$15,001 - $50,000",NEW, DANIEL GOLDMAN GRANDCHILDREN 1986 TRUST > TACS R3K,,Daniel Goldman,2023-05-19,D, NY10,House,,2023-05-22,-38.4988041800614,New York,2023-11-16,2023-04-10,2023-05-19,BILL,31.788327197886513,51.12025526700555,True,True
FCNCA,ST,"FIRST CITIZENS BANCSHARES, INC. - CLASS A","Monday, April 10, 2023",Purchase,"$15,001 - $50,000",NEW, DANIEL GOLDMAN GRANDCHILDREN 1986 TRUST > TACS R3K,,Daniel Goldman,2023-05-19,D, NY10,House,,2023-05-22,30.3804115006533,New York,2023-11-16,2023-04-10,2023-05-19,FCNCA,17.582283180265712,22.1003398539972,True,True
CNC,ST,CENTENE CORPORATION,"Monday, April 10, 2023",Purchase,"$15,001 - $50,000",NEW, DANIEL GOLDMAN GRANDCHILDREN 1986 TRUST > TACS R3K,,Daniel Goldman,2023-05-19,D, NY10,House,,2023-05-22,-11.0863475939483,New York,2023-11-16,2023-04-10,2023-05-19,CNC,0.11992446759288011,-5.818313077251336,True,False
ET,ST,ENERGY TRANSFER LP COMMON UNITS,"Monday, April 10, 2023",Sale,"$50,001 - $100,000",NEW, EQUITABLE RETIREMENT ACCOUNT,,Mark Dr Green,2023-04-16,R, TN07,House,,2023-04-17,-2.26118817986316,Tennessee,2023-11-16,2023-04-10,2023-04-16,ET,1.1739305859407079,4.673183197196162,True,True
VNO,ST,VORNADO REALTY TRUST,"Monday, April 10, 2023",Purchase,"$1,001 - $15,000",NEW, DANIEL GOLDMAN 12/9/2011 TRUST > APERIO GROUP LLC,,Daniel Goldman,2023-05-19,D, NY10,House,,2023-05-22,41.2617234321388,New York,2023-11-16,2023-04-10,2023-05-19,VNO,-12.305529079824584,12.845484641344228,False,True
MKTX,ST,"MARKETAXESS HOLDINGS, INC.","Monday, April 10, 2023",Purchase,"$1,001 - $15,000",NEW, DANIEL GOLDMAN GRANDCHILDREN 1986 TRUST > TACS R3K,,Daniel Goldman,2023-05-19,D, NY10,House,,2023-05-22,-59.8101088288667,New York,2023-11-16,2023-04-10,2023-05-19,MKTX,-10.977307143222637,-33.67389976400994,False,False
BX,ST,BLACKSTONE INC.,"Monday, April 10, 2023",Purchase,"$15,001 - $50,000",NEW, MORGAN STANLEY SMITH BARNEY LLC BROKERAGE ACCOUNT,,Debbie Dingell,2023-04-19,D, MI06,House,,2023-04-20,28.2851897686421,Michigan,2023-11-16,2023-04-10,2023-04-19,BX,0.5190798467312296,7.1269801533997645,True,True
KHC,ST,THE KRAFT HEINZ COMPANY,"Monday, April 10, 2023",Purchase,"$1,001 - $15,000",NEW, DANIEL GOLDMAN GRANDCHILDREN 1986 TRUST > TACS R3K,,Daniel Goldman,2023-05-19,D, NY10,House,,2023-05-22,-36.980277358648,New York,2023-11-16,2023-04-10,2023-05-19,KHC,3.346614623302968,-16.773980392625443,True,False
MTB,ST,M&T BANK CORPORATION,"Monday, April 10, 2023",Purchase,"$1,001 - $15,000",NEW, DANIEL GOLDMAN GRANDCHILDREN 1986 TRUST > TACS R3K,,Daniel Goldman,2023-05-19,D, NY10,House,,2023-05-22,-5.23217537478156,New York,2023-11-16,2023-04-10,2023-05-19,MTB,-2.8995015722405815,2.9230738644493437,False,True
CSGP,ST,"COSTAR GROUP, INC.","Monday, April 10, 2023",Purchase,"$15,001 - $50,000",NEW, DANIEL GOLDMAN GRANDCHILDREN 1986 TRUST > TACS R3K,,Daniel Goldman,2023-05-19,D, NY10,House,,2023-05-22,13.4197282900995,New York,2023-11-16,2023-04-10,2023-05-19,CSGP,8.939512494007108,20.7331055369089,True,True
FITB,ST,FIFTH THIRD BANCORP,"Monday, April 10, 2023",Sale,"$1,001 - $15,000",NEW, DANIEL GOLDMAN GRANDCHILDREN 1986 TRUST > TACS R3K,,Daniel Goldman,2023-05-19,D, NY10,House,,2023-05-22,9.16027183736461,New York,2023-11-16,2023-04-10,2023-05-19,FITB,8.491956703840565,5.865658961691889,True,True
ZTS,ST,ZOETIS INC. CLASS A,"Monday, April 10, 2023",Sale,"$1,001 - $15,000",NEW, DANIEL GOLDMAN GRANDCHILDREN 1986 TRUST > TACS R3K,,Daniel Goldman,2023-05-19,D, NY10,House,,2023-05-22,-23.8881822479785,New York,2023-11-16,2023-04-10,2023-05-19,ZTS,-7.657070046323344,7.69147482289414,False,True
MRK,ST,"MERCK & COMPANY, INC. COMMON STOCK","Monday, April 10, 2023",Purchase,"$1,001 - $15,000",NEW, DANIEL GOLDMAN GRANDCHILDREN 1986 TRUST > TACS R3K,,Daniel Goldman,2023-05-19,D, NY10,House,,2023-05-22,-16.9708270933661,New York,2023-11-16,2023-04-10,2023-05-19,MRK,4.00331883902707,-9.66432816508307,True,False
MSFT,ST,MICROSOFT CORPORATION,"Monday, April 10, 2023",Purchase,"$1,001 - $15,000",NEW, MORGAN STANLEY - SELECT UMA ACCOUNT # 1,,Josh Gottheimer,2023-05-19,D, NJ05,House,,2023-05-20,19.0126901223812,New Jersey,2023-11-16,2023-04-10,2023-05-19,MSFT,7.225790573101065,7.354247851324702,True,True
FLO,ST,"FLOWERS FOODS, INC.","Monday, April 10, 2023",Sale,"$15,001 - $50,000",NEW, DANIEL GOLDMAN GRANDCHILDREN 1986 TRUST > TACS R3K,,Daniel Goldman,2023-05-19,D, NY10,House,,2023-05-22,-41.3965147108414,New York,2023-11-16,2023-04-10,2023-05-19,FLO,-4.969532310072977,18.234210007265162,False,True
ROKU,ST,"ROKU, INC. - CLASS A","Monday, April 10, 2023",Purchase,"$15,001 - $50,000",NEW, DANIEL GOLDMAN GRANDCHILDREN 1986 TRUST > TACS R3K,,Daniel Goldman,2023-05-19,D, NY10,House,,2023-05-22,-25.3961503593733,New York,2023-11-16,2023-04-10,2023-05-19,ROKU,-13.738464275327134,-1.7917888495187384,False,False
OPEN,ST,OPENDOOR TECHNOLOGIES INC,"Monday, April 10, 2023",Purchase,"$1,001 - $15,000",NEW, DANIEL GOLDMAN 12/9/2011 TRUST > APERIO GROUP LLC,,Daniel Goldman,2023-05-19,D, NY10,House,,2023-05-22,34.0454807706907,New York,2023-11-16,2023-04-10,2023-05-19,OPEN,24.305687292541034,135.54607367087695,True,True
FOXF,ST,FOX FACTORY HOLDING CORP.,"Monday, April 10, 2023",Purchase,"$1,001 - $15,000",NEW, MORGAN STANLEY - SELECT UMA ACCOUNT # 1,,Josh Gottheimer,2023-05-19,D, NJ05,House,,2023-05-20,-83.1741001918734,New Jersey,2023-11-16,2023-04-10,2023-05-19,FOXF,-15.806140396732316,-12.389932075080834,False,False
JCI,ST,JOHNSON CONTROLS INTERNATIONAL PLC ORDINARY SHARE,"Monday, April 10, 2023",Sale,"$15,001 - $50,000",NEW,,,Daniel Goldman,2023-05-19,D, NY10,House,,2023-05-22,-12.7645668821533,New York,2023-11-16,2023-04-10,2023-05-19,JCI,-9.845076153752274,-13.41284576183439,False,False
FIS,ST,"FIDELITY NATIONAL INFORMATION SERVICES, INC.","Monday, April 10, 2023",Purchase,"$15,001 - $50,000",NEW, DANIEL GOLDMAN GRANDCHILDREN 1986 TRUST > TACS R3K,,Daniel Goldman,2023-05-19,D, NY10,House,,2023-05-22,1.50198888134033,New York,2023-11-16,2023-04-10,2023-05-19,FIS,0.1285100104259307,-0.5456656523546322,True,False
TSLA,ST,"TESLA, INC.","Monday, April 10, 2023",Purchase,"$1,001 - $15,000",NEW, DANIEL GOLDMAN 12/9/2011 TRUST > APERIO GROUP LLC,,Daniel Goldman,2023-05-19,D, NY10,House,,2023-05-22,-36.2320690330366,New York,2023-11-16,2023-04-10,2023-05-19,TSLA,-9.349669285988627,38.81108558433986,False,True
CLF,ST,CLEVELAND-CLIFFS INC.,"Monday, April 10, 2023",Purchase,"$1,001 - $15,000",NEW, DANIEL GOLDMAN 12/9/2011 TRUST > APERIO GROUP LLC,,Daniel Goldman,2023-05-19,D, NY10,House,,2023-05-22,-14.6767325987619,New York,2023-11-16,2023-04-10,2023-05-19,CLF,-17.816455920939468,-15.621165622510446,False,False
PODD,ST,INSULET CORPORATION,"Monday, April 10, 2023",Purchase,"$1,001 - $15,000",NEW, DANIEL GOLDMAN GRANDCHILDREN 1986 TRUST > TACS R3K,,Daniel Goldman,2023-05-19,D, NY10,House,,2023-05-22,-72.2157465704935,New York,2023-11-16,2023-04-10,2023-05-19,PODD,1.8237864682600247,-16.643605377100112,True,False
TFC,ST,TRUIST FINANCIAL CORPORATION,"Monday, April 10, 2023",Purchase,"$15,001 - $50,000",NEW, DANIEL GOLDMAN GRANDCHILDREN 1986 TRUST > TACS R3K,,Daniel Goldman,2023-05-19,D, NY10,House,,2023-05-22,-19.7881253277632,New York,2023-11-16,2023-04-10,2023-05-19,TFC,-16.582157907675168,-10.26554794735064,False,False
WBS,ST,WEBSTER FINANCIAL CORPORATION,"Monday, April 10, 2023",Purchase,"$15,001 - $50,000",NEW, DANIEL GOLDMAN GRANDCHILDREN 1986 TRUST > TACS R3K,,Daniel Goldman,2023-05-19,D, NY10,House,,2023-05-22,3.74572562492589,New York,2023-11-16,2023-04-10,2023-05-19,WBS,-13.361690480665523,-1.7941965849172403,False,False
LNC,ST,LINCOLN NATIONAL CORPORATION,"Monday, April 10, 2023",Sale,"$1,001 - $15,000",NEW, DANIEL GOLDMAN 12/9/2011 TRUST > APERIO GROUP LLC,,Daniel Goldman,2023-05-19,D, NY10,House,,2023-05-22,4.42478523710733,New York,2023-11-16,2023-04-10,2023-05-19,LNC,4.512932008811443,-16.459807776875945,True,False
EWBC,ST,"EAST WEST BANCORP, INC.","Monday, April 10, 2023",Sale,"$15,001 - $50,000",NEW, DANIEL GOLDMAN GRANDCHILDREN 1986 TRUST > TACS R3K,,Daniel Goldman,2023-05-19,D, NY10,House,,2023-05-22,16.0651852041882,New York,2023-11-16,2023-04-10,2023-05-19,EWBC,17.5421399733084,3.86279611873368,True,True
LUMN,ST,"LUMEN TECHNOLOGIES, INC.","Monday, April 10, 2023",Purchase,"$1,001 - $15,000",NEW, DANIEL GOLDMAN 12/9/2011 TRUST > APERIO GROUP LLC,,Daniel Goldman,2023-05-19,D, NY10,House,,2023-05-22,-60.8014580048195,New York,2023-11-16,2023-04-10,2023-05-19,LUMN,-4.367786477847524,-23.22944354624599,False,False
MPW,ST,"MEDICAL PROPERTIES TRUST, INC. COMMON STOCK","Monday, April 10, 2023",Purchase,"$1,001 - $15,000",NEW, DANIEL GOLDMAN 12/9/2011 TRUST > APERIO GROUP LLC,,Daniel Goldman,2023-05-19,D, NY10,House,,2023-05-22,-72.3143929278927,New York,2023-11-16,2023-04-10,2023-05-19,MPW,0.022539967768064884,4.6363592383049435,True,True
MDLZ,ST,"MONDELEZ INTERNATIONAL, INC. - CLASS A","Monday, April 10, 2023",Purchase,"$50,001 - $100,000",NEW, DANIEL GOLDMAN GRANDCHILDREN 1986 TRUST > TACS R3K,,Daniel Goldman,2023-05-19,D, NY10,House,,2023-05-22,-24.5711666539108,New York,2023-11-16,2023-04-10,2023-05-19,MDLZ,9.740965881653052,-5.085069502241879,True,False
COF,ST,CAPITAL ONE FINANCIAL CORPORATION,"Monday, April 10, 2023",Sale,"$1,001 - $15,000",NEW, DANIEL GOLDMAN GRANDCHILDREN 1986 TRUST > TACS R3K,,Daniel Goldman,2023-05-19,D, NY10,House,,2023-05-22,17.4714567061184,New York,2023-11-16,2023-04-10,2023-05-19,COF,9.284943363998089,-7.633262518651196,True,False
DLTR,ST,"DOLLAR TREE, INC.","Monday, April 10, 2023",Purchase,"$15,001 - $50,000",NEW, DANIEL GOLDMAN GRANDCHILDREN 1986 TRUST > TACS R3K,,Daniel Goldman,2023-05-19,D, NY10,House,,2023-05-22,-41.5639250265462,New York,2023-11-16,2023-04-10,2023-05-19,DLTR,0.08382448687633826,-12.56184000595959,True,False
KR,Stock Option,Kroger Company (The) Common Stock,"Monday, April 10, 2023",Sale (Partial),"$1,001 - $15,000",New,,Option Type: Put Strike price: $48.00  Expires: 10/20/2023,"Tuberville, Tommy",2023-05-11,R,,Senate,,2023-05-12,-10.2409638685147,Alabama,2023-08-28,2023-04-10,2023-05-11,KR,0.24441850172987056,11.441952380144338,True,True
BAC,ST,BANK OF AMERICA CORPORATION,"Monday, April 10, 2023",Sale,"$15,001 - $50,000",NEW, DANIEL GOLDMAN GRANDCHILDREN 1986 TRUST > TACS R3K,,Daniel Goldman,2023-05-19,D, NY10,House,,2023-05-22,1.85277190475345,New York,2023-11-16,2023-04-10,2023-05-19,BAC,2.9133546965119606,4.734124125701178,True,True
DG,ST,DOLLAR GENERAL CORPORATION,"Monday, April 10, 2023",Purchase,"$50,001 - $100,000",NEW, DANIEL GOLDMAN GRANDCHILDREN 1986 TRUST > TACS R3K,,Daniel Goldman,2023-05-19,D, NY10,House,,2023-05-22,-54.7825185966148,New York,2023-11-16,2023-04-10,2023-05-19,DG,-0.03920934422756428,-29.34926664707668,False,False
UAL,ST,"UNITED AIRLINES HOLDINGS, INC.","Monday, April 10, 2023",Sale,"$1,001 - $15,000",NEW, DANIEL GOLDMAN GRANDCHILDREN 1986 TRUST > TACS R3K,,Daniel Goldman,2023-05-19,D, NY10,House,,2023-05-22,-23.7469904955807,New York,2023-11-16,2023-04-10,2023-05-19,UAL,-4.8470740200248,-23.29407601298026,False,False
VCYT,ST,"VERACYTE, INC.","Monday, April 10, 2023",Sale,"$1,001 - $15,000",NEW, DANIEL GOLDMAN GRANDCHILDREN 1986 TRUST > TACS R3K,,Daniel Goldman,2023-05-19,D, NY10,House,,2023-05-22,-25.822057794031,New York,2023-11-16,2023-04-10,2023-05-19,VCYT,-10.338555102375313,-11.045735225560671,False,False
MRNA,ST,"MODERNA, INC.","Monday, April 10, 2023",Purchase,"$50,001 - $100,000",NEW, DANIEL GOLDMAN GRANDCHILDREN 1986 TRUST > TACS R3K,,Daniel Goldman,2023-05-19,D, NY10,House,,2023-05-22,-60.037633274178,New York,2023-11-16,2023-04-10,2023-05-19,MRNA,-19.002143080155598,-30.451877079642998,False,False
MSFT,ST,MICROSOFT CORPORATION,"Monday, April 10, 2023",Purchase,"$15,001 - $50,000",NEW, DANIEL GOLDMAN GRANDCHILDREN 1986 TRUST > TACS R3K,,Daniel Goldman,2023-05-19,D, NY10,House,,2023-05-22,19.0126901223812,New York,2023-11-16,2023-04-10,2023-05-19,MSFT,7.225790573101065,7.354247851324702,True,True
MO,ST,"ALTRIA GROUP, INC.","Monday, April 10, 2023",Sale,"$1,001 - $15,000",NEW, DANIEL GOLDMAN GRANDCHILDREN 1986 TRUST > TACS R3K,,Daniel Goldman,2023-05-19,D, NY10,House,,2023-05-22,-26.2988209949594,New York,2023-11-16,2023-04-10,2023-05-19,MO,-2.541641036621378,6.299834557792439,False,True
CVS,ST,CVS HEALTH CORPORATION,"Monday, April 10, 2023",Sale,"$50,001 - $100,000",NEW, DANIEL GOLDMAN GRANDCHILDREN 1986 TRUST > TACS R3K,,Daniel Goldman,2023-05-19,D, NY10,House,,2023-05-22,-23.0945583064867,New York,2023-11-16,2023-04-10,2023-05-19,CVS,9.018879259183155,16.095922601790736,True,True
DE,ST,DEERE & COMPANY,"Monday, April 10, 2023",Sale,"$1,001 - $15,000",NEW, DANIEL GOLDMAN GRANDCHILDREN 1986 TRUST > TACS R3K,,Daniel Goldman,2023-05-19,D, NY10,House,,2023-05-22,-23.277069403276,New York,2023-11-16,2023-04-10,2023-05-19,DE,-0.11665776366813763,-0.5759261095927393,False,False
NFG,ST,NATIONAL FUEL GAS COMPANY,"Monday, April 10, 2023",Purchase,"$1,001 - $15,000",NEW, DANIEL GOLDMAN 12/9/2011 TRUST > APERIO GROUP LLC,,Daniel Goldman,2023-05-19,D, NY10,House,,2023-05-22,-35.6600765782701,New York,2023-11-16,2023-04-10,2023-05-19,NFG,-7.994844633076658,-20.57371331078088,False,False
ANET,ST,"ARISTA NETWORKS, INC.","Monday, April 10, 2023",Purchase,"$1,001 - $15,000",NEW, DANIEL GOLDMAN GRANDCHILDREN 1986 TRUST > TACS R3K,,Daniel Goldman,2023-05-19,D, NY10,House,,2023-05-22,45.367629626555,New York,2023-11-16,2023-04-10,2023-05-19,ANET,-14.113055943280218,-9.505642032933203,False,False
HPQ,Stock Option,HP Inc. Common Stock,"Monday, April 10, 2023",Sale (Partial),"$1,001 - $15,000",New,,Option Type: Put Strike price: $29.00  Expires: 11/17/2023,"Tuberville, Tommy",2023-05-11,R,,Senate,,2023-05-12,-22.5966078065021,Alabama,2023-08-28,2023-04-10,2023-05-11,HPQ,0.29081113473194975,1.258613726101565,True,True
TFX,ST,TELEFLEX INCORPORATED,"Monday, April 10, 2023",Purchase,"$15,001 - $50,000",NEW, DANIEL GOLDMAN GRANDCHILDREN 1986 TRUST > TACS R3K,,Daniel Goldman,2023-05-19,D, NY10,House,,2023-05-22,-42.5474637465658,New York,2023-11-16,2023-04-10,2023-05-19,TFX,-5.315874891692262,-15.90434839774597,False,False
IFF,ST,"INTERNATIONAL FLAVORS & FRAGRANCES, INC.","Monday, April 10, 2023",Purchase,"$15,001 - $50,000",NEW, DANIEL GOLDMAN GRANDCHILDREN 1986 TRUST > TACS R3K,,Daniel Goldman,2023-05-19,D, NY10,House,,2023-05-22,-34.8972103494198,New York,2023-11-16,2023-04-10,2023-05-19,IFF,-6.472522851028173,-21.919519053455538,False,False
VZ,ST,VERIZON COMMUNICATIONS INC.,"Monday, April 10, 2023",Sale,"$15,001 - $50,000",NEW, DANIEL GOLDMAN GRANDCHILDREN 1986 TRUST > TACS R3K,,Daniel Goldman,2023-05-19,D, NY10,House,,2023-05-22,-24.527309209342,New York,2023-11-16,2023-04-10,2023-05-19,VZ,5.065333735804334,18.009926732336368,True,True
MDLZ,Stock Option,"Mondelez International, Inc. - Class A Common Stoc","Monday, April 10, 2023",Sale (Partial),"$1,001 - $15,000",New,,Option Type: Put Strike price: $70.00  Expires: 01/19/2024,"Tuberville, Tommy",2023-05-11,R,,Senate,,2023-05-12,-24.5711666539108,Alabama,2023-08-28,2023-04-10,2023-05-11,MDLZ,-9.740965881653052,5.085069502241879,False,True
MSFT,ST,MICROSOFT CORPORATION,"Monday, April 10, 2023",Sale,"$1,001 - $15,000",NEW, FIDELITY BROKERAGE ACCOUNT,,Deborah Ross,2023-04-14,D, NC02,House,,2023-04-17,19.0126901223812,North Carolina,2023-11-16,2023-04-10,2023-04-14,MSFT,-7.225790573101065,-7.354247851324702,False,False
MA,ST,MASTERCARD INCORPORATED,"Monday, April 10, 2023",Sale,"$1,001 - $15,000",NEW, MORGAN STANLEY - SELECT UMA ACCOUNT # 1,,Josh Gottheimer,2023-05-19,D, NJ05,House,,2023-05-20,7.24052793488874,New Jersey,2023-11-16,2023-04-10,2023-05-19,MA,-5.525490528526,-1.5799111989265313,False,False
CAR,ST,"AVIS BUDGET GROUP, INC.","Monday, April 10, 2023",Purchase,"$1,001 - $15,000",NEW, DANIEL GOLDMAN 12/9/2011 TRUST > APERIO GROUP LLC,,Daniel Goldman,2023-05-19,D, NY10,House,,2023-05-22,-68.403988450109,New York,2023-11-16,2023-04-10,2023-05-19,CAR,-14.93208365765587,16.554885045831334,False,True
SR,ST,SPIRE INC.,"Monday, April 10, 2023",Sale,"$1,001 - $15,000",NEW, DANIEL GOLDMAN 12/9/2011 TRUST > APERIO GROUP LLC,,Daniel Goldman,2023-05-19,D, NY10,House,,2023-05-22,-41.3535139828036,New York,2023-11-16,2023-04-10,2023-05-19,SR,3.5258174470509274,19.02959931562821,True,True
MOH,ST,MOLINA HEALTHCARE INC,"Monday, April 10, 2023",Purchase,"$15,001 - $50,000",NEW, DANIEL GOLDMAN GRANDCHILDREN 1986 TRUST > TACS R3K,,Daniel Goldman,2023-05-19,D, NY10,House,,2023-05-22,14.6642301853722,New York,2023-11-16,2023-04-10,2023-05-19,MOH,0.09581039658486112,-3.129301466430956,True,False
AAPL,ST,APPLE INC.,"Thursday, April 6, 2023",Purchase,"$1,001 - $15,000",NEW, MORGAN STANLEY - SELECT UMA ACCOUNT # 1,,Josh Gottheimer,2023-05-19,D, NJ05,House,,2023-05-20,-20.1850806653995,New Jersey,2023-11-16,2023-04-06,2023-05-19,AAPL,4.562306252152348,7.8706199381098685,True,True
FSLR,ST,"FIRST SOLAR, INC.","Thursday, April 6, 2023",Purchase,"$1,001 - $15,000",NEW, MORGAN STANLEY - SELECT UMA ACCOUNT # 1,,Josh Gottheimer,2023-05-19,D, NJ05,House,,2023-05-20,-52.9347898335805,New Jersey,2023-11-16,2023-04-06,2023-05-19,FSLR,-14.033061276043545,-16.912766845535486,False,False
ENPH,ST,"ENPHASE ENERGY, INC.","Thursday, April 6, 2023",Sale,"$1,001 - $15,000",NEW, MORGAN STANLEY - SELECT UMA ACCOUNT # 1,,Josh Gottheimer,2023-05-19,D, NJ05,House,,2023-05-20,-68.6161431180625,New Jersey,2023-11-16,2023-04-06,2023-05-19,ENPH,15.314186729072055,21.760947505575167,True,True
AMGN,ST,AMGEN INC.,"Wednesday, April 5, 2023",Purchase,"$15,001 - $50,000",NEW,,PURCHASE OF 100 SHARES,Michael C. Burgess,2023-04-14,R, TX26,House,,2023-04-17,-19.3791000738434,Texas,2023-11-16,2023-04-05,2023-04-14,AMGN,-7.7678168264788905,-19.563846588377466,False,False
PSX,ST,PHILLIPS 66,"Wednesday, April 5, 2023",Purchase,"$15,001 - $50,000",NEW,,PURCHASE OF 200 SHARES.,Michael C. Burgess,2023-04-14,R, TX26,House,,2023-04-17,26.7871907929538,Texas,2023-11-16,2023-04-05,2023-04-14,PSX,-11.645205470322683,-16.662015390433893,False,False
MDT,Stock,Medtronic plc. Ordinary Shares,"Wednesday, April 5, 2023",Sale (Full),"$100,001 - $250,000",New,,,"Smith, Tina",2023-04-19,D,,Senate,Underlying asset of Arch C Smith Revocable Trust U/A DTD 11/23/2015,2023-04-19,-21.3855107404053,Minnesota,2023-08-28,2023-04-05,2023-04-19,MDT,-11.07492730944215,0.49184694784241145,False,True
GD,ST,"THE ACCOUNT BEING ONE WHERE I DID NOT CONTROL SELECTIONS OR TRADES, I DID NOT NEED TO FILE PTRS. THAT GUIDANCE HAS SINCE CHANGED AND AM REPORTING PER NEW GUIDANCE GENERAL DYNAMICS CORPORATION","Wednesday, April 5, 2023",Purchase,"$1,001 - $15,000",NEW, RICHARD R LARSEN IRA > AMERIPRISE SPS MANAGED ACCOUNT,THIS MANAGED ACCOUNT WITHIN THE RRL IRA WAS SET UP LATE 2020. AT THE TIME I RECEIVED GUIDANCE THAT DUE TO,Rick Larsen,2023-05-26,D, WA02,House,,2023-05-29,-5.30709948965264,Washington,2023-11-16,2023-04-05,2023-05-26,GD,-8.5718431275564,-14.736462013735952,False,False
CI,ST,THE CIGNA GROUP,"Wednesday, April 5, 2023",Purchase,"$1,001 - $15,000",NEW, MORGAN STANLEY IRA - X141,,Lois Frankel,2023-04-28,D, FL22,House,,2023-05-01,6.91272191124664,Florida,2023-11-16,2023-04-05,2023-04-28,CI,-3.054620125192864,-3.121358132785601,False,False
CHX,ST,CHAMPIONX CORPORATION,"Wednesday, April 5, 2023",Purchase,"$1,001 - $15,000",NEW, MORGAN STANLEY - SELECT UMA ACCOUNT # 1,,Josh Gottheimer,2023-05-19,D, NJ05,House,,2023-05-20,-7.19999188278933,New Jersey,2023-11-16,2023-04-05,2023-05-19,CHX,-3.0701631497836,4.891093979390515,False,True
TXN,ST,TEXAS INSTRUMENTS INCORPORATED,"Wednesday, April 5, 2023",Sale,"$1,001 - $15,000",NEW,,SALE OF 29 SHARES,Michael C. Burgess,2023-04-14,R, TX26,House,,2023-04-17,-28.1377192151326,Texas,2023-11-16,2023-04-05,2023-04-14,TXN,7.54352785382787,9.092207612655766,True,True
MCD,Stock,McDonald&#39;s Corporation Common Stock,"Tuesday, April 4, 2023",Sale (Partial),"$1,001 - $15,000",New,,,"Capito, Shelley Moore",2023-05-15,R,,Senate,,2023-05-15,-26.3048166910218,West Virginia,2023-08-28,2023-04-04,2023-05-15,MCD,-5.523194417490562,4.207543863696617,False,True
TSLA,Stock Option,"Tesla, Inc.  - Common Stock","Tuesday, April 4, 2023",Sale (Partial),"$15,001 - $50,000",New,,Option Type: Put Strike price: $190.00  Expires: 12/15/2023,"Tuberville, Tommy",2023-05-11,R,,Senate,,2023-05-12,-40.2563155559608,Alabama,2023-08-28,2023-04-04,2023-05-11,TSLA,15.334182064128832,-36.643630894133096,True,False
UPS,Stock,"United Parcel Service, Inc. Common Stock","Tuesday, April 4, 2023",Sale (Full),"$1,001 - $15,000",New,,,"Capito, Shelley Moore",2023-05-15,R,,Senate,,2023-05-15,-44.7297210595261,West Virginia,2023-08-28,2023-04-04,2023-05-15,UPS,8.126273198967626,12.245502961790777,True,True
DUK,Stock,Duke Energy Corporation (Holding Company) Common S,"Tuesday, April 4, 2023",Sale (Full),"$15,001 - $50,000",New,,,"Capito, Shelley Moore",2023-05-15,R,,Senate,,2023-05-15,-26.771994992453,West Virginia,2023-08-28,2023-04-04,2023-05-15,DUK,-2.913997050972883,14.382892936108938,False,True
KO,ST,COCA-COLA COMPANY,"Tuesday, April 4, 2023",Purchase,"$1,001 - $15,000",NEW,,REINVEST SHARES,Lloyd Doggett,2023-05-04,D, TX37,House,,2023-05-05,-28.9378245517609,Texas,2023-11-16,2023-04-04,2023-05-04,KO,3.38761323386787,-11.277178955588996,True,False
MMM,Stock,3M Company Common Stock,"Monday, April 3, 2023",Purchase,"$1,001 - $15,000",New,,,"Tuberville, Tommy",2023-05-11,R,,Senate,,2023-05-12,-24.0749665794942,Alabama,2023-08-28,2023-04-03,2023-05-11,MMM,-0.8454353412322146,-11.307239337281882,False,False
TSLA,Stock,"Tesla, Inc.  - Common Stock","Monday, April 3, 2023",Purchase,"$1,001 - $15,000",New,,,"Tuberville, Tommy",2023-05-11,R,,Senate,,2023-05-12,-40.5050684630767,Alabama,2023-08-28,2023-04-03,2023-05-11,TSLA,-16.72011533608908,35.63975441572283,False,True
JPM,ST,JP MORGAN CHASE & CO.,"Monday, April 3, 2023",Purchase,"$1,001 - $15,000",NEW, KEAN FAMILY PARTNERSHIP,,Thomas H. Kean Jr.,2023-09-18,R, NJ07,House,,2023-09-19,21.7184967910602,New Jersey,2023-11-16,2023-04-03,2023-09-18,JPM,5.289935042062144,4.611153288976766,True,True
ABBV,Stock,AbbVie Inc. Common Stock,"Monday, April 3, 2023",Sale (Partial),"$1,001 - $15,000",New,,,"Tuberville, Tommy",2023-05-11,R,,Senate,,2023-05-12,-13.6022446983016,Alabama,2023-08-28,2023-04-03,2023-05-11,ABBV,6.144449663189833,23.86680867216622,True,True
META,Stock,"Meta Platforms, Inc. - Class A Common Stock","Monday, April 3, 2023",Sale (Full),"$1,001 - $15,000",New,,,"Tuberville, Tommy",2023-05-11,R,,Senate,,2023-05-12,102.716153490589,Alabama,2023-08-28,2023-04-03,2023-05-11,META,-12.063647784141352,-26.210429390885825,False,False
ETSY,Stock,"Etsy, Inc. - Common Stock","Monday, April 3, 2023",Sale (Full),"$1,001 - $15,000",New,,,"Tuberville, Tommy",2023-05-11,R,,Senate,,2023-05-12,-63.276012720062,Alabama,2023-08-28,2023-04-03,2023-05-11,ETSY,7.75884911569994,29.135678969616276,True,True
APPF,ST,"APPFOLIO, INC. - CLASS A","Monday, April 3, 2023",Purchase,"$1,001 - $15,000",NEW, MORGAN STANLEY - SELECT UMA ACCOUNT # 1,,Josh Gottheimer,2023-05-19,D, NJ05,House,,2023-05-20,49.0854221372239,New Jersey,2023-11-16,2023-04-03,2023-05-19,APPF,7.911556437594336,27.430194220176674,True,True
VZ,Stock,Verizon Communications Inc. Common Stock,"Monday, April 3, 2023",Purchase,"$1,001 - $15,000",New,,,"Tuberville, Tommy",2023-05-11,R,,Senate,,2023-05-12,-23.7977501095496,Alabama,2023-08-28,2023-04-03,2023-05-11,VZ,-2.343134926616819,-12.973597305359252,False,False
CSCO,Stock,"Cisco Systems, Inc. - Common Stock","Monday, April 3, 2023",Sale (Full),"$15,001 - $50,000",New,,,"Tuberville, Tommy",2023-05-11,R,,Senate,,2023-05-12,-30.9476540234836,Alabama,2023-08-28,2023-04-03,2023-05-11,CSCO,11.320652914667118,8.963861908513227,True,True
AMT,Stock,American Tower Corporation (REIT) Common Stock,"Monday, April 3, 2023",Sale (Full),"$1,001 - $15,000",New,,,"Tuberville, Tommy",2023-05-11,R,,Senate,,2023-05-12,-26.3558909418054,Alabama,2023-08-28,2023-04-03,2023-05-11,AMT,3.7215106533078135,11.040567782880128,True,True
REGN,Stock,"Regeneron Pharmaceuticals, Inc. - Common Stock","Monday, April 3, 2023",Purchase,"$1,001 - $15,000",New,,,"Tuberville, Tommy",2023-05-11,R,,Senate,,2023-05-12,-7.74910421742124,Alabama,2023-08-28,2023-04-03,2023-05-11,REGN,-1.9677649096037308,-21.11128974808919,False,False
MMC,Stock,"Marsh & McLennan Companies, Inc. Common Stock","Monday, April 3, 2023",Sale (Full),"$1,001 - $15,000",New,,,"Tuberville, Tommy",2023-05-11,R,,Senate,,2023-05-12,-2.12360544496813,Alabama,2023-08-28,2023-04-03,2023-05-11,MMC,-6.303903511731224,-1.9295703424244914,False,False
ORCL,ST,ORACLE CORPORATION,"Monday, April 3, 2023",Sale,"$1,001 - $15,000",NEW, MORGAN STANLEY - SELECT UMA ACCOUNT # 1,,Josh Gottheimer,2023-05-19,D, NJ05,House,,2023-05-20,9.1807762133726,New Jersey,2023-11-16,2023-04-03,2023-05-19,ORCL,-1.734195053686416,-16.706684725522347,False,False
NFLX,ST,"NETFLIX, INC.","Monday, April 3, 2023",Sale,"$1,001 - $15,000",NEW, MORGAN STANLEY - SELECT UMA ACCOUNT # 1,,Josh Gottheimer,2023-05-19,D, NJ05,House,,2023-05-20,49.477303278772,New Jersey,2023-11-16,2023-04-03,2023-05-19,NFLX,7.50237294769912,-18.721458886697295,True,False
EW,Stock,Edwards Lifesciences Corporation Common Stock,"Monday, April 3, 2023",Sale (Full),"$1,001 - $15,000",New,,,"Tuberville, Tommy",2023-05-11,R,,Senate,,2023-05-12,-12.1459042112841,Alabama,2023-08-28,2023-04-03,2023-05-11,EW,-8.035267776028077,-3.315203589974347,False,False
ITW,Stock,Illinois Tool Works Inc. Common Stock,"Monday, April 3, 2023",Sale (Full),"$1,001 - $15,000",New,,,"Tuberville, Tommy",2023-05-11,R,,Senate,,2023-05-12,-15.262833683968,Alabama,2023-08-28,2023-04-03,2023-05-11,ITW,4.1655229216174705,5.359163790670718,True,True
ADSK,Stock,"Autodesk, Inc. - Common Stock","Monday, April 3, 2023",Purchase,"$1,001 - $15,000",New,,,"Tuberville, Tommy",2023-05-11,R,,Senate,,2023-05-12,-2.00809364292386,Alabama,2023-08-28,2023-04-03,2023-05-11,ADSK,-5.868059488885125,-9.896296558834772,False,False
ANET,Stock,"Arista Networks, Inc. Common Stock","Monday, April 3, 2023",Sale (Full),"$15,001 - $50,000",New,,,"Tuberville, Tommy",2023-05-11,R,,Senate,,2023-05-12,41.0855437523297,Alabama,2023-08-28,2023-04-03,2023-05-11,ANET,20.05307064537338,12.701042188448108,True,True
AVGO,Stock,Broadcom Inc. - Common Stock,"Monday, April 3, 2023",Purchase,"$1,001 - $15,000",New,,,"Tuberville, Tommy",2023-05-11,R,,Senate,,2023-05-12,67.8185246692163,Alabama,2023-08-28,2023-04-03,2023-05-11,AVGO,-3.73733619839437,28.39012140562962,False,True
TXN,Stock Option,Texas Instruments Incorporated - Common Stock,"Monday, April 3, 2023",Sale (Partial),"$15,001 - $50,000",New,,Option Type: Put Strike price: $180.00  Expires: 10/20/2023,"Tuberville, Tommy",2023-05-11,R,,Senate,,2023-05-12,-30.8067651734964,Alabama,2023-08-28,2023-04-03,2023-05-11,TXN,10.481433536256269,10.416367027759977,True,True
TMO,Stock,Thermo Fisher Scientific Inc Common Stock,"Monday, April 3, 2023",Sale (Full),"$1,001 - $15,000",New,,,"Tuberville, Tommy",2023-05-11,R,,Senate,,2023-05-12,-22.016302261912,Alabama,2023-08-28,2023-04-03,2023-05-11,TMO,2.6284278775068004,16.966392158273713,True,True
NSC,Stock,Norfolk Southern Corporation Common Stock,"Monday, April 3, 2023",Purchase,"$1,001 - $15,000",New,,,"Tuberville, Tommy",2023-05-11,R,,Senate,,2023-05-12,-1.95049088829193,Alabama,2023-08-28,2023-04-03,2023-05-11,NSC,-1.959523879033176,1.600226577574615,False,True
NVDA,ST,NVIDIA CORPORATION,"Monday, April 3, 2023",Sale,"$1,001 - $15,000",NEW, MORGAN STANLEY - SELECT UMA ACCOUNT # 1,,Josh Gottheimer,2023-05-19,D, NJ05,House,,2023-05-20,189.608229336055,New Jersey,2023-11-16,2023-04-03,2023-05-19,NVDA,-0.23564964763604923,-43.63743811526663,False,False
NVDA,Stock,NVIDIA Corporation - Common Stock,"Monday, April 3, 2023",Purchase,"$1,001 - $15,000",New,,,"Tuberville, Tommy",2023-05-11,R,,Senate,,2023-05-12,189.608229336055,Alabama,2023-08-28,2023-04-03,2023-05-11,NVDA,0.23564964763604923,43.63743811526663,True,True
MSFT,Stock Option,Microsoft Corporation - Common Stock,"Monday, April 3, 2023",Sale (Partial),"$15,001 - $50,000",New,,Option Type: Put Strike price: $250.00  Expires: 11/17/2023,"Tuberville, Tommy",2023-05-11,R,,Senate,,2023-05-12,20.4917178985674,Alabama,2023-08-28,2023-04-03,2023-05-11,MSFT,-6.796303129859482,-9.645105475169968,False,False
VOD,ST,VODAFONE GROUP PLC - AMERICAN DEPOSITARY SHARES EACH REPRESENTING TEN ORDINARY SHARES,"Friday, March 31, 2023",Sale,"$15,001 - $50,000",NEW, DANIEL GOLDMAN GRANDCHILDREN 1986 TRUST > TLH ADR,,Daniel Goldman,2023-04-17,D, NY10,House,,2023-04-17,-45.088087786617,New York,2023-11-16,2023-03-31,2023-04-17,VOD,-5.911903586612666,21.751798279213386,False,True
ERIC,ST,ERICSSON - AMERICAN DEPOSITARY SHARES EACH REPRESENTING 1 UNDERLYING CLASS B SHARE,"Friday, March 31, 2023",Sale,"$1,001 - $15,000",NEW, DANIEL GOLDMAN GRANDCHILDREN 1986 TRUST > TLH ADR,,Daniel Goldman,2023-04-17,D, NY10,House,,2023-04-17,-26.8597340147849,New York,2023-11-16,2023-03-31,2023-04-17,ERIC,8.09172125440405,15.53431312431426,True,True
SKLTY,ST,SEEK LTD UNSPONSORED ADR,"Friday, March 31, 2023",Purchase,"$1,001 - $15,000",NEW, DANIEL GOLDMAN GRANDCHILDREN 1986 TRUST > TLH ADR,,Daniel Goldman,2023-04-17,D, NY10,House,,2023-04-17,-21.7072208806204,New York,2023-11-16,2023-03-31,2023-04-17,SKLTY,-3.749216428479185,-20.19831820366188,False,False
ADDYY,ST,ADIDAS AG SPONSORED ADR,"Friday, March 31, 2023",Purchase,"$1,001 - $15,000",NEW, DANIEL GOLDMAN GRANDCHILDREN 1986 TRUST > TLH ADR,,Daniel Goldman,2023-04-17,D, NY10,House,,2023-04-17,1.45023078481864,New York,2023-11-16,2023-03-31,2023-04-17,ADDYY,-2.1610933534206955,-0.11379083516913635,False,False
JHX,ST,JAMES HARDIE INDUSTRIES PLC AMERICAN DEPOSITARY SHARES,"Friday, March 31, 2023",Purchase,"$1,001 - $15,000",NEW, DANIEL GOLDMAN GRANDCHILDREN 1986 TRUST > TLH ADR,,Daniel Goldman,2023-04-17,D, NY10,House,,2023-04-17,54.6510928540096,New York,2023-11-16,2023-03-31,2023-04-17,JHX,3.147690529924474,14.814087265810816,True,True
ING,ST,"ING GROUP, N.V.","Friday, March 31, 2023",Purchase,"$1,001 - $15,000",NEW, DANIEL GOLDMAN GRANDCHILDREN 1986 TRUST > TLH ADR,,Daniel Goldman,2023-04-17,D, NY10,House,,2023-04-17,4.3382152792048,New York,2023-11-16,2023-03-31,2023-04-17,ING,2.1975237721041596,4.638644405716641,True,True
GRFS,ST,"GRIFOLS, S.A. - AMERICAN DEPOSITARY SHARES","Friday, March 31, 2023",Sale,"$1,001 - $15,000",NEW,,,Daniel Goldman,2023-04-17,D, NY10,House,,2023-04-17,-41.8043582131405,New York,2023-11-16,2023-03-31,2023-04-17,GRFS,-1.152963051003697,-15.807815389202705,False,False
MONOY,ST,"MONOTARO CO. LTD., OSAKA UNSPONSORED ADR","Friday, March 31, 2023",Sale,"$1,001 - $15,000",NEW, DANIEL GOLDMAN GRANDCHILDREN 1986 TRUST > TLH ADR,,Daniel Goldman,2023-04-17,D, NY10,House,,2023-04-17,-39.2537143035021,New York,2023-11-16,2023-03-31,2023-04-17,MONOY,-15.440970172872714,5.551895301421506,False,True
OTSKY,ST,"OTSUKA HOLDINGS CO. LTD, TOKYO UNSPONSORED ADR","Friday, March 31, 2023",Sale,"$1,001 - $15,000",NEW, DANIEL GOLDMAN GRANDCHILDREN 1986 TRUST > TLH ADR,,Daniel Goldman,2023-04-17,D, NY10,House,,2023-04-17,3.6282028022658,New York,2023-11-16,2023-03-31,2023-04-17,OTSKY,-6.233171235734902,-8.202572417928678,False,False
SAN,ST,"BANCO SANTANDER, S.A. SPONSORED ADR","Friday, March 31, 2023",Purchase,"$1,001 - $15,000",NEW, DANIEL GOLDMAN GRANDCHILDREN 1986 TRUST > TLH ADR,,Daniel Goldman,2023-04-17,D, NY10,House,,2023-04-17,-5.19619430246474,New York,2023-11-16,2023-03-31,2023-04-17,SAN,-7.387117064842219,-8.071314227476767,False,False
SFTBY,ST,SOFTBANK CORP UNSPONSORED ADR,"Friday, March 31, 2023",Purchase,"$15,001 - $50,000",NEW, DANIEL GOLDMAN GRANDCHILDREN 1986 TRUST > TLH ADR,,Daniel Goldman,2023-04-17,D, NY10,House,,2023-04-17,21.8908368731905,New York,2023-11-16,2023-03-31,2023-04-17,SFTBY,-5.496299777084934,10.773508991394042,False,True
HXGBY,ST,HEXAGON AB AMERICAN DEPOSITARY SHARES,"Friday, March 31, 2023",Sale,"$1,001 - $15,000",NEW, DANIEL GOLDMAN GRANDCHILDREN 1986 TRUST > TLH ADR,,Daniel Goldman,2023-04-17,D, NY10,House,,2023-04-17,-19.4627546563345,New York,2023-11-16,2023-03-31,2023-04-17,HXGBY,2.1255814826465214,2.433893749570437,True,True
MSLOY,ST,MITSUI OSK LINES LTD UNSPONSORED ADR,"Friday, March 31, 2023",Sale,"$1,001 - $15,000",NEW, DANIEL GOLDMAN GRANDCHILDREN 1986 TRUST > TLH ADR,,Daniel Goldman,2023-04-17,D, NY10,House,,2023-04-17,2.65112995391037,New York,2023-11-16,2023-03-31,2023-04-17,MSLOY,6.645937311461026,11.404976720388227,True,True
SE,ST,"SEA LIMITED AMERICAN DEPOSITARY SHARES, EACH REPRESENTING ONE CLASS A ORDINARY SHARE","Friday, March 31, 2023",Purchase,"$1,001 - $15,000",NEW, DANIEL GOLDMAN GRANDCHILDREN 1986 TRUST > TLH ADR,,Daniel Goldman,2023-04-17,D, NY10,House,,2023-04-17,-57.8159028219069,New York,2023-11-16,2023-03-31,2023-04-17,SE,-13.787857686084282,-41.26806808612462,False,False
AEG,ST,AEGON N.V.,"Friday, March 31, 2023",Purchase,"$15,001 - $50,000",NEW, DANIEL GOLDMAN GRANDCHILDREN 1986 TRUST > TLH ADR,,Daniel Goldman,2023-04-17,D, NY10,House,,2023-04-17,8.97409623764996,New York,2023-11-16,2023-03-31,2023-04-17,AEG,2.9935379352854508,8.594080904764812,True,True
HDELY,ST,HEIDELBERGCEMENT AG UNSPONSORED ADR,"Friday, March 31, 2023",Purchase,"$1,001 - $15,000",NEW, DANIEL GOLDMAN GRANDCHILDREN 1986 TRUST > TLH ADR,,Daniel Goldman,2023-04-17,D, NY10,House,,2023-04-17,14.0105956421292,New York,2023-11-16,2023-03-31,2023-04-17,HDELY,2.1463683011669232,4.276433859131901,True,True
MSFT,ST,MICROSOFT CORPORATION,"Friday, March 31, 2023",Purchase,"$1,001 - $15,000",NEW, MORGAN STANLEY - SELECT UMA ACCOUNT # 1,,Josh Gottheimer,2023-04-20,D, NJ05,House,,2023-04-20,19.4604274978844,New Jersey,2023-11-16,2023-03-31,2023-04-20,MSFT,4.5617661649165475,9.228443733884895,True,True
IHG,ST,INTERCONTINENTAL HOTELS GROUP AMERICAN DEPOSITARY SHARES,"Friday, March 31, 2023",Sale,"$1,001 - $15,000",NEW, DANIEL GOLDMAN GRANDCHILDREN 1986 TRUST > TLH ADR,,Daniel Goldman,2023-04-17,D, NY10,House,,2023-04-17,32.1527399976891,New York,2023-11-16,2023-03-31,2023-04-17,IHG,-2.8842567706833577,2.7380523420356795,False,True
MRNA,ST,"MODERNA, INC.","Friday, March 31, 2023",Purchase,"$1,001 - $15,000",NEW, MORGAN STANLEY - SELECT UMA ACCOUNT # 1,,Josh Gottheimer,2023-04-20,D, NJ05,House,,2023-04-20,-57.3599104310963,New Jersey,2023-11-16,2023-03-31,2023-04-20,MRNA,-14.564793507007535,-27.47825433086272,False,False
CHGCY,ST,CHUGAI PHARMACEUTICAL LTD UNSPONSORED ADR,"Friday, March 31, 2023",Sale,"$15,001 - $50,000",NEW, DANIEL GOLDMAN GRANDCHILDREN 1986 TRUST > TLH ADR,,Daniel Goldman,2023-04-17,D, NY10,House,,2023-04-17,39.1085557482931,New York,2023-11-16,2023-03-31,2023-04-17,CHGCY,-3.542375027050104,-9.217913543014689,False,False
DEO,ST,DIAGEO PLC,"Friday, March 31, 2023",Purchase,"$1,001 - $15,000",NEW, DANIEL GOLDMAN GRANDCHILDREN 1986 TRUST > TLH ADR,,Daniel Goldman,2023-04-17,D, NY10,House,,2023-04-17,-42.9007962629341,New York,2023-11-16,2023-03-31,2023-04-17,DEO,0.584003176600123,-13.533272994657231,True,False
DBSDY,ST,DBS GROUP HOLDINGS LTD ORD AMERICAN DEPOSITARY SHARES,"Friday, March 31, 2023",Sale,"$1,001 - $15,000",NEW, DANIEL GOLDMAN GRANDCHILDREN 1986 TRUST > TLH ADR,,Daniel Goldman,2023-04-17,D, NY10,House,,2023-04-17,-20.509611083086,New York,2023-11-16,2023-03-31,2023-04-17,DBSDY,0.8095737643619261,13.081539570834122,True,True
NWG,ST,"NATWEST GROUP PLC AMERICAN DEPOSITARY SHARES,","Friday, March 31, 2023",Purchase,"$15,001 - $50,000",NEW, DANIEL GOLDMAN GRANDCHILDREN 1986 TRUST > TLH ADR,,Daniel Goldman,2023-04-17,D, NY10,House,,2023-04-17,-30.2824224374734,New York,2023-11-16,2023-03-31,2023-04-17,NWG,-2.9402068534378545,-16.53276085530728,False,False
DVN,ST,DEVON ENERGY CORPORATION,"Friday, March 31, 2023",Purchase,"$15,001 - $50,000",NEW, HERN FAMILY REVOCABLE TRUST > BROKERAGE INVESTMENT ACCOUNT,DIVIDEND REINVESTMENT,Kevin Hern,2023-04-10,R, OK01,House,,2023-04-11,-30.8873154697523,Oklahoma,2023-11-16,2023-03-31,2023-04-10,DVN,3.771546748619592,-11.354028519813408,True,False
DKILY,ST,DAIKIN INDS LTD UNSPONSORED ADR,"Friday, March 31, 2023",Purchase,"$1,001 - $15,000",NEW, DANIEL GOLDMAN GRANDCHILDREN 1986 TRUST > TLH ADR,,Daniel Goldman,2023-04-17,D, NY10,House,,2023-04-17,-50.1749228607,New York,2023-11-16,2023-03-31,2023-04-17,DKILY,1.1447812365477983,5.750129837084361,True,True
GMAB,ST,GENMAB A/S - AMERICAN DEPOSITARY SHARES,"Friday, March 31, 2023",Sale,"$1,001 - $15,000",NEW, DANIEL GOLDMAN GRANDCHILDREN 1986 TRUST > TLH ADR,,Daniel Goldman,2023-04-17,D, NY10,House,,2023-04-17,-45.6891378971549,New York,2023-11-16,2023-03-31,2023-04-17,GMAB,-6.784695427778131,7.808272585146703,False,True
CJPRY,ST,CENTRAL JAPAN RAILWAY CO UNSPONSORED ADR,"Friday, March 31, 2023",Purchase,"$15,001 - $50,000",NEW, DANIEL GOLDMAN GRANDCHILDREN 1986 TRUST > TLH ADR,,Daniel Goldman,2023-04-17,D, NY10,House,,2023-04-17,-15.3398280103861,New York,2023-11-16,2023-03-31,2023-04-17,CJPRY,2.5145853286011377,-1.7903231328652236,True,False
BDNNY,ST,BOLIDEN AB UNSPONSORED ADR,"Friday, March 31, 2023",Purchase,"$1,001 - $15,000",NEW, DANIEL GOLDMAN GRANDCHILDREN 1986 TRUST > TLH ADR,,Daniel Goldman,2023-04-17,D, NY10,House,,2023-04-17,-52.2724854874636,New York,2023-11-16,2023-03-31,2023-04-17,BDNNY,-11.633810443003224,-34.647686824480175,False,False
JAPAY,ST,JAPAN TOBACCO UNSPONSORED AMERICAN DEPOSITORY RECEIPT,"Friday, March 31, 2023",Sale,"$15,001 - $50,000",NEW, DANIEL GOLDMAN GRANDCHILDREN 1986 TRUST > TLH ADR,,Daniel Goldman,2023-04-17,D, NY10,House,,2023-04-17,-3.06158391526499,New York,2023-11-16,2023-03-31,2023-04-17,JAPAY,0.1496649012188822,5.900863524379241,True,True
MSADY,ST,"MS&AD INSURANCE GROUP HOLDINGS, INC. UNSPONSORED ADR","Friday, March 31, 2023",Sale,"$1,001 - $15,000",NEW, DANIEL GOLDMAN GRANDCHILDREN 1986 TRUST > TLH ADR,,Daniel Goldman,2023-04-17,D, NY10,House,,2023-04-17,40.6999381939536,New York,2023-11-16,2023-03-31,2023-04-17,MSADY,-4.112616121666246,-6.9212553907062935,False,False
NRILY,ST,NOMURA RESH INST LTD ADR,"Friday, March 31, 2023",Purchase,"$1,001 - $15,000",NEW, DANIEL GOLDMAN GRANDCHILDREN 1986 TRUST > TLH ADR,,Daniel Goldman,2023-04-17,D, NY10,House,,2023-04-17,-8.36922264291764,New York,2023-11-16,2023-03-31,2023-04-17,NRILY,3.320701347888,9.19913468523994,True,True
CRZBY,ST,COMMERZBANK JUNGE SHS AMERICAN DEPOSITARY SHARES,"Friday, March 31, 2023",Purchase,"$15,001 - $50,000",NEW, DANIEL GOLDMAN GRANDCHILDREN 1986 TRUST > TLH ADR,,Daniel Goldman,2023-04-17,D, NY10,House,,2023-04-17,-2.22207390970273,New York,2023-11-16,2023-03-31,2023-04-17,CRZBY,2.446518701389566,-4.248872354170441,True,False
HLN,ST,HALEON PLC AMERICAN DEPOSITARY SHARES,"Friday, March 31, 2023",Purchase,"$1,001 - $15,000",NEW, MORGAN STANLEY - SELECT UMA ACCOUNT # 1,,Josh Gottheimer,2023-04-20,D, NJ05,House,,2023-04-20,-22.890940045991,New Jersey,2023-11-16,2023-03-31,2023-04-20,HLN,7.174449132270921,-6.0045044338941755,True,False
SYIEY,ST,SYMRISE AG UNSPONSORED ADR,"Friday, March 31, 2023",Purchase,"$1,001 - $15,000",NEW, DANIEL GOLDMAN GRANDCHILDREN 1986 TRUST > TLH ADR,,Daniel Goldman,2023-04-17,D, NY10,House,,2023-04-17,-16.9105408826021,New York,2023-11-16,2023-03-31,2023-04-17,SYIEY,9.289228451314568,-12.878322075889958,True,False
SMFG,ST,SUMITOMO MITSUI FINANCIAL GROUP INC UNSPONSORED AMERICAN DEPOSITARY SHARES,"Friday, March 31, 2023",Purchase,"$1,001 - $15,000",NEW, DANIEL GOLDMAN GRANDCHILDREN 1986 TRUST > TLH ADR,,Daniel Goldman,2023-04-17,D, NY10,House,,2023-04-17,19.0206078655569,New York,2023-11-16,2023-03-31,2023-04-17,SMFG,1.5749403776229576,0.8876969925401657,True,True
VGR,ST,VECTOR GROUP LTD.,"Friday, March 31, 2023",Purchase,"$1,001 - $15,000",NEW,,,Virginia Foxx,2023-04-04,R, NC05,House,,2023-04-05,-35.1375936331941,North Carolina,2023-11-16,2023-03-31,2023-04-04,VGR,4.9030049738503445,-0.5759847925507433,True,False
MFG,ST,"MIZUHO FINANCIAL GROUP, INC. SPONOSRED ADR","Friday, March 31, 2023",Purchase,"$1,001 - $15,000",NEW, DANIEL GOLDMAN GRANDCHILDREN 1986 TRUST > TLH ADR,,Daniel Goldman,2023-04-17,D, NY10,House,,2023-04-17,15.0915298513726,New York,2023-11-16,2023-03-31,2023-04-17,MFG,2.475657285398092,1.1687248002635542,True,True
ADYEY,OT,ADYEN N.V. ADR CMN,"Friday, March 31, 2023",Purchase,"$15,001 - $50,000",NEW, DANIEL GOLDMAN GRANDCHILDREN 1986 TRUST > TLH ADR,ADR STOCK FILING ID #20022653,Daniel Goldman,2023-04-17,D, NY10,House,,2023-04-17,-25.0425234475744,New York,2023-11-16,2023-03-31,2023-04-17,ADYEY,-0.9200067428224878,0.3990596088926379,False,True
SGIOY,ST,SHIONOGI & CO LTD UNSPONSORED ADR,"Friday, March 31, 2023",Purchase,"$1,001 - $15,000",NEW, DANIEL GOLDMAN GRANDCHILDREN 1986 TRUST > TLH ADR,,Daniel Goldman,2023-04-17,D, NY10,House,,2023-04-17,-11.2016143566653,New York,2023-11-16,2023-03-31,2023-04-17,SGIOY,-2.8472776272395084,-13.209524964772523,False,False
RIO,ST,RIO TINTO PLC,"Friday, March 31, 2023",Purchase,"$1,001 - $15,000",NEW, DANIEL GOLDMAN GRANDCHILDREN 1986 TRUST > TLH ADR,,Daniel Goldman,2023-04-17,D, NY10,House,,2023-04-17,-34.3379927175334,New York,2023-11-16,2023-03-31,2023-04-17,RIO,-9.340509277324937,-13.984388029556683,False,False
LYG,ST,LLOYDS BANKING GROUP PLC AMERICAN DEPOSITARY SHARES,"Friday, March 31, 2023",Purchase,"$15,001 - $50,000",NEW, DANIEL GOLDMAN GRANDCHILDREN 1986 TRUST > TLH ADR,,Daniel Goldman,2023-04-17,D, NY10,House,,2023-04-17,-17.6518059275465,New York,2023-11-16,2023-03-31,2023-04-17,LYG,1.1611580198788607,-15.176952035775592,True,False
WPP,ST,WPP PLC AMERICAN DEPOSITARY SHARES,"Friday, March 31, 2023",Purchase,"$1,001 - $15,000",NEW, DANIEL GOLDMAN GRANDCHILDREN 1986 TRUST > TLH ADR,,Daniel Goldman,2023-04-17,D, NY10,House,,2023-04-17,-49.4417577258409,New York,2023-11-16,2023-03-31,2023-04-17,WPP,-3.457985315061496,-20.96579844139159,False,False
EBKDY,ST,ERSTE GROUP BANK AG SPONSORED ADR,"Friday, March 31, 2023",Purchase,"$1,001 - $15,000",NEW, DANIEL GOLDMAN GRANDCHILDREN 1986 TRUST > TLH ADR,,Daniel Goldman,2023-04-17,D, NY10,House,,2023-04-17,5.02060786555696,New York,2023-11-16,2023-03-31,2023-04-17,EBKDY,11.92860534229101,-3.9385238792507327,True,False
SSDOY,ST,SHISEIDO CO LTD ORD AMERICAN DEPOSITARY SHARES,"Friday, March 31, 2023",Sale,"$1,001 - $15,000",NEW, DANIEL GOLDMAN GRANDCHILDREN 1986 TRUST > TLH ADR,,Daniel Goldman,2023-04-17,D, NY10,House,,2023-04-17,-65.0264811755389,New York,2023-11-16,2023-03-31,2023-04-17,SSDOY,-6.901140344832313,9.748436462419342,False,True
BAYRY,ST,BAYER AKTIENGESELLSCHAFT AMERICAN DEPOSITARY SHARES,"Friday, March 31, 2023",Sale,"$15,001 - $50,000",NEW, DANIEL GOLDMAN GRANDCHILDREN 1986 TRUST > TLH ADR,,Daniel Goldman,2023-04-17,D, NY10,House,,2023-04-17,-80.1582998557237,New York,2023-11-16,2023-03-31,2023-04-17,BAYRY,-1.5253469068855496,21.111597952698723,False,True
DVN,ST,DEVON ENERGY CORPORATION,"Friday, March 31, 2023",Purchase,"$1,001 - $15,000",NEW, HERN FAMILY FOUNDATION,DIVIDEND REINVESTMENT,Kevin Hern,2023-04-10,R, OK01,House,,2023-04-11,-30.8873154697523,Oklahoma,2023-11-16,2023-03-31,2023-04-10,DVN,3.771546748619592,-11.354028519813408,True,False
TRUMY,ST,TERUMO CORP UNSPONSORED ADR,"Friday, March 31, 2023",Purchase,"$1,001 - $15,000",NEW, DANIEL GOLDMAN GRANDCHILDREN 1986 TRUST > TLH ADR,,Daniel Goldman,2023-04-17,D, NY10,House,,2023-04-17,16.8664195779365,New York,2023-11-16,2023-03-31,2023-04-17,TRUMY,9.657225751058164,11.841464714163429,True,True
NTDTY,ST,NTT DATA CORP LTD UNSPONSORED ADR,"Friday, March 31, 2023",Sale,"$1,001 - $15,000",NEW, DANIEL GOLDMAN GRANDCHILDREN 1986 TRUST > TLH ADR,,Daniel Goldman,2023-04-17,D, NY10,House,,2023-04-17,-4.69240587370191,New York,2023-11-16,2023-03-31,2023-04-17,NTDTY,-3.6518651418159687,-0.24346156497716542,False,False
NVS,ST,NOVARTIS AG,"Friday, March 31, 2023",Purchase,"$50,001 - $100,000",NEW, DANIEL GOLDMAN GRANDCHILDREN 1986 TRUST > TLH ADR,,Daniel Goldman,2023-04-17,D, NY10,House,,2023-04-17,-19.2511312648778,New York,2023-11-16,2023-03-31,2023-04-17,NVS,10.031465972914756,1.0126962254543015,True,True
RHHBY,ST,ROCHE HOLDINGS AG BASEL AMERICAN DEPOSITARY SHARES,"Friday, March 31, 2023",Purchase,"$1,001 - $15,000",NEW, DANIEL GOLDMAN GRANDCHILDREN 1986 TRUST > TLH ADR,,Daniel Goldman,2023-04-17,D, NY10,House,,2023-04-17,-33.9587563285312,New York,2023-11-16,2023-03-31,2023-04-17,RHHBY,8.028371381281962,-0.7129040985845325,True,False
NOK,ST,NOKIA CORPORATION SPONSORED AMERICAN DEPOSITARY SHARES,"Friday, March 31, 2023",Purchase,"$1,001 - $15,000",NEW, DANIEL GOLDMAN GRANDCHILDREN 1986 TRUST > TLH ADR,,Daniel Goldman,2023-04-17,D, NY10,House,,2023-04-17,-49.826642643608,New York,2023-11-16,2023-03-31,2023-04-17,NOK,-16.700006319556195,-22.465914940276054,False,False
TOTDY,ST,TOTO LTD ORD AMERICAN DEPOSITARY SHARES,"Friday, March 31, 2023",Purchase,"$1,001 - $15,000",NEW, DANIEL GOLDMAN GRANDCHILDREN 1986 TRUST > TLH ADR,,Daniel Goldman,2023-04-17,D, NY10,House,,2023-04-17,-38.9231383941678,New York,2023-11-16,2023-03-31,2023-04-17,TOTDY,0.908882905701125,-17.699447503508768,True,False
SWDBY,ST,SWEDBANK AB SPONSORED ADR,"Friday, March 31, 2023",Purchase,"$1,001 - $15,000",NEW, DANIEL GOLDMAN GRANDCHILDREN 1986 TRUST > TLH ADR,,Daniel Goldman,2023-04-17,D, NY10,House,,2023-04-17,9.49703162550798,New York,2023-11-16,2023-03-31,2023-04-17,SWDBY,3.7188511168601224,-4.721530763984494,True,False
ATLKY,ST,ATLAS COPCO AB SPONSORED ADR REPSTG CLASS A,"Friday, March 31, 2023",Purchase,"$1,001 - $15,000",NEW, DANIEL GOLDMAN GRANDCHILDREN 1986 TRUST > TLH ADR,,Daniel Goldman,2023-04-17,D, NY10,House,,2023-04-17,15.8288487530371,New York,2023-11-16,2023-03-31,2023-04-17,ATLKY,12.045623307434393,4.977832190989462,True,True
D,ST,"DOMINION ENERGY, INC.","Wednesday, March 29, 2023",Sale,"$1,001 - $15,000",NEW, TIAA JOINT,,Gerald E. Connolly,2023-04-04,D, VA11,House,,2023-04-05,-41.4069542835745,Virginia,2023-11-16,2023-03-29,2023-04-04,D,0.7105354612391146,14.228057850033283,True,True
AXP,ST,AMERICAN EXPRESS COMPANY,"Wednesday, March 29, 2023",Purchase,"$1,001 - $15,000",NEW, MORGAN STANLEY IRA - X141,,Lois Frankel,2023-04-28,D, FL22,House,,2023-05-01,6.06008833064058,Florida,2023-11-16,2023-03-29,2023-04-28,AXP,-4.892685724098933,-5.892570476024428,False,False
BSX,ST,BOSTON SCIENTIFIC CORPORATION,"Wednesday, March 29, 2023",Sale,"$1,001 - $15,000",NEW, MORGAN STANLEY IRA - X141,,Lois Frankel,2023-04-28,D, FL22,House,,2023-05-01,7.46186861772302,Florida,2023-11-16,2023-03-29,2023-04-28,BSX,-2.67666689248105,-0.2808473389514843,False,False
LIN,ST,LINDE PLC ORDINARY SHARES,"Tuesday, March 28, 2023",Purchase,"$1,001 - $15,000",NEW, HERN FAMILY REVOCABLE TRUST > BROKERAGE INVESTMENT ACCOUNT,DIVIDEND REINVESTMENT,Kevin Hern,2023-04-10,R, OK01,House,,2023-04-11,5.49874803389311,Oklahoma,2023-11-16,2023-03-28,2023-04-10,LIN,1.1278514830124875,-2.284357634795531,True,False
AMGN,ST,AMGEN INC.,"Monday, March 27, 2023",Sale,"$1,001 - $15,000",NEW, MORGAN STANLEY - SELECT UMA ACCOUNT # 1,,Josh Gottheimer,2023-04-20,D, NJ05,House,,2023-04-20,-15.5046365350806,New Jersey,2023-11-16,2023-03-27,2023-04-20,AMGN,1.110945312083178,13.91295737217364,True,True
ADI,ST,"ANALOG DEVICES, INC.","Monday, March 27, 2023",Purchase,"$1,001 - $15,000",NEW, MORGAN STANLEY ACTIVE ASSETS (1),,Jared Moskowitz,2023-04-12,D, FL23,House,,2023-04-13,-23.4220379064819,Florida,2023-11-16,2023-03-27,2023-04-12,ADI,-4.196968328338935,-7.982162265594983,False,False
WMB,ST,"WILLIAMS COMPANIES, INC.","Monday, March 27, 2023",Purchase,"$1,001 - $15,000",NEW, HERN FAMILY REVOCABLE TRUST > BROKERAGE INVESTMENT ACCOUNT,DIVIDEND REINVESTMENT,Kevin Hern,2023-04-10,R, OK01,House,,2023-04-11,-1.17197490366723,Oklahoma,2023-11-16,2023-03-27,2023-04-10,WMB,-0.2097042936954674,-1.4346996060617512,False,False
ROK,ST,"ROCKWELL AUTOMATION, INC.","Monday, March 27, 2023",Sale,"$1,001 - $15,000",NEW, MORGAN STANLEY - SELECT UMA ACCOUNT # 1,,Josh Gottheimer,2023-04-20,D, NJ05,House,,2023-04-20,-28.1760890754096,New Jersey,2023-11-16,2023-03-27,2023-04-20,ROK,4.763525364430221,-5.4066483305882596,True,False
ADI,ST,"ANALOG DEVICES, INC.","Monday, March 27, 2023",Purchase,"$1,001 - $15,000",NEW, MORGAN STANLEY ACTIVE ASSETS (5),,Jared Moskowitz,2023-04-12,D, FL23,House,,2023-04-13,-23.4220379064819,Florida,2023-11-16,2023-03-27,2023-04-12,ADI,-4.196968328338935,-7.982162265594983,False,False
ADI,ST,"ANALOG DEVICES, INC.","Monday, March 27, 2023",Purchase,"$1,001 - $15,000",NEW, MORGAN STANLEY ACTIVE ASSETS (6),,Jared Moskowitz,2023-04-12,D, FL23,House,,2023-04-13,-23.4220379064819,Florida,2023-11-16,2023-03-27,2023-04-12,ADI,-4.196968328338935,-7.982162265594983,False,False
RHHBY,ST,ROCHE HOLDINGS AG BASEL AMERICAN DEPOSITARY SHARES,"Monday, March 27, 2023",Sale,"$1,001 - $15,000",NEW, SCHWAB BROKERAGE ACCOUNT,,Daniel Meuser,2023-04-25,R, PA09,House,,2023-04-26,-36.0754406816577,Pennsylvania,2023-11-16,2023-03-27,2023-04-25,RHHBY,-8.226854885884194,-0.22796733277945513,False,False
MSFT,ST,MICROSOFT CORPORATION,"Friday, March 24, 2023",Purchase,"$1,001 - $15,000",NEW, MORGAN STANLEY - SELECT UMA ACCOUNT # 1,,Josh Gottheimer,2023-04-20,D, NJ05,House,,2023-04-20,19.1393905251735,New Jersey,2023-11-16,2023-03-24,2023-04-20,MSFT,-3.7538826716883245,10.730966949165177,False,True
TSLA,ST,"TESLA, INC.","Friday, March 24, 2023",Sale,"$1,001 - $15,000",NEW, MORGAN STANLEY - SELECT UMA ACCOUNT # 1,,Josh Gottheimer,2023-04-20,D, NJ05,House,,2023-04-20,-43.3757971034114,New Jersey,2023-11-16,2023-03-24,2023-04-20,TSLA,18.8131614011139,-28.620985628066386,True,False
ABBV,ST,ABBVIE INC.,"Friday, March 24, 2023",Sale,"$1,001 - $15,000",NEW, MORGAN STANLEY - SELECT UMA ACCOUNT # 1,,Josh Gottheimer,2023-04-20,D, NJ05,House,,2023-04-20,-16.7118694153718,New Jersey,2023-11-16,2023-03-24,2023-04-20,ABBV,0.3466209347503968,23.39019843664255,True,True
DE,ST,DEERE & COMPANY,"Friday, March 24, 2023",Sale,"$1,001 - $15,000",NEW, MORGAN STANLEY - SELECT UMA ACCOUNT # 1,,Josh Gottheimer,2023-04-20,D, NJ05,House,,2023-04-20,-30.0845559585624,New Jersey,2023-11-16,2023-03-24,2023-04-20,DE,3.7831270687948226,2.7951516696445244,True,True
ET,ST,ENERGY TRANSFER LP COMMON UNITS,"Friday, March 24, 2023",Sale,"$100,001 - $250,000",NEW, EQUITABLE RETIREMENT ACCOUNT,,Mark Dr Green,2023-04-01,R, TN07,House,,2023-04-04,1.83121233236758,Tennessee,2023-11-16,2023-03-24,2023-04-01,ET,-4.279959756856089,2.0569448662272727,False,True
NGL,ST,NGL ENERGY PARTNERS LP COMMON UNITS REPRESENTING LIMITED PARTNER INTERESTS,"Friday, March 24, 2023",Purchase,"$100,001 - $250,000",NEW, EQUITABLE RETIREMENT ACCOUNT,,Mark Dr Green,2023-04-01,R, TN07,House,,2023-04-04,110.320101221256,Tennessee,2023-11-16,2023-03-24,2023-04-01,NGL,15.418423495101319,47.252456714540905,True,True
LMT,ST,LOCKHEED MARTIN CORPORATION,"Friday, March 24, 2023",Purchase,"$1,001 - $15,000",NEW, HERN FAMILY REVOCABLE TRUST > BROKERAGE INVESTMENT ACCOUNT,DIVIDEND REINVESTMENT,Kevin Hern,2023-04-10,R, OK01,House,,2023-04-11,-37.4393795390588,Oklahoma,2023-11-16,2023-03-24,2023-04-10,LMT,-2.837115983614291,-12.68876352620677,False,False
HD,ST,"HOME DEPOT, INC.","Friday, March 24, 2023",Purchase,"$1,001 - $15,000",NEW,,REINVEST SHARES,Lloyd Doggett,2023-04-10,D, TX37,House,,2023-04-11,2.59417372496646,Texas,2023-11-16,2023-03-24,2023-04-10,HD,2.3974727771047144,-3.9310363639572854,True,False
PAA,ST,"PLAINS ALL AMERICAN PIPELINE, L.P. - COMMON UNITS REPRESENTING LIMITED PARTNER INTERESTS","Friday, March 24, 2023",Purchase,"$15,001 - $50,000",NEW,,,Virginia Foxx,2023-04-04,R, NC05,House,,2023-04-05,17.0805864898873,North Carolina,2023-11-16,2023-03-24,2023-04-04,PAA,10.896410781482203,5.943616649773675,True,True
GOOG,ST,ALPHABET INC. - CLASS C CAPITAL STOCK,"Thursday, March 23, 2023",Sale,"$1,001 - $15,000",NEW, MORGAN STANLEY - SELECT UMA ACCOUNT # 1,,Josh Gottheimer,2023-04-20,D, NJ05,House,,2023-04-20,4.18659082407534,New Jersey,2023-11-16,2023-03-23,2023-04-20,GOOG,4.2797778419179755,-3.556693795742105,True,False
HD,ST,"HOME DEPOT, INC.","Thursday, March 23, 2023",Purchase,"$1,001 - $15,000",NEW, HERN FAMILY FOUNDATION,DIVIDEND REINVESTMENT,Kevin Hern,2023-04-10,R, OK01,House,,2023-04-11,1.85279857821666,Oklahoma,2023-11-16,2023-03-23,2023-04-10,HD,1.4758001851706615,-4.64577551407066,True,False
RTX,ST,RAYTHEON TECHNOLOGIES CORPORATION,"Thursday, March 23, 2023",Purchase,"$1,001 - $15,000",NEW, HERN FAMILY REVOCABLE TRUST > BROKERAGE INVESTMENT ACCOUNT,DIVIDEND REINVESTMENT,Kevin Hern,2023-04-10,R, OK01,House,,2023-04-11,-32.8057922457534,Oklahoma,2023-11-16,2023-03-23,2023-04-10,RTX,1.9600253333250217,-7.36170803583549,True,False
HD,ST,"HOME DEPOT, INC.","Thursday, March 23, 2023",Purchase,"$1,001 - $15,000",NEW, HERN FAMILY REVOCABLE TRUST > BROKERAGE INVESTMENT ACCOUNT,DIVIDEND REINVESTMENT,Kevin Hern,2023-04-10,R, OK01,House,,2023-04-11,1.85279857821666,Oklahoma,2023-11-16,2023-03-23,2023-04-10,HD,1.4758001851706615,-4.64577551407066,True,False
ITW,ST,ILLINOIS TOOL WORKS INC.,"Wednesday, March 22, 2023",Sale,"$1,001 - $15,000",NEW, MORGAN STANLEY IRA - X141,,Lois Frankel,2023-04-28,D, FL22,House,,2023-05-01,-14.4261821778441,Florida,2023-11-16,2023-03-22,2023-04-28,ITW,2.7987491834600586,5.875482086017825,True,True
COP,ST,CONOCOPHILLIPS,"Wednesday, March 22, 2023",Purchase,"$1,001 - $15,000",NEW, MORGAN STANLEY IRA - X141,,Lois Frankel,2023-04-28,D, FL22,House,,2023-05-01,-7.88689712747325,Florida,2023-11-16,2023-03-22,2023-04-28,COP,-1.0379610980830511,-7.753663981155823,False,False
VIASP,ST,"VIA RENEWABLES, INC. - 8.75% SERIES A FIXED-TO-FLOATING RATE CUMULATIVE REDEEMABLE PERPETUAL PREFERRED STOCK","Wednesday, March 22, 2023",Purchase,"$1,001 - $15,000",NEW,,,Virginia Foxx,2023-04-04,R, NC05,House,,2023-04-05,-41.653371273588,North Carolina,2023-11-16,2023-03-22,2023-04-04,VIASP,-41.87949015597934,-46.792269860298866,False,False
JPM,ST,JP MORGAN CHASE & CO.,"Wednesday, March 22, 2023",Purchase,"$1,001 - $15,000",NEW, MORGAN STANLEY IRA - X141,,Lois Frankel,2023-04-28,D, FL22,House,,2023-05-01,19.7144740064091,Florida,2023-11-16,2023-03-22,2023-04-28,JPM,5.512372780376018,0.5952001726749367,True,True
PGR,ST,PROGRESSIVE CORPORATION,"Wednesday, March 22, 2023",Sale,"$1,001 - $15,000",NEW, MORGAN STANLEY IRA - X141,,Lois Frankel,2023-04-28,D, FL22,House,,2023-05-01,19.9706336939034,Florida,2023-11-16,2023-03-22,2023-04-28,PGR,4.750994495595662,16.749020396354354,True,True
UNH,ST,UNITEDHEALTH GROUP INCORPORATED COMMON STOCK,"Tuesday, March 21, 2023",Purchase,"$1,001 - $15,000",NEW, HERN FAMILY REVOCABLE TRUST > BROKERAGE INVESTMENT ACCOUNT,DIVIDEND REINVESTMENT,Kevin Hern,2023-04-10,R, OK01,House,,2023-04-11,-25.5289019899695,Oklahoma,2023-11-16,2023-03-21,2023-04-10,UNH,-1.637714119994449,-11.869867402151723,False,False
X,Stock,United States Steel Corporation Common Stock,"Tuesday, March 21, 2023",Sale (Partial),"$50,001 - $100,000",New,,,"Tuberville, Tommy",2023-04-12,R,,Senate,,2023-04-12,22.4702484190472,Alabama,2023-08-28,2023-03-21,2023-04-12,X,3.5187534288759204,18.88116145373363,True,True
TSM,Stock Option,Taiwan Semiconductor Manufacturing Company Ltd.,"Tuesday, March 21, 2023",Purchase,"$1,001 - $15,000",New,,Option Type: Put Strike price: $75.00  Expires: 09/15/2023,"Tuberville, Tommy",2023-04-12,R,,Senate,,2023-04-12,20.3247163440487,Alabama,2023-08-28,2023-03-21,2023-04-12,TSM,-6.640994285320046,2.771730482667545,False,True
X,Stock,United States Steel Corporation Common Stock,"Tuesday, March 21, 2023",Sale (Partial),"$1,001 - $15,000",New,,,"Tuberville, Tommy",2023-04-12,R,,Senate,,2023-04-12,22.4702484190472,Alabama,2023-08-28,2023-03-21,2023-04-12,X,3.5187534288759204,18.88116145373363,True,True
CLF,Stock,Cleveland-Cliffs Inc. Common Stock,"Tuesday, March 21, 2023",Purchase,"$50,001 - $100,000",New,,,"Tuberville, Tommy",2023-04-12,R,,Senate,,2023-04-12,-20.253609097824,Alabama,2023-08-28,2023-03-21,2023-04-12,CLF,-13.018383049353233,-20.194028001273733,False,False
X,Stock,United States Steel Corporation Common Stock,"Tuesday, March 21, 2023",Sale (Partial),"$50,001 - $100,000",New,,,"Tuberville, Tommy",2023-04-12,R,,Senate,,2023-04-12,22.4702484190472,Alabama,2023-08-28,2023-03-21,2023-04-12,X,3.5187534288759204,18.88116145373363,True,True
CLF,Stock Option,Cleveland-Cliffs Inc. Common Stock,"Tuesday, March 21, 2023",Sale (Partial),"$1,001 - $15,000",New,,Option Type: Put Strike price: $18.00  Expires: 10/20/2023,"Tuberville, Tommy",2023-04-12,R,,Senate,,2023-04-12,-20.253609097824,Alabama,2023-08-28,2023-03-21,2023-04-12,CLF,13.018383049353233,20.194028001273733,True,True
X,Stock,United States Steel Corporation Common Stock,"Tuesday, March 21, 2023",Sale (Partial),"$15,001 - $50,000",New,,,"Tuberville, Tommy",2023-04-12,R,,Senate,,2023-04-12,22.4702484190472,Alabama,2023-08-28,2023-03-21,2023-04-12,X,3.5187534288759204,18.88116145373363,True,True
X,Stock,United States Steel Corporation Common Stock,"Tuesday, March 21, 2023",Sale (Partial),"$15,001 - $50,000",New,,,"Tuberville, Tommy",2023-04-12,R,,Senate,,2023-04-12,22.4702484190472,Alabama,2023-08-28,2023-03-21,2023-04-12,X,3.5187534288759204,18.88116145373363,True,True
X,Stock,United States Steel Corporation Common Stock,"Tuesday, March 21, 2023",Sale (Partial),"$1,001 - $15,000",New,,,"Tuberville, Tommy",2023-04-12,R,,Senate,,2023-04-12,22.4702484190472,Alabama,2023-08-28,2023-03-21,2023-04-12,X,3.5187534288759204,18.88116145373363,True,True
CLF,Stock Option,Cleveland-Cliffs Inc. Common Stock,"Tuesday, March 21, 2023",Sale (Partial),"$1,001 - $15,000",New,,Option Type: Call Strike price: $21.00  Expires: 10/20/2023,"Tuberville, Tommy",2023-04-12,R,,Senate,,2023-04-12,-20.253609097824,Alabama,2023-08-28,2023-03-21,2023-04-12,CLF,13.018383049353233,20.194028001273733,True,True
BATRK,Stock,Liberty Media Corporation - Series C Liberty Brave,"Monday, March 20, 2023",Sale (Partial),"$15,001 - $50,000",New,,,"Hickenlooper, John",2023-04-13,D,,Senate,,2023-04-13,-11.8999186835216,Colorado,2023-08-28,2023-03-20,2023-04-13,BATRK,-4.215038918978387,-9.423566420865681,False,False
HAL,ST,HALLIBURTON COMPANY,"Monday, March 20, 2023",Sale,"$1,001 - $15,000",,,,Lois Frankel,2023-04-28,D, FL22,House,,2023-05-01,-6.49391733185595,Florida,2023-11-16,2023-03-20,2023-04-28,HAL,-6.00776175675708,8.488313369776845,False,True
USB,Stock,U.S. Bancorp Common Stock,"Monday, March 20, 2023",Sale (Full),"$1,001 - $15,000",New,,,"King, Angus",2023-04-13,I,,Senate,,2023-04-13,-7.2849447936077,Maine,2023-08-28,2023-03-20,2023-04-13,USB,0.6076386128851308,13.587834446586744,True,True
X,Stock,United States Steel Corporation Common Stock,"Monday, March 20, 2023",Sale (Partial),"$50,001 - $100,000",New,,,"Tuberville, Tommy",2023-04-12,R,,Senate,,2023-04-12,26.5284758283236,Alabama,2023-08-28,2023-03-20,2023-04-12,X,0.9207617208824237,16.84325157249078,True,True
SPY,ST,SPDR S&P 500,"Monday, March 20, 2023",Purchase,"$1,001 - $15,000",NEW,,,Daniel Crenshaw,2023-04-20,R, TX02,House,,2023-04-21,0.0509379690148677,Texas,2023-11-16,2023-03-20,2023-04-20,SPY,0.04515698051192896,-0.02977643318211598,True,False
T,ST,AT&T INC.,"Friday, March 17, 2023",Purchase,"$1,001 - $15,000",NEW,,,Dan Newhouse,2023-05-26,R, WA04,House,,2023-05-29,-36.5588446746452,Washington,2023-11-16,2023-03-17,2023-05-26,T,3.164234390034437,-24.583943283730814,True,False
SYK,ST,STRYKER CORPORATION,"Friday, March 17, 2023",Sale,"$15,001 - $50,000",NEW,,,Michael C. Burgess,2023-04-14,R, TX26,House,,2023-04-17,-2.25687384790702,Texas,2023-11-16,2023-03-17,2023-04-14,SYK,-0.6908273381775798,5.2724775248985445,False,True
TSLA,ST,"TESLA, INC.","Friday, March 17, 2023",Purchase,"$1,001 - $15,000",NEW,,,Dan Newhouse,2023-05-26,R, WA04,House,,2023-05-29,-39.7952276399541,Washington,2023-11-16,2023-03-17,2023-05-26,TSLA,-2.155758765921978,29.06311802184549,False,True
ULTA,ST,"ULTA BEAUTY, INC.","Friday, March 17, 2023",Sale,"$1,001 - $15,000",NEW,,,Dan Newhouse,2023-05-26,R, WA04,House,,2023-05-29,-24.77317400631,Washington,2023-11-16,2023-03-17,2023-05-26,ULTA,0.48896292884275105,23.923811622090895,True,True
SBUX,ST,STARBUCKS CORPORATION,"Friday, March 17, 2023",Sale,"$1,001 - $15,000",NEW,,,Dan Newhouse,2023-05-26,R, WA04,House,,2023-05-29,-39.2948764076374,Washington,2023-11-16,2023-03-17,2023-05-26,SBUX,-3.744705817748706,10.285640302202514,False,True
VZ,ST,VERIZON COMMUNICATIONS INC.,"Friday, March 17, 2023",Purchase,"$1,001 - $15,000",NEW,,,Dan Newhouse,2023-05-26,R, WA04,House,,2023-05-29,-23.262916487248,Washington,2023-11-16,2023-03-17,2023-05-26,VZ,1.2655311634547584,-13.952291252810012,True,False
DE,ST,DEERE & COMPANY,"Friday, March 17, 2023",Sale,"$1,001 - $15,000",NEW,,,Dan Newhouse,2023-05-26,R, WA04,House,,2023-05-29,-31.1492084045309,Washington,2023-11-16,2023-03-17,2023-05-26,DE,4.456199136065542,7.548283546190304,True,True
AAPL,ST,APPLE INC.,"Friday, March 17, 2023",Purchase,"$500,001 - $1,000,000",NEW,,"EXERCISED 100 CALL OPTIONS PURCHASED 5/13/22 (10,000 SHARES) AT A STRIKE PRICE OF $80 WITH AN EXPIRATION DATE",Nancy Pelosi,2023-04-06,D, CA11,House,,2023-04-07,-19.2341253536125,California,2023-11-16,2023-03-17,2023-04-06,AAPL,0.6081266606249303,7.005508488061185,True,True
WFC,Stock,Wells Fargo & Company Common Stock,"Friday, March 17, 2023",Sale (Full),"$1,001 - $15,000",New,,,"Sullivan, Dan",2023-04-26,R,,Senate,,2023-04-27,21.7021581346325,Alaska,2023-08-28,2023-03-17,2023-04-26,WFC,-3.383132258374588,0.8187295880349721,False,True
CCI,ST,CROWN CASTLE INC.,"Thursday, March 16, 2023",Sale,"$1,001 - $15,000",NEW, MORGAN STANLEY - SELECT UMA ACCOUNT # 1,,Josh Gottheimer,2023-04-20,D, NJ05,House,,2023-04-20,-49.3589407727046,New Jersey,2023-11-16,2023-03-16,2023-04-20,CCI,5.08047512971287,24.07699432288368,True,True
FIS,ST,"FIDELITY NATIONAL INFORMATION SERVICES, INC.","Thursday, March 16, 2023",Sale,"$15,001 - $50,000",NEW, MORGAN STANLEY - SELECT UMA ACCOUNT # 1,,Josh Gottheimer,2023-04-20,D, NJ05,House,,2023-04-20,3.36743942743671,New Jersey,2023-11-16,2023-03-16,2023-04-20,FIS,-6.470440399499866,5.521393020873844,False,True
BAC,ST,BANK OF AMERICA CORPORATION,"Thursday, March 16, 2023",Sale,"$1,001 - $15,000",NEW, NORTHWESTERN MUTUAL - JOINT,,John Curtis,2023-03-27,R, UT03,House,,2023-03-28,-6.94341542257345,Utah,2023-11-16,2023-03-16,2023-03-27,BAC,-0.008689474539469444,9.893350256110288,False,True
ULTA,ST,"ULTA BEAUTY, INC.","Thursday, March 16, 2023",Sale,"$1,001 - $15,000",NEW, MORGAN STANLEY IRA - X142,,Lois Frankel,2023-04-28,D, FL22,House,,2023-05-01,-24.8645741789864,Florida,2023-11-16,2023-03-16,2023-04-28,ULTA,0.8362808429791979,24.084656719294706,True,True
GOOG,ST,ALPHABET INC. - CLASS C CAPITAL STOCK,"Thursday, March 16, 2023",Sale,"$1,001 - $15,000",NEW, MORGAN STANLEY - SELECT UMA ACCOUNT # 1,,Josh Gottheimer,2023-04-20,D, NJ05,House,,2023-04-20,11.4915773074418,New Jersey,2023-11-16,2023-03-16,2023-04-20,GOOG,-0.46945820285406725,-12.652088616354341,False,False
TWKS,ST,"THOUGHTWORKS HOLDING, INC.","Thursday, March 16, 2023",Sale,"$1,001 - $15,000",NEW, MORGAN STANLEY - SELECT UMA ACCOUNT # 1,,Josh Gottheimer,2023-04-20,D, NJ05,House,,2023-04-20,-94.4765524209663,New Jersey,2023-11-16,2023-03-16,2023-04-20,TWKS,12.017134315003663,1.7369469625107214,True,True
VBTX,ST,"VERITEX HOLDINGS, INC.","Thursday, March 16, 2023",Sale,"$1,001 - $15,000",NEW, MORGAN STANLEY - SELECT UMA ACCOUNT # 1,,Josh Gottheimer,2023-04-20,D, NJ05,House,,2023-04-20,-33.6302756284393,New Jersey,2023-11-16,2023-03-16,2023-04-20,VBTX,9.383334107346364,9.232856230391562,True,True
WCC,ST,"WESCO INTERNATIONAL, INC.","Thursday, March 16, 2023",Purchase,"$15,001 - $50,000",NEW, KEAN FAMILY PARTNERSHIP,,Thomas H. Kean,2023-04-13,R, NJ07,House,,2023-04-13,-20.4262795528458,New Jersey,2023-11-16,2023-03-16,2023-04-13,WCC,-10.154975094819019,0.9708671189002205,False,True
COP,ST,CONOCOPHILLIPS,"Thursday, March 16, 2023",Sale,"$1,001 - $15,000",NEW, MORGAN STANLEY - SELECT UMA ACCOUNT # 1,,Josh Gottheimer,2023-04-20,D, NJ05,House,,2023-04-20,-4.65048683856108,New Jersey,2023-11-16,2023-03-16,2023-04-20,COP,-4.7300394674615776,3.9069867538381375,False,True
PYPL,ST,"PAYPAL HOLDINGS, INC.","Thursday, March 16, 2023",Sale,"$1,001 - $15,000",NEW, MORGAN STANLEY - SELECT UMA ACCOUNT # 1,,Josh Gottheimer,2023-04-20,D, NJ05,House,,2023-04-20,-44.6406924099446,New Jersey,2023-11-16,2023-03-16,2023-04-20,PYPL,0.8158268035346028,24.869774403105417,True,True
NOK,Stock,Nokia Corporation Sponsored American Depositary Sh,"Wednesday, March 15, 2023",Sale (Full),"$1,001 - $15,000",New,,,"Hickenlooper, John",2023-04-13,D,,Senate,,2023-04-13,-49.2004993486081,Colorado,2023-08-28,2023-03-15,2023-04-13,NOK,-2.8180906785910897,21.389585712616466,False,True
NEE,ST,"NEXTERA ENERGY, INC.","Wednesday, March 15, 2023",Purchase,"$1,001 - $15,000",NEW, HERN FAMILY REVOCABLE TRUST > BROKERAGE INVESTMENT ACCOUNT,DIVIDEND REINVESTMENT,Kevin Hern,2023-04-10,R, OK01,House,,2023-04-11,-51.8280426652061,Oklahoma,2023-11-16,2023-03-15,2023-04-10,NEE,-3.002938623436502,-13.80744164633535,False,False
MELI,ST,"MERCADOLIBRE, INC.","Wednesday, March 15, 2023",Purchase,"$1,001 - $15,000",NEW, MORGAN STANLEY - SELECT UMA ACCOUNT # 1,,Josh Gottheimer,2023-04-20,D, NJ05,House,,2023-04-20,-5.26366165938764,New Jersey,2023-11-16,2023-03-15,2023-04-20,MELI,3.1840597395181858,-10.528938179450552,True,False
PFE,ST,"PFIZER, INC.","Tuesday, March 14, 2023",Sale,"$15,001 - $50,000",NEW," R.W. ALLEN & ASSOCIATES, INC. > RWA&A - SECURITIES",,Richard W. Allen,2023-08-10,R, GA12,House,,2023-08-11,-60.5477787701836,Georgia,2023-11-16,2023-03-14,2023-08-10,PFE,1.8552431481901888,10.707041326362688,True,True
TFC,Stock,Truist Financial Corporation Common Stock,"Tuesday, March 14, 2023",Purchase,"$1,001 - $15,000",New,,,"Peters, Gary",2023-04-12,D,,Senate,,2023-04-13,-21.2252881018566,Michigan,2023-08-28,2023-03-14,2023-04-12,TFC,0.35797915438855465,-10.48746289469511,True,False
SCHW,ST,CHARLES SCHWAB CORPORATION,"Tuesday, March 14, 2023",Sale,"$1,001 - $15,000",NEW, MORGAN STANLEY - SELECT UMA ACCOUNT # 1,,Josh Gottheimer,2023-04-20,D, NJ05,House,,2023-04-20,-12.2947892038188,New Jersey,2023-11-16,2023-03-14,2023-04-20,SCHW,14.946745872460632,15.488267631728803,True,True
USB,ST,U.S. BANCORP,"Tuesday, March 14, 2023",Purchase,"$15,001 - $50,000",NEW, D.A. DAVIDSON/STIFEL,MONEY MARKET FUND - US BANCORP,Michael K. Simpson,2023-05-12,R, ID02,House,,2023-05-12,-18.3894236715599,Idaho,2023-11-16,2023-03-14,2023-05-12,USB,-11.468557994558681,-24.96990113313011,False,False
APPF,ST,"APPFOLIO, INC. - CLASS A","Tuesday, March 14, 2023",Purchase,"$1,001 - $15,000",NEW, MORGAN STANLEY - SELECT UMA ACCOUNT # 1,,Josh Gottheimer,2023-04-20,D, NJ05,House,,2023-04-20,55.3093140205476,New Jersey,2023-11-16,2023-03-14,2023-04-20,APPF,2.2173013484098503,35.18855059465022,True,True
VBTX,ST,"VERITEX HOLDINGS, INC.","Tuesday, March 14, 2023",Sale,"$1,001 - $15,000",NEW,,,Josh Gottheimer,2023-04-20,D, NJ05,House,,2023-04-20,-32.2078625238716,New Jersey,2023-11-16,2023-03-14,2023-04-20,VBTX,7.425097684829584,6.434881978241358,True,True
ACN,ST,ACCENTURE PLC CLASS A ORDINARY SHARES,"Tuesday, March 14, 2023",Sale,"$50,001 - $100,000",NEW," R.W. ALLEN & ASSOCIATES, INC. > RWA&A - SECURITIES",,Richard W. Allen,2023-08-10,R, GA12,House,,2023-08-11,17.795346152389,Georgia,2023-11-16,2023-03-14,2023-08-10,ACN,-7.19708553538867,-12.661152691851063,False,False
ET,ST,ENERGY TRANSFER LP COMMON UNITS,"Monday, March 13, 2023",Purchase,"$15,001 - $50,000",NEW, MORGAN STANLEY IRA 4181,ENERGY TRANSFER LP COM UT LTD PREFERENTIAL RATE UNSOLICITED TRADE,Maria Elvira Salazar,2023-04-25,R, FL27,House,,2023-04-26,-7.61883932921953,Florida,2023-11-16,2023-03-13,2023-04-25,ET,-3.1892649886473112,-9.67631459152274,False,False
ET,ST,ENERGY TRANSFER LP COMMON UNITS,"Monday, March 13, 2023",Purchase,"$50,001 - $100,000",NEW, MORGAN STANLEY 9219,ENERGY TRANSFER LP COM UT LTD PREFERENTIAL RATE UNSOLICITED TRADE,Maria Elvira Salazar,2023-04-25,R, FL27,House,,2023-04-26,-7.61883932921953,Florida,2023-11-16,2023-03-13,2023-04-25,ET,-3.1892649886473112,-9.67631459152274,False,False
PPG,ST,"PPG INDUSTRIES, INC.","Monday, March 13, 2023",Purchase,"$1,001 - $15,000",NEW,,REINVEST SHARES,Lloyd Doggett,2023-04-10,D, TX37,House,,2023-04-11,-22.1967252774743,Texas,2023-11-16,2023-03-13,2023-04-10,PPG,4.5390980095384,-0.27869141274170506,True,False
ET,ST,ENERGY TRANSFER LP COMMON UNITS,"Monday, March 13, 2023",Purchase,"$100,001 - $250,000",NEW, MORGAN STANLEY ACCT3084,ENERGY TRANSFER LP COM UT LTD PREFERENTIAL RATE UNSOLICITED TRADE,Maria Elvira Salazar,2023-04-25,R, FL27,House,,2023-04-26,-7.61883932921953,Florida,2023-11-16,2023-03-13,2023-04-25,ET,-3.1892649886473112,-9.67631459152274,False,False
IBM,ST,INTERNATIONAL BUSINESS MACHINES CORPORATION,"Monday, March 13, 2023",Purchase,"$1,001 - $15,000",NEW,,REINVEST SHARES,Lloyd Doggett,2023-04-10,D, TX37,House,,2023-04-11,19.4088354571615,Texas,2023-11-16,2023-03-13,2023-04-10,IBM,-3.7685842121418567,-3.899177548655386,False,False
CIVI,ST,"CIVITAS RESOURCES, INC.","Monday, March 13, 2023",Purchase,"$1,001 - $15,000",NEW, NEUBERGER,,Maria Elvira Salazar,2023-04-25,R, FL27,House,,2023-04-26,-24.397741830051,Florida,2023-11-16,2023-03-13,2023-04-25,CIVI,4.280914012980364,-6.205275356437401,True,False
ARLP,ST,"ALLIANCE RESOURCE PARTNERS, L.P. - COMMON UNITS REPRESENTING LIMITED PARTNERSHIP INTERESTS","Friday, March 10, 2023",Purchase,"$1,001 - $15,000",NEW,,,Virginia Foxx,2023-04-04,R, NC05,House,,2023-04-05,-29.7605244685709,North Carolina,2023-11-16,2023-03-10,2023-04-04,ARLP,-1.3135933400308497,-16.864134006945253,False,False
ROK,ST,"ROCKWELL AUTOMATION, INC.","Friday, March 10, 2023",Purchase,"$1,001 - $15,000",NEW, HERN FAMILY REVOCABLE TRUST > BROKERAGE INVESTMENT ACCOUNT,DIVIDEND REINVESTMENT,Kevin Hern,2023-04-10,R, OK01,House,,2023-04-11,-35.3498584996068,Oklahoma,2023-11-16,2023-03-10,2023-04-10,ROK,-11.197561209595053,-6.404677320988017,False,False
LRLCY,ST,L'OREAL CO. AMERICAN DEPOSITARY SHARES,"Friday, March 10, 2023",Sale,"$1,001 - $15,000",NEW, MORGAN STANLEY - SELECT UMA ACCOUNT # 1,,Josh Gottheimer,2023-04-20,D, NJ05,House,,2023-04-20,-8.88928341659028,New Jersey,2023-11-16,2023-03-10,2023-04-20,LRLCY,-7.45649382338085,0.7485230388060371,False,True
EMR,ST,EMERSON ELECTRIC COMPANY,"Friday, March 10, 2023",Purchase,"$1,001 - $15,000",NEW, HERN FAMILY REVOCABLE TRUST > BROKERAGE INVESTMENT ACCOUNT,DIVIDEND REINVESTMENT,Kevin Hern,2023-04-10,R, OK01,House,,2023-04-11,2.07019746421291,Oklahoma,2023-11-16,2023-03-10,2023-04-10,EMR,-3.6350610479270795,-8.88362502023956,False,False
BAC,ST,BANK OF AMERICA CORPORATION,"Thursday, March 9, 2023",Sale,"$1,001 - $15,000",NEW,,PART OF MY SPOUSE'S RETIREMENT PORTFOLIO.,Earl Blumenauer,2023-04-05,D, OR03,House,,2023-04-06,-14.6700851255146,Oregon,2023-11-16,2023-03-09,2023-04-05,BAC,13.382604637814055,12.382844970394357,True,True
FDX,ST,FEDEX CORPORATION,"Thursday, March 9, 2023",Sale,"$1,001 - $15,000",NEW,,PART OF MY SPOUSE'S RETIREMENT PORTFOLIO.,Earl Blumenauer,2023-04-05,D, OR03,House,,2023-04-06,-8.74273832952581,Oregon,2023-11-16,2023-03-09,2023-04-05,FDX,-6.5680556807725665,0.8428857684421143,False,True
TSM,ST,TAIWAN SEMICONDUCTOR MANUFACTURING COMPANY LTD.,"Thursday, March 9, 2023",Purchase,"$1,001 - $15,000",NEW, MORGAN STANLEY - SELECT UMA ACCOUNT # 1,,Josh Gottheimer,2023-04-20,D, NJ05,House,,2023-04-20,23.5015267311524,New Jersey,2023-11-16,2023-03-09,2023-04-20,TSM,-4.711663557846557,3.925555583910323,False,True
JNJ,ST,JOHNSON & JOHNSON,"Wednesday, March 8, 2023",Purchase,"$1,001 - $15,000",NEW,,REINVEST SHARES,Lloyd Doggett,2023-04-10,D, TX37,House,,2023-04-11,-24.8126875240068,Texas,2023-11-16,2023-03-08,2023-04-10,JNJ,4.49341893034918,-3.897955352995841,True,False
BMY,ST,BRISTOL-MYERS SQUIBB COMPANY,"Tuesday, March 7, 2023",Sale,"$1,001 - $15,000",NEW, DANIEL GOLDMAN 1997 TRUST > DSG INVESTMENT HOLDINGS LLC > TACS,,Daniel Goldman,2023-04-17,D, NY10,House,,2023-04-17,-51.4544623139162,New York,2023-11-16,2023-03-07,2023-04-17,BMY,-1.0530165672598901,10.180651606385771,False,True
AAPL,Stock,Apple Inc. - Common Stock,"Tuesday, March 7, 2023",Sale (Partial),"$15,001 - $50,000",New,,,"Carper, Thomas R.",2023-04-03,D,,Senate,,2023-04-03,-14.5596151930098,Delaware,2023-08-28,2023-03-07,2023-04-03,AAPL,-5.638381712400342,-11.246392510873292,False,False
PFE,ST,"PFIZER, INC.","Tuesday, March 7, 2023",Sale,"$1,001 - $15,000",NEW, DANIEL GOLDMAN 1997 TRUST > DSG INVESTMENT HOLDINGS LLC > TACS,,Daniel Goldman,2023-04-17,D, NY10,House,,2023-04-17,-59.1637714217934,New York,2023-11-16,2023-03-07,2023-04-17,PFE,0.10083468601398415,11.399455071061837,True,True
AMT,ST,AMERICAN TOWER CORPORATION,"Tuesday, March 7, 2023",Sale,"$1,001 - $15,000",NEW, DANIEL GOLDMAN 1997 TRUST > DSG INVESTMENT HOLDINGS LLC > TACS,,Daniel Goldman,2023-04-17,D, NY10,House,,2023-04-17,-25.8414876235982,New York,2023-11-16,2023-03-07,2023-04-17,AMT,-4.467600088216073,9.149037909159807,False,True
CAG,ST,"CONAGRA BRANDS, INC.","Tuesday, March 7, 2023",Sale,"$1,001 - $15,000",NEW, DANIEL GOLDMAN 1997 TRUST > DSG INVESTMENT HOLDINGS LLC > TACS,,Daniel Goldman,2023-04-17,D, NY10,House,,2023-04-17,-50.0828791844322,New York,2023-11-16,2023-03-07,2023-04-17,CAG,-4.140546561835268,9.47074743669184,False,True
ABBV,ST,ABBVIE INC.,"Tuesday, March 7, 2023",Purchase,"$1,001 - $15,000",NEW, DANIEL GOLDMAN 1997 TRUST > DSG INVESTMENT HOLDINGS LLC > TACS,,Daniel Goldman,2023-04-17,D, NY10,House,,2023-04-17,-12.1103967860507,New York,2023-11-16,2023-03-07,2023-04-17,ABBV,2.660180747843355,-17.71813921278962,True,False
TSN,ST,"TYSON FOODS, INC.","Tuesday, March 7, 2023",Purchase,"$1,001 - $15,000",NEW, DANIEL GOLDMAN 1997 TRUST > DSG INVESTMENT HOLDINGS LLC > TACS,,Daniel Goldman,2023-04-17,D, NY10,House,,2023-04-17,-32.2283741743602,New York,2023-11-16,2023-03-07,2023-04-17,TSN,-0.8520101796968271,-20.675891083468933,False,False
LLY,ST,ELI LILLY AND COMPANY,"Tuesday, March 7, 2023",Purchase,"$1,001 - $15,000",NEW, DANIEL GOLDMAN 1997 TRUST > DSG INVESTMENT HOLDINGS LLC > TACS,,Daniel Goldman,2023-04-17,D, NY10,House,,2023-04-17,114.362188287991,New York,2023-11-16,2023-03-07,2023-04-17,LLY,15.585885494772223,35.80895843861933,True,True
ZTS,ST,ZOETIS INC. CLASS A,"Tuesday, March 7, 2023",Purchase,"$1,001 - $15,000",NEW, DANIEL GOLDMAN 1997 TRUST > DSG INVESTMENT HOLDINGS LLC > TACS,,Daniel Goldman,2023-04-17,D, NY10,House,,2023-04-17,-25.1082811065952,New York,2023-11-16,2023-03-07,2023-04-17,ZTS,-1.8328827006840909,-4.761408565328296,False,False
KO,ST,COCA-COLA COMPANY,"Tuesday, March 7, 2023",Purchase,"$1,001 - $15,000",NEW, DANIEL GOLDMAN 1997 TRUST > DSG INVESTMENT HOLDINGS LLC > TACS,,Daniel Goldman,2023-04-17,D, NY10,House,,2023-04-17,-28.6416811107834,New York,2023-11-16,2023-03-07,2023-04-17,KO,1.7394918137731752,-5.976937664258464,True,False
JNJ,ST,JOHNSON & JOHNSON,"Tuesday, March 7, 2023",Purchase,"$1,001 - $15,000",NEW, HERN FAMILY REVOCABLE TRUST > BROKERAGE INVESTMENT ACCOUNT,DIVIDEND REINVESTMENT,Kevin Hern,2023-04-10,R, OK01,House,,2023-04-11,-25.7707576035292,Oklahoma,2023-11-16,2023-03-07,2023-04-10,JNJ,4.201229997055411,-4.4649121737728725,True,False
BCC,ST,"BOISE CASCADE, L.L.C.","Tuesday, March 7, 2023",Sale,"$15,001 - $50,000",NEW,,,Virginia Foxx,2023-04-04,R, NC05,House,,2023-04-05,68.8900836940775,North Carolina,2023-11-16,2023-03-07,2023-04-04,BCC,12.05093743349236,-4.414350790560584,True,False
NVDA,ST,NVIDIA CORPORATION,"Tuesday, March 7, 2023",Purchase,"$1,001 - $15,000",NEW, CHRIS IRA,,Morgan Mcgarvey,2023-04-12,D, KY03,House,,2023-04-13,248.749889333991,Kentucky,2023-11-16,2023-03-07,2023-04-12,NVDA,13.122030016043972,60.99244480915347,True,True
DAR,ST,DARLING INGREDIENTS INC.,"Tuesday, March 7, 2023",Purchase,"$1,001 - $15,000",NEW, DANIEL GOLDMAN 1997 TRUST > DSG INVESTMENT HOLDINGS LLC > TACS,,Daniel Goldman,2023-04-17,D, NY10,House,,2023-04-17,-56.8399990028186,New York,2023-11-16,2023-03-07,2023-04-17,DAR,-11.610413402995523,-5.615355301042424,False,False
VGR,ST,VECTOR GROUP LTD.,"Tuesday, March 7, 2023",Purchase,"$1,001 - $15,000",NEW,,,Virginia Foxx,2023-04-04,R, NC05,House,,2023-04-05,-44.3907826364377,North Carolina,2023-11-16,2023-03-07,2023-04-04,VGR,-7.493525364446607,-12.116611196809535,False,False
CTLT,ST,"CATALENT, INC.","Tuesday, March 7, 2023",Purchase,"$1,001 - $15,000",NEW, DANIEL GOLDMAN 1997 TRUST > DSG INVESTMENT HOLDINGS LLC > TACS,,Daniel Goldman,2023-04-17,D, NY10,House,,2023-04-17,-45.5169249040253,New York,2023-11-16,2023-03-07,2023-04-17,CTLT,-7.194060118638113,-51.46607686402203,False,False
PM,ST,PHILIP MORRIS INTERNATIONAL INC,"Tuesday, March 7, 2023",Sale,"$1,001 - $15,000",NEW, DANIEL GOLDMAN 1997 TRUST > DSG INVESTMENT HOLDINGS LLC > TACS,,Daniel Goldman,2023-04-17,D, NY10,House,,2023-04-17,-33.4426827910239,New York,2023-11-16,2023-03-07,2023-04-17,PM,3.19805575437202,16.479586643519085,True,True
JBGS,ST,JBG SMITH PROPERTIES COMMON SHARES,"Monday, March 6, 2023",Purchase,"$1,001 - $15,000",NEW, DANIEL GOLDMAN GRANDCHILDREN 1986 TRUST > TACS R3K,,Daniel Goldman,2023-04-17,D, NY10,House,,2023-04-17,-24.4777597908665,New York,2023-11-16,2023-03-06,2023-04-17,JBGS,-11.085469783482493,-16.535000348166186,False,False
EXC,ST,EXELON CORPORATION,"Monday, March 6, 2023",Purchase,"$15,001 - $50,000",NEW, DANIEL GOLDMAN GRANDCHILDREN 1986 TRUST > TACS R3K,,Daniel Goldman,2023-04-17,D, NY10,House,,2023-04-17,-38.5137429476868,New York,2023-11-16,2023-03-06,2023-04-17,EXC,2.434258657174615,-9.206299311698974,True,False
ASML,ST,ASML HOLDING N.V. - NEW YORK REGISTRY SHARES,"Monday, March 6, 2023",Purchase,"$1,001 - $15,000",NEW, MORGAN STANLEY - SELECT UMA ACCOUNT # 1,,Josh Gottheimer,2023-04-20,D, NJ05,House,,2023-04-20,24.9713468724278,New Jersey,2023-11-16,2023-03-06,2023-04-20,ASML,5.876932705911364,10.73505907720822,True,True
NVDA,ST,NVIDIA CORPORATION,"Monday, March 6, 2023",Purchase,"$1,001 - $15,000",NEW, MORGAN STANLEY - SELECT UMA ACCOUNT # 1,,Josh Gottheimer,2023-04-20,D, NJ05,House,,2023-04-20,246.476884272754,New Jersey,2023-11-16,2023-03-06,2023-04-20,NVDA,13.088533720830608,60.736100337716856,True,True
PLUG,ST,"PLUG POWER, INC.","Monday, March 6, 2023",Sale,"$15,001 - $50,000",NEW, DANIEL GOLDMAN GRANDCHILDREN 1986 TRUST > TACS R3K,,Daniel Goldman,2023-04-17,D, NY10,House,,2023-04-17,-102.078631888059,New York,2023-11-16,2023-03-06,2023-04-17,PLUG,30.224454816504085,43.97212991561159,True,True
VZ,ST,VERIZON COMMUNICATIONS INC.,"Monday, March 6, 2023",Purchase,"$15,001 - $50,000",NEW, DANIEL GOLDMAN GRANDCHILDREN 1986 TRUST > TACS R3K,,Daniel Goldman,2023-04-17,D, NY10,House,,2023-04-17,-22.9260932526916,New York,2023-11-16,2023-03-06,2023-04-17,VZ,4.101158345974265,-15.239215137159267,True,False
LUMN,ST,"LUMEN TECHNOLOGIES, INC.","Monday, March 6, 2023",Sale,"$1,001 - $15,000",NEW, DANIEL GOLDMAN GRANDCHILDREN 1986 TRUST > TACS R3K,,Daniel Goldman,2023-04-17,D, NY10,House,,2023-04-17,-78.8627865288344,New York,2023-11-16,2023-03-06,2023-04-17,LUMN,27.703117022717837,47.688075418268205,True,True
PEG,ST,PUBLIC SERVICE ENTERPRISE GROUP INCORPORATED,"Monday, March 6, 2023",Sale,"$1,001 - $15,000",NEW, DANIEL GOLDMAN GRANDCHILDREN 1986 TRUST > TACS R3K,,Daniel Goldman,2023-04-17,D, NY10,House,,2023-04-17,-20.3154159847917,New York,2023-11-16,2023-03-06,2023-04-17,PEG,-4.071698972486804,3.470353690593697,False,True
MCK,ST,MCKESSON CORPORATION,"Monday, March 6, 2023",Sale,"$1,001 - $15,000",NEW, MORGAN STANLEY - SELECT UMA ACCOUNT # 1,,Josh Gottheimer,2023-04-20,D, NJ05,House,,2023-04-20,26.9547698739644,New Jersey,2023-11-16,2023-03-06,2023-04-20,MCK,-6.23021036586342,-8.0638767422621,False,False
COP,ST,CONOCOPHILLIPS,"Monday, March 6, 2023",Sale,"$1,001 - $15,000",NEW, MORGAN STANLEY - SELECT UMA ACCOUNT # 1,,Josh Gottheimer,2023-04-20,D, NJ05,House,,2023-04-20,-16.8730092378523,New Jersey,2023-11-16,2023-03-06,2023-04-20,COP,2.688514332708569,12.403297980137374,True,True
BILL,ST,"BILL HOLDINGS, INC.","Monday, March 6, 2023",Sale,"$15,001 - $50,000",NEW, DANIEL GOLDMAN GRANDCHILDREN 1986 TRUST > TACS R3K,,Daniel Goldman,2023-04-17,D, NY10,House,,2023-04-17,-53.609885774075,New York,2023-11-16,2023-03-06,2023-04-17,BILL,16.67236425855544,-20.02737150677674,True,False
EW,ST,EDWARDS LIFESCIENCES CORPORATION,"Monday, March 6, 2023",Purchase,"$15,001 - $50,000",NEW, DANIEL GOLDMAN GRANDCHILDREN 1986 TRUST > TACS R3K,,Daniel Goldman,2023-04-17,D, NY10,House,,2023-04-17,-9.2938740538306,New York,2023-11-16,2023-03-06,2023-04-17,EW,4.864553526687532,3.494049458206616,True,True
ED,ST,"CONSOLIDATED EDISON, INC.","Monday, March 6, 2023",Purchase,"$15,001 - $50,000",NEW, DANIEL GOLDMAN GRANDCHILDREN 1986 TRUST > TACS R3K,,Daniel Goldman,2023-04-17,D, NY10,House,,2023-04-17,-29.3742638470345,New York,2023-11-16,2023-03-06,2023-04-17,ED,6.4720097548989886,-4.126287181288468,True,False
KHC,ST,THE KRAFT HEINZ COMPANY,"Monday, March 6, 2023",Sale,"$15,001 - $50,000",NEW, DANIEL GOLDMAN GRANDCHILDREN 1986 TRUST > TACS R3K,,Daniel Goldman,2023-04-17,D, NY10,House,,2023-04-17,-38.2877362051306,New York,2023-11-16,2023-03-06,2023-04-17,KHC,0.9595140559023552,7.952090783208399,True,True
SBAC,ST,SBA COMMUNICATIONS CORPORATION - CLASS A,"Monday, March 6, 2023",Sale,"$15,001 - $50,000",NEW, DANIEL GOLDMAN GRANDCHILDREN 1986 TRUST > TACS R3K,,Daniel Goldman,2023-04-17,D, NY10,House,,2023-04-17,-42.322527396937,New York,2023-11-16,2023-03-06,2023-04-17,SBAC,0.24011617037460464,18.019534193136156,True,True
CTAS,ST,CINTAS CORPORATION,"Monday, March 6, 2023",Purchase,"$15,001 - $50,000",NEW, DANIEL GOLDMAN GRANDCHILDREN 1986 TRUST > TACS R3K,,Daniel Goldman,2023-04-17,D, NY10,House,,2023-04-17,14.675740967047,New York,2023-11-16,2023-03-06,2023-04-17,CTAS,0.5717682196455076,3.3537162858126024,True,True
GOOG,ST,ALPHABET INC. - CLASS C CAPITAL STOCK,"Monday, March 6, 2023",Sale,"$1,001 - $15,000",NEW, MORGAN STANLEY - SELECT UMA ACCOUNT # 1,,Josh Gottheimer,2023-04-20,D, NJ05,House,,2023-04-20,22.3059631144914,New Jersey,2023-11-16,2023-03-06,2023-04-20,GOOG,-8.76684710694471,-26.919007172638977,False,False
SHW,ST,SHERWIN-WILLIAMS COMPANY,"Monday, March 6, 2023",Purchase,"$15,001 - $50,000",NEW, DANIEL GOLDMAN GRANDCHILDREN 1986 TRUST > TACS R3K,,Daniel Goldman,2023-04-17,D, NY10,House,,2023-04-17,22.6504210132411,New York,2023-11-16,2023-03-06,2023-04-17,SHW,-1.7670633327992125,1.231370238383711,False,True
MDT,ST,MEDTRONIC PLC. ORDINARY SHARES,"Monday, March 6, 2023",Purchase,"$15,001 - $50,000",NEW, DANIEL GOLDMAN GRANDCHILDREN 1986 TRUST > TACS R3K,,Daniel Goldman,2023-04-17,D, NY10,House,,2023-04-17,-24.4368353288078,New York,2023-11-16,2023-03-06,2023-04-17,MDT,-3.0625780482985587,-3.3698619684208175,False,False
CVS,ST,CVS HEALTH CORPORATION,"Monday, March 6, 2023",Purchase,"$15,001 - $50,000",NEW, DANIEL GOLDMAN GRANDCHILDREN 1986 TRUST > TACS R3K,,Daniel Goldman,2023-04-17,D, NY10,House,,2023-04-17,-33.1518139611667,New York,2023-11-16,2023-03-06,2023-04-17,CVS,-7.32788574390214,-20.30713451759283,False,False
UPS,ST,"UNITED PARCEL SERVICE, INC.","Monday, March 6, 2023",Purchase,"$1,001 - $15,000",NEW, DANIEL GOLDMAN GRANDCHILDREN 1986 TRUST > TACS R3K,,Daniel Goldman,2023-04-17,D, NY10,House,,2023-04-17,-44.2070283681704,New York,2023-11-16,2023-03-06,2023-04-17,UPS,0.5130607620870364,-15.571682677376275,True,False
ENPH,ST,"ENPHASE ENERGY, INC.","Monday, March 6, 2023",Purchase,"$1,001 - $15,000",NEW, DANIEL GOLDMAN GRANDCHILDREN 1986 TRUST > TACS R3K,,Daniel Goldman,2023-04-17,D, NY10,House,,2023-04-17,-78.6329084267576,New York,2023-11-16,2023-03-06,2023-04-17,ENPH,-15.094588662852216,-24.479669521567804,False,False
TSLA,ST,"TESLA, INC.","Monday, March 6, 2023",Purchase,"$100,001 - $250,000",NEW, DANIEL GOLDMAN GRANDCHILDREN 1986 TRUST > TACS R3K,,Daniel Goldman,2023-04-17,D, NY10,House,,2023-04-17,-42.0414541711521,New York,2023-11-16,2023-03-06,2023-04-17,TSLA,-5.313835385209808,6.7132067153355734,False,True
DAL,ST,"DELTA AIR LINES, INC.","Monday, March 6, 2023",Sale,"$15,001 - $50,000",NEW, DANIEL GOLDMAN GRANDCHILDREN 1986 TRUST > TACS R3K,,Daniel Goldman,2023-04-17,D, NY10,House,,2023-04-17,-14.3220594452057,New York,2023-11-16,2023-03-06,2023-04-17,DAL,14.03697405790092,9.103006238721367,True,True
PM,ST,PHILIP MORRIS INTERNATIONAL INC,"Monday, March 6, 2023",Sale,"$1,001 - $15,000",NEW, DANIEL GOLDMAN GRANDCHILDREN 1986 TRUST > TACS R3K,,Daniel Goldman,2023-04-17,D, NY10,House,,2023-04-17,-32.2627199287679,New York,2023-11-16,2023-03-06,2023-04-17,PM,2.3950957167207965,15.606818741850192,True,True
SRPT,ST,"SAREPTA THERAPEUTICS, INC.","Monday, March 6, 2023",Purchase,"$1,001 - $15,000",NEW, MORGAN STANLEY - SELECT UMA ACCOUNT # 1,,Josh Gottheimer,2023-04-20,D, NJ05,House,,2023-04-20,-47.5552823570441,New Jersey,2023-11-16,2023-03-06,2023-04-20,SRPT,-12.864142398257838,-24.68347718313869,False,False
ALGN,ST,"ALIGN TECHNOLOGY, INC.","Monday, March 6, 2023",Purchase,"$1,001 - $15,000",NEW, MORGAN STANLEY - SELECT UMA ACCOUNT # 1,,Josh Gottheimer,2023-04-20,D, NJ05,House,,2023-04-20,-32.8262748967302,New Jersey,2023-11-16,2023-03-06,2023-04-20,ALGN,-6.629068218987733,-14.694318455642364,False,False
NTRA,ST,"NATERA, INC.","Monday, March 6, 2023",Purchase,"$1,001 - $15,000",NEW, DANIEL GOLDMAN GRANDCHILDREN 1986 TRUST > TACS R3K,,Daniel Goldman,2023-04-17,D, NY10,House,,2023-04-17,31.3615616595539,New York,2023-11-16,2023-03-06,2023-04-17,NTRA,-7.611457380604881,-21.396229620582673,False,False
Z,ST,"ZILLOW GROUP, INC. - CLASS C CAPITAL STOCK","Monday, March 6, 2023",Purchase,"$15,001 - $50,000",NEW,,,Daniel Goldman,2023-04-17,D, NY10,House,,2023-04-17,-13.9945186509036,New York,2023-11-16,2023-03-06,2023-04-17,Z,1.9095750044243687,2.13994912000528,True,True
MPW,ST,"MEDICAL PROPERTIES TRUST, INC. COMMON STOCK","Monday, March 6, 2023",Sale,"$1,001 - $15,000",NEW, DANIEL GOLDMAN GRANDCHILDREN 1986 TRUST > TACS R3K,,Daniel Goldman,2023-04-17,D, NY10,House,,2023-04-17,-84.5736535241924,New York,2023-11-16,2023-03-06,2023-04-17,MPW,23.871853536747047,24.596358425857346,True,True
UNH,ST,UNITEDHEALTH GROUP INCORPORATED COMMON STOCK,"Monday, March 6, 2023",Sale,"$50,001 - $100,000",NEW, DANIEL GOLDMAN GRANDCHILDREN 1986 TRUST > TACS R3K,,Daniel Goldman,2023-04-17,D, NY10,House,,2023-04-17,-24.3502708819122,New York,2023-11-16,2023-03-06,2023-04-17,UNH,-4.881016275132177,1.9456634658683525,False,True
LLY,ST,ELI LILLY AND COMPANY,"Monday, March 6, 2023",Sale,"$1,001 - $15,000",NEW, MORGAN STANLEY - SELECT UMA ACCOUNT # 1,,Josh Gottheimer,2023-04-20,D, NJ05,House,,2023-04-20,110.008032268621,New Jersey,2023-11-16,2023-03-06,2023-04-20,LLY,-12.532645826789079,-33.71706642014238,False,False
FNF,ST,"FNF GROUP OF FIDELITY NATIONAL FINANCIAL, INC.","Monday, March 6, 2023",Purchase,"$1,001 - $15,000",NEW, DANIEL GOLDMAN GRANDCHILDREN 1986 TRUST > TACS R3K,,Daniel Goldman,2023-04-17,D, NY10,House,,2023-04-17,4.62528568264201,New York,2023-11-16,2023-03-06,2023-04-17,FNF,-8.9353833194727,-12.800899069750994,False,False
ALLY,ST,ALLY FINANCIAL INC.,"Monday, March 6, 2023",Sale,"$15,001 - $50,000",NEW, DANIEL GOLDMAN GRANDCHILDREN 1986 TRUST > TACS R3K,,Daniel Goldman,2023-04-17,D, NY10,House,,2023-04-17,-1.28884350578964,New York,2023-11-16,2023-03-06,2023-04-17,ALLY,16.03978143557203,13.617429054339759,True,True
GILD,ST,"GILEAD SCIENCES, INC.","Monday, March 6, 2023",Purchase,"$15,001 - $50,000",NEW, DANIEL GOLDMAN GRANDCHILDREN 1986 TRUST > TACS R3K,,Daniel Goldman,2023-04-17,D, NY10,House,,2023-04-17,-35.586614626106,New York,2023-11-16,2023-03-06,2023-04-17,GILD,2.0950971248126615,-9.746371646306695,True,False
VNO,ST,VORNADO REALTY TRUST,"Monday, March 6, 2023",Sale,"$1,001 - $15,000",NEW, DANIEL GOLDMAN GRANDCHILDREN 1986 TRUST > TACS R3K,,Daniel Goldman,2023-04-17,D, NY10,House,,2023-04-17,2.3930188696113,New York,2023-11-16,2023-03-06,2023-04-17,VNO,23.444143169212918,35.05599181381547,True,True
SCHW,ST,CHARLES SCHWAB CORPORATION,"Monday, March 6, 2023",Sale,"$1,001 - $15,000",NEW, MORGAN STANLEY - SELECT UMA ACCOUNT # 1,,Josh Gottheimer,2023-04-20,D, NJ05,House,,2023-04-20,-38.9189618591612,New Jersey,2023-11-16,2023-03-06,2023-04-20,SCHW,37.23749823757543,34.53553031347033,True,True
RJF,ST,"RAYMOND JAMES FINANCIAL, INC.","Monday, March 6, 2023",Sale,"$15,001 - $50,000",NEW, DANIEL GOLDMAN GRANDCHILDREN 1986 TRUST > TACS R3K,,Daniel Goldman,2023-04-17,D, NY10,House,,2023-04-17,-13.6419814294566,New York,2023-11-16,2023-03-06,2023-04-17,RJF,17.176934928217037,17.859032310043645,True,True
AAPL,ST,APPLE INC.,"Monday, March 6, 2023",Sale,"$1,001 - $15,000",NEW, MORGAN STANLEY - SELECT UMA ACCOUNT # 1,,Josh Gottheimer,2023-04-20,D, NJ05,House,,2023-04-20,-14.2237615524241,New Jersey,2023-11-16,2023-03-06,2023-04-20,AAPL,-5.418719227962532,-11.172394300891897,False,False
TMO,ST,THERMO FISHER SCIENTIFIC INC,"Monday, March 6, 2023",Purchase,"$1,001 - $15,000",NEW, DANIEL GOLDMAN GRANDCHILDREN 1986 TRUST > TACS R3K,,Daniel Goldman,2023-04-17,D, NY10,House,,2023-04-17,-21.8496305473336,New York,2023-11-16,2023-03-06,2023-04-17,TMO,2.784352165458448,-12.71790534863676,True,False
GOOGL,ST,ALPHABET INC. - CLASS A,"Monday, March 6, 2023",Purchase,"$15,001 - $50,000",NEW, DANIEL GOLDMAN GRANDCHILDREN 1986 TRUST > TACS R3K,,Daniel Goldman,2023-04-17,D, NY10,House,,2023-04-17,21.9688983425855,New York,2023-11-16,2023-03-06,2023-04-17,GOOGL,8.78169431920217,26.893986004944903,True,True
DHR,ST,DANAHER CORPORATION,"Monday, March 6, 2023",Sale,"$1,001 - $15,000",NEW, DANIEL GOLDMAN GRANDCHILDREN 1986 TRUST > TACS R3K,,Daniel Goldman,2023-04-17,D, NY10,House,,2023-04-17,-13.8416923017331,New York,2023-11-16,2023-03-06,2023-04-17,DHR,1.896973641091504,12.262879712582208,True,True
ABT,ST,ABBOTT LABORATORIES,"Monday, March 6, 2023",Sale,"$50,001 - $100,000",NEW, DANIEL GOLDMAN GRANDCHILDREN 1986 TRUST > TACS R3K,,Daniel Goldman,2023-04-17,D, NY10,House,,2023-04-17,-14.0395173406018,New York,2023-11-16,2023-03-06,2023-04-17,ABT,-0.3844699555579867,4.583892673023171,False,True
KR,ST,KROGER COMPANY,"Monday, March 6, 2023",Purchase,"$1,001 - $15,000",NEW, DANIEL GOLDMAN GRANDCHILDREN 1986 TRUST > TACS R3K,,Daniel Goldman,2023-04-17,D, NY10,House,,2023-04-17,-5.82752861405845,New York,2023-11-16,2023-03-06,2023-04-17,KR,2.3628617771395133,-6.276841649464027,True,False
KO,ST,COCA-COLA COMPANY,"Monday, March 6, 2023",Sale,"$1,001 - $15,000",NEW, MORGAN STANLEY - SELECT UMA ACCOUNT # 1,,Josh Gottheimer,2023-04-20,D, NJ05,House,,2023-04-20,-27.2337727328226,New Jersey,2023-11-16,2023-03-06,2023-04-20,KO,-3.0059561498349208,4.920740879190899,False,True
LOW,ST,"LOWE'S COMPANIES, INC.","Monday, March 6, 2023",Sale,"$1,001 - $15,000",NEW, MORGAN STANLEY - SELECT UMA ACCOUNT # 1,,Josh Gottheimer,2023-04-20,D, NJ05,House,,2023-04-20,-5.02662764877024,New Jersey,2023-11-16,2023-03-06,2023-04-20,LOW,2.0981268787300444,2.9821574287165253,True,True
CNC,ST,CENTENE CORPORATION,"Monday, March 6, 2023",Sale,"$1,001 - $15,000",NEW, DANIEL GOLDMAN GRANDCHILDREN 1986 TRUST > TACS R3K,,Daniel Goldman,2023-04-17,D, NY10,House,,2023-04-17,-16.9982888841744,New York,2023-11-16,2023-03-06,2023-04-17,CNC,5.63331888283426,7.916055070995021,True,True
SR,ST,SPIRE INC.,"Monday, March 6, 2023",Sale,"$1,001 - $15,000",NEW, DANIEL GOLDMAN GRANDCHILDREN 1986 TRUST > TACS R3K,,Daniel Goldman,2023-04-17,D, NY10,House,,2023-04-17,-39.7873880772545,New York,2023-11-16,2023-03-06,2023-04-17,SR,-2.9623831696221403,11.572385086456837,False,True
FLO,ST,"FLOWERS FOODS, INC.","Monday, March 6, 2023",Purchase,"$15,001 - $50,000",NEW, DANIEL GOLDMAN GRANDCHILDREN 1986 TRUST > TACS R3K,,Daniel Goldman,2023-04-17,D, NY10,House,,2023-04-17,-45.1930179771761,New York,2023-11-16,2023-03-06,2023-04-17,FLO,-3.1123302939108366,-15.445174417993613,False,False
NFLX,ST,"NETFLIX, INC.","Monday, March 6, 2023",Sale,"$1,001 - $15,000",NEW, DANIEL GOLDMAN GRANDCHILDREN 1986 TRUST > TACS R3K,,Daniel Goldman,2023-04-17,D, NY10,House,,2023-04-17,67.735093045682,New York,2023-11-16,2023-03-06,2023-04-17,NFLX,-8.680563047309509,-23.76044839417071,False,False
SBNY,ST,SIGNATURE BANK,"Monday, March 6, 2023",Purchase,"$1,001 - $15,000",NEW, DANIEL GOLDMAN GRANDCHILDREN 1986 TRUST > TACS R3K,,Daniel Goldman,2023-04-17,D, NY10,House,,2023-04-17,-124.589865233639,New York,2023-11-16,2023-03-06,2023-04-17,SBNY,-100.89333892458487,-105.4666737416813,False,False
AON,ST,AON PLC CLASS A ORDINARY SHARES,"Monday, March 6, 2023",Purchase,"$15,001 - $50,000",NEW, DANIEL GOLDMAN GRANDCHILDREN 1986 TRUST > TACS R3K,,Daniel Goldman,2023-04-17,D, NY10,House,,2023-04-17,-21.9646961368195,New York,2023-11-16,2023-03-06,2023-04-17,AON,4.2791103178607015,-3.2611581946090373,True,False
IFF,ST,"INTERNATIONAL FLAVORS & FRAGRANCES, INC.","Monday, March 6, 2023",Sale,"$15,001 - $50,000",NEW, DANIEL GOLDMAN GRANDCHILDREN 1986 TRUST > TACS R3K,,Daniel Goldman,2023-04-17,D, NY10,House,,2023-04-17,-36.1879994422827,New York,2023-11-16,2023-03-06,2023-04-17,IFF,2.648657766551943,18.823949607492786,True,True
BLK,ST,"BLACKROCK, INC.","Monday, March 6, 2023",Sale,"$1,001 - $15,000",NEW, DANIEL GOLDMAN GRANDCHILDREN 1986 TRUST > TACS R3K,,Daniel Goldman,2023-04-17,D, NY10,House,,2023-04-17,-9.85927944357139,New York,2023-11-16,2023-03-06,2023-04-17,BLK,5.735829943537918,7.295537879072899,True,True
MKC,ST,"MCCORMICK & COMPANY, INCORPORATED","Monday, March 6, 2023",Purchase,"$1,001 - $15,000",NEW, DANIEL GOLDMAN GRANDCHILDREN 1986 TRUST > TACS R3K,,Daniel Goldman,2023-04-17,D, NY10,House,,2023-04-17,-33.3482805514035,New York,2023-11-16,2023-03-06,2023-04-17,MKC,15.459509194538201,15.640289776338467,True,True
AMZN,ST,"AMAZON.COM, INC.","Monday, March 6, 2023",Sale,"$50,001 - $100,000",NEW, DANIEL GOLDMAN GRANDCHILDREN 1986 TRUST > TACS R3K,,Daniel Goldman,2023-04-17,D, NY10,House,,2023-04-17,59.609455895408,New York,2023-11-16,2023-03-06,2023-04-17,AMZN,-6.803544644768755,-28.086473466632377,False,False
EL,ST,"ESTEE LAUDER COMPANIES, INC.","Monday, March 6, 2023",Sale,"$1,001 - $15,000",NEW, DANIEL GOLDMAN GRANDCHILDREN 1986 TRUST > TACS R3K,,Daniel Goldman,2023-04-17,D, NY10,House,,2023-04-17,-66.9407491981595,New York,2023-11-16,2023-03-06,2023-04-17,EL,5.907529116678001,33.617244709851526,True,True
MSFT,ST,MICROSOFT CORPORATION,"Monday, March 6, 2023",Purchase,"$50,001 - $100,000",NEW, DANIEL GOLDMAN GRANDCHILDREN 1986 TRUST > TACS R3K,,Daniel Goldman,2023-04-17,D, NY10,House,,2023-04-17,35.6745870512456,New York,2023-11-16,2023-03-06,2023-04-17,MSFT,9.657672383976944,25.215247995485313,True,True
FIS,ST,"FIDELITY NATIONAL INFORMATION SERVICES, INC.","Monday, March 6, 2023",Sale,"$15,001 - $50,000",NEW, DANIEL GOLDMAN GRANDCHILDREN 1986 TRUST > TACS R3K,,Daniel Goldman,2023-04-17,D, NY10,House,,2023-04-17,-18.2356637038406,New York,2023-11-16,2023-03-06,2023-04-17,FIS,16.94127476320989,19.93755841257959,True,True
HPQ,ST,HP INC.,"Monday, March 6, 2023",Sale,"$1,001 - $15,000",NEW, DANIEL GOLDMAN GRANDCHILDREN 1986 TRUST > TACS R3K,,Daniel Goldman,2023-04-17,D, NY10,House,,2023-04-17,-19.9632203384037,New York,2023-11-16,2023-03-06,2023-04-17,HPQ,-1.903693845213339,3.046732816015152,False,True
CSGP,ST,"COSTAR GROUP, INC.","Monday, March 6, 2023",Sale,"$15,001 - $50,000",NEW, DANIEL GOLDMAN GRANDCHILDREN 1986 TRUST > TACS R3K,,Daniel Goldman,2023-04-17,D, NY10,House,,2023-04-17,5.99501649092765,New York,2023-11-16,2023-03-06,2023-04-17,CSGP,6.769030030858081,-8.528026075656147,True,False
EQR,ST,EQUITY RESIDENTIAL COMMON SHARES OF BENEFICIAL INTEREST,"Monday, March 6, 2023",Purchase,"$15,001 - $50,000",NEW, DANIEL GOLDMAN GRANDCHILDREN 1986 TRUST > TACS R3K,,Daniel Goldman,2023-04-17,D, NY10,House,,2023-04-17,-25.9122283151184,New York,2023-11-16,2023-03-06,2023-04-17,EQR,-5.964683576093566,-4.434488200325037,False,False
MRNA,ST,"MODERNA, INC.","Monday, March 6, 2023",Sale,"$50,001 - $100,000",NEW, DANIEL GOLDMAN GRANDCHILDREN 1986 TRUST > TACS R3K,,Daniel Goldman,2023-04-17,D, NY10,House,,2023-04-17,-54.3355100144719,New York,2023-11-16,2023-03-06,2023-04-17,MRNA,-6.309239475680406,16.071622554697196,False,True
PFE,ST,"PFIZER, INC.","Monday, March 6, 2023",Purchase,"$15,001 - $50,000",NEW, DANIEL GOLDMAN GRANDCHILDREN 1986 TRUST > TACS R3K,,Daniel Goldman,2023-04-17,D, NY10,House,,2023-04-17,-58.4745450775913,New York,2023-11-16,2023-03-06,2023-04-17,PFE,0.03384211323016473,-11.5508063180892,True,False
ADM,ST,ARCHER-DANIELS-MIDLAND COMPANY,"Monday, March 6, 2023",Purchase,"$50,001 - $100,000",NEW, DANIEL GOLDMAN GRANDCHILDREN 1986 TRUST > TACS R3K,,Daniel Goldman,2023-04-17,D, NY10,House,,2023-04-17,-53.5761362421842,New York,2023-11-16,2023-03-06,2023-04-17,ADM,-3.4811685021555183,-18.011586331886054,False,False
NOC,ST,NORTHROP GRUMMAN CORPORATION,"Monday, March 6, 2023",Purchase,"$15,001 - $50,000",NEW, DANIEL GOLDMAN GRANDCHILDREN 1986 TRUST > TACS R3K,,Daniel Goldman,2023-04-17,D, NY10,House,,2023-04-17,-28.2398286097173,New York,2023-11-16,2023-03-06,2023-04-17,NOC,-0.8897133848907002,-10.813346334807573,False,False
BRO,ST,"BROWN & BROWN, INC.","Monday, March 6, 2023",Purchase,"$1,001 - $15,000",NEW, DANIEL GOLDMAN GRANDCHILDREN 1986 TRUST > TACS R3K,,Daniel Goldman,2023-04-17,D, NY10,House,,2023-04-17,22.5789997550571,New York,2023-11-16,2023-03-06,2023-04-17,BRO,2.191616715509559,6.152435659100863,True,True
SLG,ST,SL GREEN REALTY CORP,"Monday, March 6, 2023",Purchase,"$15,001 - $50,000",NEW, DANIEL GOLDMAN GRANDCHILDREN 1986 TRUST > TACS R3K,,Daniel Goldman,2023-04-17,D, NY10,House,,2023-04-17,18.4424424167731,New York,2023-11-16,2023-03-06,2023-04-17,SLG,-33.21310889550275,-38.6325331318787,False,False
LHX,ST,"L3HARRIS TECHNOLOGIES, INC.","Monday, March 6, 2023",Purchase,"$1,001 - $15,000",NEW, DANIEL GOLDMAN GRANDCHILDREN 1986 TRUST > TACS R3K,,Daniel Goldman,2023-04-17,D, NY10,House,,2023-04-17,-26.9294047469182,New York,2023-11-16,2023-03-06,2023-04-17,LHX,-8.754657403460797,-20.24125835927829,False,False
MDLZ,ST,"MONDELEZ INTERNATIONAL, INC. - CLASS A","Monday, March 6, 2023",Sale,"$100,001 - $250,000",NEW, DANIEL GOLDMAN GRANDCHILDREN 1986 TRUST > TACS R3K,,Daniel Goldman,2023-04-17,D, NY10,House,,2023-04-17,-18.7192992812059,New York,2023-11-16,2023-03-06,2023-04-17,MDLZ,-7.672439686084376,-7.542151144756404,False,False
AMGN,ST,AMGEN INC.,"Monday, March 6, 2023",Sale,"$1,001 - $15,000",NEW, MORGAN STANLEY - SELECT UMA ACCOUNT # 1,,Josh Gottheimer,2023-04-20,D, NJ05,House,,2023-04-20,-12.079308002342,New Jersey,2023-11-16,2023-03-06,2023-04-20,AMGN,-6.730121262561539,11.194014537499298,False,True
MMM,ST,3M COMPANY,"Monday, March 6, 2023",Purchase,"$1,001 - $15,000",NEW, DANIEL GOLDMAN GRANDCHILDREN 1986 TRUST > TACS R3K,,Daniel Goldman,2023-04-17,D, NY10,House,,2023-04-17,-30.9232161686328,New York,2023-11-16,2023-03-06,2023-04-17,MMM,-7.986333395068613,-16.437416100523993,False,False
TSN,ST,"TYSON FOODS, INC.","Monday, March 6, 2023",Sale,"$1,001 - $15,000",NEW, DANIEL GOLDMAN GRANDCHILDREN 1986 TRUST > TACS R3K,,Daniel Goldman,2023-04-17,D, NY10,House,,2023-04-17,-30.8640760194857,New York,2023-11-16,2023-03-06,2023-04-17,TSN,-1.0231191821135965,19.592397893767654,False,True
CNP,ST,"CENTERPOINT ENERGY, INC","Monday, March 6, 2023",Purchase,"$15,001 - $50,000",NEW, DANIEL GOLDMAN GRANDCHILDREN 1986 TRUST > TACS R3K,,Daniel Goldman,2023-04-17,D, NY10,House,,2023-04-17,-28.7176464888838,New York,2023-11-16,2023-03-06,2023-04-17,CNP,5.520344666026933,-4.760413127012031,True,False
STT,ST,STATE STREET CORPORATION,"Monday, March 6, 2023",Purchase,"$1,001 - $15,000",NEW, DANIEL GOLDMAN GRANDCHILDREN 1986 TRUST > TACS R3K,,Daniel Goldman,2023-04-17,D, NY10,House,,2023-04-17,-46.0437780810835,New York,2023-11-16,2023-03-06,2023-04-17,STT,-17.215211676076304,-25.926145166952487,False,False
D,ST,"DOMINION ENERGY, INC.","Monday, March 6, 2023",Purchase,"$15,001 - $50,000",NEW, DANIEL GOLDMAN GRANDCHILDREN 1986 TRUST > TACS R3K,,Daniel Goldman,2023-04-17,D, NY10,House,,2023-04-17,-40.9641828396286,New York,2023-11-16,2023-03-06,2023-04-17,D,1.5363506234586488,-15.339957818001215,True,False
DG,ST,DOLLAR GENERAL CORPORATION,"Monday, March 6, 2023",Sale,"$15,001 - $50,000",NEW, DANIEL GOLDMAN GRANDCHILDREN 1986 TRUST > TACS R3K,,Daniel Goldman,2023-04-17,D, NY10,House,,2023-04-17,-57.1562169114496,New York,2023-11-16,2023-03-06,2023-04-17,DG,4.369488823953915,33.129333570703565,True,True
NFLX,ST,"NETFLIX, INC.","Monday, March 6, 2023",Purchase,"$1,001 - $15,000",NEW, MORGAN STANLEY - SELECT UMA ACCOUNT # 1,,Josh Gottheimer,2023-04-20,D, NJ05,House,,2023-04-20,67.735093045682,New Jersey,2023-11-16,2023-03-06,2023-04-20,NFLX,8.680563047309509,23.76044839417071,True,True
VTRS,ST,VIATRIS INC.,"Monday, March 6, 2023",Sale,"$1,001 - $15,000",NEW, DANIEL GOLDMAN GRANDCHILDREN 1986 TRUST > TACS R3K,,Daniel Goldman,2023-04-17,D, NY10,House,,2023-04-17,-16.4937927233766,New York,2023-11-16,2023-03-06,2023-04-17,VTRS,10.797038437136209,19.65525889851939,True,True
MELI,ST,"MERCADOLIBRE, INC.","Monday, March 6, 2023",Purchase,"$1,001 - $15,000",NEW, MORGAN STANLEY - SELECT UMA ACCOUNT # 1,,Josh Gottheimer,2023-04-20,D, NJ05,House,,2023-04-20,-7.07551415856175,New Jersey,2023-11-16,2023-03-06,2023-04-20,MELI,-1.5307750376446272,-2.921711623777168,False,False
AVB,ST,"AVALONBAY COMMUNITIES, INC.","Monday, March 6, 2023",Purchase,"$15,001 - $50,000",NEW, DANIEL GOLDMAN GRANDCHILDREN 1986 TRUST > TACS R3K,,Daniel Goldman,2023-04-17,D, NY10,House,,2023-04-17,-21.218166314094,New York,2023-11-16,2023-03-06,2023-04-17,AVB,-5.8332423769744235,-1.6687534037898466,False,False
AMT,ST,AMERICAN TOWER CORPORATION,"Monday, March 6, 2023",Sale,"$50,001 - $100,000",NEW, DANIEL GOLDMAN GRANDCHILDREN 1986 TRUST > TACS R3K,,Daniel Goldman,2023-04-17,D, NY10,House,,2023-04-17,-27.0579730213468,New York,2023-11-16,2023-03-06,2023-04-17,AMT,-2.04558026111874,10.567622334430693,False,True
CB,ST,CHUBB LIMITED,"Monday, March 6, 2023",Sale,"$50,001 - $100,000",NEW, DANIEL GOLDMAN GRANDCHILDREN 1986 TRUST > TACS R3K,,Daniel Goldman,2023-04-17,D, NY10,House,,2023-04-17,-3.25773087763826,New York,2023-11-16,2023-03-06,2023-04-17,CB,6.837661171182152,13.612614554575075,True,True
BMY,ST,BRISTOL-MYERS SQUIBB COMPANY,"Monday, March 6, 2023",Sale,"$100,001 - $250,000",NEW, DANIEL GOLDMAN GRANDCHILDREN 1986 TRUST > TACS R3K,,Daniel Goldman,2023-04-17,D, NY10,House,,2023-04-17,-50.4733771960289,New York,2023-11-16,2023-03-06,2023-04-17,BMY,-0.2988120903275826,9.804886495317422,False,True
ZTS,ST,ZOETIS INC. CLASS A,"Monday, March 6, 2023",Purchase,"$1,001 - $15,000",NEW, DANIEL GOLDMAN GRANDCHILDREN 1986 TRUST > TACS R3K,,Daniel Goldman,2023-04-17,D, NY10,House,,2023-04-17,-24.7293438924155,New York,2023-11-16,2023-03-06,2023-04-17,ZTS,-2.2270026132642284,-4.712264805241428,False,False
DLTR,ST,"DOLLAR TREE, INC.","Monday, March 6, 2023",Sale,"$15,001 - $50,000",NEW, DANIEL GOLDMAN GRANDCHILDREN 1986 TRUST > TACS R3K,,Daniel Goldman,2023-04-17,D, NY10,House,,2023-04-17,-37.9892868506701,New York,2023-11-16,2023-03-06,2023-04-17,DLTR,-2.1844260920891534,15.16008282178375,False,True
CCI,ST,CROWN CASTLE INC.,"Monday, March 6, 2023",Sale,"$50,001 - $100,000",NEW, DANIEL GOLDMAN GRANDCHILDREN 1986 TRUST > TACS R3K,,Daniel Goldman,2023-04-17,D, NY10,House,,2023-04-17,-45.1645315027786,New York,2023-11-16,2023-03-06,2023-04-17,CCI,-1.7144313560095714,18.89097286465905,False,True
ISRG,ST,"INTUITIVE SURGICAL, INC.","Monday, March 6, 2023",Purchase,"$15,001 - $50,000",NEW, DANIEL GOLDMAN GRANDCHILDREN 1986 TRUST > TACS R3K,,Daniel Goldman,2023-04-17,D, NY10,House,,2023-04-17,42.2989479115885,New York,2023-11-16,2023-03-06,2023-04-17,ISRG,8.816636981112303,29.621547345678234,True,True
ABBV,ST,ABBVIE INC.,"Monday, March 6, 2023",Purchase,"$1,001 - $15,000",NEW, MORGAN STANLEY - SELECT UMA ACCOUNT # 1,,Josh Gottheimer,2023-04-20,D, NJ05,House,,2023-04-20,-11.884190678523,New Jersey,2023-11-16,2023-03-06,2023-04-20,ABBV,2.5184176761952726,-17.42930407615355,True,False
HRL,ST,HORMEL FOODS CORPORATION,"Monday, March 6, 2023",Purchase,"$15,001 - $50,000",NEW, DANIEL GOLDMAN GRANDCHILDREN 1986 TRUST > TACS R3K,,Daniel Goldman,2023-04-17,D, NY10,House,,2023-04-17,-42.2046432903803,New York,2023-11-16,2023-03-06,2023-04-17,HRL,-1.1351389041253324,-5.49283747449314,False,False
ES,ST,EVERSOURCE ENERGY,"Monday, March 6, 2023",Purchase,"$1,001 - $15,000",NEW, DANIEL GOLDMAN GRANDCHILDREN 1986 TRUST > TACS R3K,,Daniel Goldman,2023-04-17,D, NY10,House,,2023-04-17,-48.5947074022535,New York,2023-11-16,2023-03-06,2023-04-17,ES,5.344830518464971,-12.410567888844337,True,False
AAPL,ST,APPLE INC.,"Monday, March 6, 2023",Purchase,"$15,001 - $50,000",NEW, DANIEL GOLDMAN GRANDCHILDREN 1986 TRUST > TACS R3K,,Daniel Goldman,2023-04-17,D, NY10,House,,2023-04-17,-14.2237615524241,New York,2023-11-16,2023-03-06,2023-04-17,AAPL,5.418719227962532,11.172394300891897,True,True
INVH,ST,INVITATION HOMES INC.,"Monday, March 6, 2023",Purchase,"$1,001 - $15,000",NEW, DANIEL GOLDMAN GRANDCHILDREN 1986 TRUST > TACS R3K,,Daniel Goldman,2023-04-17,D, NY10,House,,2023-04-17,-16.7429055730577,New York,2023-11-16,2023-03-06,2023-04-17,INVH,-3.107372263494368,2.5912803139359175,False,True
MMC,ST,"MARSH & MCLENNAN COMPANIES, INC.","Monday, March 6, 2023",Purchase,"$1,001 - $15,000",NEW, DANIEL GOLDMAN GRANDCHILDREN 1986 TRUST > TACS R3K,,Daniel Goldman,2023-04-17,D, NY10,House,,2023-04-17,-1.58074427402201,New York,2023-11-16,2023-03-06,2023-04-17,MMC,0.7425626944536079,1.6339171944552922,True,True
MTB,ST,M&T BANK CORPORATION,"Monday, March 6, 2023",Purchase,"$1,001 - $15,000",NEW, DANIEL GOLDMAN GRANDCHILDREN 1986 TRUST > TACS R3K,,Daniel Goldman,2023-04-17,D, NY10,House,,2023-04-17,-34.0575291164248,New York,2023-11-16,2023-03-06,2023-04-17,MTB,-23.85396133294804,-25.307856905246506,False,False
REGN,ST,"REGENERON PHARMACEUTICALS, INC.","Monday, March 6, 2023",Sale,"$1,001 - $15,000",NEW, MORGAN STANLEY - SELECT UMA ACCOUNT # 1,,Josh Gottheimer,2023-04-20,D, NJ05,House,,2023-04-20,-2.84875451490495,New Jersey,2023-11-16,2023-03-06,2023-04-20,REGN,-4.709460511557717,9.425237908957296,False,True
BATRK,ST,LIBERTY MEDIA CORPORATION - SERIES C LIBERTY BRAVES,"Monday, March 6, 2023",Purchase,"$15,001 - $50,000",NEW, DANIEL GOLDMAN GRANDCHILDREN 1986 TRUST > TACS R3K,,Daniel Goldman,2023-04-17,D, NY10,House,,2023-04-17,-15.3306639068601,New York,2023-11-16,2023-03-06,2023-04-17,BATRK,0.15575288676303867,0.48141215570174367,True,True
USB,ST,U.S. BANCORP,"Monday, March 6, 2023",Sale,"$1,001 - $15,000",NEW, DANIEL GOLDMAN GRANDCHILDREN 1986 TRUST > TACS R3K,,Daniel Goldman,2023-04-17,D, NY10,House,,2023-04-17,-37.1346391809927,New York,2023-11-16,2023-03-06,2023-04-17,USB,26.52456619319503,39.31049635397882,True,True
BXP,ST,"BOSTON PROPERTIES, INC.","Monday, March 6, 2023",Purchase,"$15,001 - $50,000",NEW, DANIEL GOLDMAN GRANDCHILDREN 1986 TRUST > TACS R3K,,Daniel Goldman,2023-04-17,D, NY10,House,,2023-04-17,-31.8051351854688,New York,2023-11-16,2023-03-06,2023-04-17,BXP,-21.626026565737554,-30.449708956358013,False,False
CRM,ST,"SALESFORCE, INC.","Monday, March 6, 2023",Purchase,"$15,001 - $50,000",NEW, DANIEL GOLDMAN GRANDCHILDREN 1986 TRUST > TACS R3K,,Daniel Goldman,2023-04-17,D, NY10,House,,2023-04-17,33.6974733056365,New York,2023-11-16,2023-03-06,2023-04-17,CRM,5.225784746653406,8.611590156600911,True,True
KO,ST,COCA-COLA COMPANY,"Monday, March 6, 2023",Purchase,"$1,001 - $15,000",NEW, DANIEL GOLDMAN GRANDCHILDREN 1986 TRUST > TACS R3K,,Daniel Goldman,2023-04-17,D, NY10,House,,2023-04-17,-27.2337727328226,New York,2023-11-16,2023-03-06,2023-04-17,KO,3.0059561498349208,-4.920740879190899,True,False
SRPT,ST,"SAREPTA THERAPEUTICS, INC.","Monday, March 6, 2023",Purchase,"$15,001 - $50,000",NEW, DANIEL GOLDMAN GRANDCHILDREN 1986 TRUST > TACS R3K,,Daniel Goldman,2023-04-17,D, NY10,House,,2023-04-17,-47.5552823570441,New York,2023-11-16,2023-03-06,2023-04-17,SRPT,-12.864142398257838,-24.68347718313869,False,False
RIVN,ST,"RIVIAN AUTOMOTIVE, INC. - CLASS A","Monday, March 6, 2023",Sale,"$15,001 - $50,000",NEW, DANIEL GOLDMAN GRANDCHILDREN 1986 TRUST > TACS R3K,,Daniel Goldman,2023-04-17,D, NY10,House,,2023-04-17,-61.9902078524029,New York,2023-11-16,2023-03-06,2023-04-17,RIVN,15.6307279179698,21.85407354144472,True,True
MS,ST,MORGAN STANLEY,"Monday, March 6, 2023",Purchase,"$1,001 - $15,000",NEW, MORGAN STANLEY - SELECT UMA ACCOUNT # 1,,Josh Gottheimer,2023-04-20,D, NJ05,House,,2023-04-20,-36.603211719961,New Jersey,2023-11-16,2023-03-06,2023-04-20,MS,-15.836207707176907,-20.447936305858573,False,False
JAZZ,ST,JAZZ PHARMACEUTICALS PLC - ORDINARY SHARES,"Monday, March 6, 2023",Purchase,"$15,001 - $50,000",NEW, DANIEL GOLDMAN GRANDCHILDREN 1986 TRUST > TACS R3K,,Daniel Goldman,2023-04-17,D, NY10,House,,2023-04-17,-41.7628192131506,New York,2023-11-16,2023-03-06,2023-04-17,JAZZ,1.0646809030274929,-14.706800902641405,True,False
ARE,ST,"ALEXANDRIA REAL ESTATE EQUITIES, INC.","Monday, March 6, 2023",Purchase,"$50,001 - $100,000",NEW, DANIEL GOLDMAN GRANDCHILDREN 1986 TRUST > TACS R3K,,Daniel Goldman,2023-04-17,D, NY10,House,,2023-04-17,-41.4570855137391,New York,2023-11-16,2023-03-06,2023-04-17,ARE,-16.11679447163401,-26.298902556271553,False,False
SCHW,ST,CHARLES SCHWAB CORPORATION,"Monday, March 6, 2023",Purchase,"$15,001 - $50,000",NEW, DANIEL GOLDMAN GRANDCHILDREN 1986 TRUST > TACS R3K,,Daniel Goldman,2023-04-17,D, NY10,House,,2023-04-17,-38.9189618591612,New York,2023-11-16,2023-03-06,2023-04-17,SCHW,-37.23749823757543,-34.53553031347033,False,False
PEP,ST,"PEPSICO, INC.","Monday, March 6, 2023",Purchase,"$50,001 - $100,000",NEW, DANIEL GOLDMAN GRANDCHILDREN 1986 TRUST > TACS R3K,,Daniel Goldman,2023-04-17,D, NY10,House,,2023-04-17,-31.5336449691453,New York,2023-11-16,2023-03-06,2023-04-17,PEP,4.807926324043477,0.5945215705438933,True,True
ALNY,ST,"ALNYLAM PHARMACEUTICALS, INC.","Monday, March 6, 2023",Purchase,"$15,001 - $50,000",NEW, DANIEL GOLDMAN GRANDCHILDREN 1986 TRUST > TACS R3K,,Daniel Goldman,2023-04-17,D, NY10,House,,2023-04-17,-51.6914234235705,New York,2023-11-16,2023-03-06,2023-04-17,ALNY,-0.47560726138160536,-9.272418459700448,False,False
LCID,ST,"LUCID GROUP, INC.","Monday, March 6, 2023",Sale,"$15,001 - $50,000",NEW, DANIEL GOLDMAN GRANDCHILDREN 1986 TRUST > TACS R3K,,Daniel Goldman,2023-04-17,D, NY10,House,,2023-04-17,-95.8262992066329,New York,2023-11-16,2023-03-06,2023-04-17,LCID,13.734865567894195,30.850305518681065,True,True
MRK,ST,"MERCK & COMPANY, INC. COMMON STOCK","Monday, March 6, 2023",Sale,"$15,001 - $50,000",NEW, DANIEL GOLDMAN GRANDCHILDREN 1986 TRUST > TACS R3K,,Daniel Goldman,2023-04-17,D, NY10,House,,2023-04-17,-17.0596062108027,New York,2023-11-16,2023-03-06,2023-04-17,MRK,0.30737614066658203,3.7576802561699374,True,True
JNJ,ST,JOHNSON & JOHNSON,"Monday, March 6, 2023",Purchase,"$50,001 - $100,000",NEW, DANIEL GOLDMAN GRANDCHILDREN 1986 TRUST > TACS R3K,,Daniel Goldman,2023-04-17,D, NY10,House,,2023-04-17,-24.7543065113804,New York,2023-11-16,2023-03-06,2023-04-17,JNJ,5.424078034706192,-3.7926217944848517,True,False
K,ST,KELLOGG COMPANY,"Monday, March 6, 2023",Purchase,"$15,001 - $50,000",NEW, DANIEL GOLDMAN GRANDCHILDREN 1986 TRUST > TACS R3K,,Daniel Goldman,2023-04-17,D, NY10,House,,2023-04-17,-44.1651186053601,New York,2023-11-16,2023-03-06,2023-04-17,K,3.4643099387052123,-1.880227551071667,True,False
KRC,ST,KILROY REALTY CORPORATION,"Monday, March 6, 2023",Purchase,"$15,001 - $50,000",NEW, DANIEL GOLDMAN GRANDCHILDREN 1986 TRUST > TACS R3K,,Daniel Goldman,2023-04-17,D, NY10,House,,2023-04-17,-31.9441314580943,New York,2023-11-16,2023-03-06,2023-04-17,KRC,-13.655689014399464,-30.123959493600736,False,False
PFE,ST,"PFIZER, INC.","Friday, March 3, 2023",Purchase,"$1,001 - $15,000",NEW,,,Carol Devine Miller,2023-04-17,R, WV01,House,,2023-04-18,-58.6938561759875,West Virginia,2023-11-16,2023-03-03,2023-04-17,PFE,-1.463486837730854,-11.941357886382509,False,False
WFC,Stock,Wells Fargo & Company Common Stock,"Friday, March 3, 2023",Purchase,"$1,001 - $15,000",New,,,"McConnell, A. Mitchell Jr.",2023-03-28,R,,Senate,Dividend Reinvestment,2023-03-29,-3.83832204583666,Kentucky,2023-08-28,2023-03-03,2023-03-28,WFC,-21.437227694822504,-18.828094476010236,False,False
CMI,ST,CUMMINS INC.,"Friday, March 3, 2023",Purchase,"$1,001 - $15,000",NEW,,,Carol Devine Miller,2023-04-17,R, WV01,House,,2023-04-18,-20.0894267710125,West Virginia,2023-11-16,2023-03-03,2023-04-17,CMI,-9.474887190827918,-24.175383436460905,False,False
CLF,Stock Option,Cleveland-Cliffs Inc. Common Stock,"Friday, March 3, 2023",Sale (Partial),"$1,001 - $15,000",New,,Option Type: Put Strike price: $20.00  Expires: 10/20/2023,"Tuberville, Tommy",2023-04-12,R,,Senate,,2023-04-12,-39.8870955206938,Alabama,2023-08-28,2023-03-03,2023-04-12,CLF,21.124585835220376,42.59743683210664,True,True
BCC,ST,"BOISE CASCADE, L.L.C.","Thursday, March 2, 2023",Purchase,"$1,001 - $15,000",NEW,,,Virginia Foxx,2023-04-04,R, NC05,House,,2023-04-05,62.0549482707551,North Carolina,2023-11-16,2023-03-02,2023-04-04,BCC,-11.697214752007989,-0.8982876192900058,False,False
LHX,ST,"L3HARRIS TECHNOLOGIES, INC.","Thursday, March 2, 2023",Sale,"$1,001 - $15,000",NEW, SHARES OF RESTRICTED STOCK,"ON 2/28/2020, SPOUSE WAS GRANTED A RESTRICTED UNIT AWARD OF L3HARRIS TECHNOLOGIES, INC COMMON STOCK AS",Abigail Spanberger,2023-03-03,D, VA07,House,,2023-03-06,-28.2767430331829,Virginia,2023-11-16,2023-03-02,2023-03-03,LHX,9.831035396056109,22.074505532325784,True,True
JPM,ST,JP MORGAN CHASE & CO.,"Thursday, March 2, 2023",Purchase,"$1,001 - $15,000",NEW, MORGAN STANLEY IRA - X141,,Lois Frankel,2023-04-03,D, FL22,House,,2023-04-04,6.30034294068458,Florida,2023-11-16,2023-03-02,2023-04-03,JPM,-11.329516652450355,-8.784776081296975,False,False
SWX,ST,"SOUTHWEST GAS HOLDINGS, INC. COMMON STOCK","Wednesday, March 1, 2023",Purchase,"$1,001 - $15,000",NEW, DANIEL GOLDMAN 12/9/2011 TRUST > APERIO GROUP LLC,,Daniel Goldman,2023-04-17,D, NY10,House,,2023-04-17,-10.6090807192082,New York,2023-11-16,2023-03-01,2023-04-17,SWX,0.5397541147811769,-7.686847887625181,True,False
HAL,ST,HALLIBURTON COMPANY,"Wednesday, March 1, 2023",Purchase,"$1,001 - $15,000",NEW, DANIEL GOLDMAN 12/9/2011 TRUST > APERIO GROUP LLC,,Daniel Goldman,2023-04-17,D, NY10,House,,2023-04-17,-28.971348493444,New York,2023-11-16,2023-03-01,2023-04-17,HAL,-19.645726372867866,-27.17254105276794,False,False
PNC,ST,"PNC FINANCIAL SERVICES GROUP, INC.","Wednesday, March 1, 2023",Sale,"$1,001 - $15,000",NEW, MORGAN STANLEY IRA - X141,,Lois Frankel,2023-04-03,D, FL22,House,,2023-04-04,-33.7006330631529,Florida,2023-11-16,2023-03-01,2023-04-03,PNC,22.107519281208475,29.857737600630518,True,True
RITM,ST,RITHM CAPITAL CORP.,"Wednesday, March 1, 2023",Purchase,"$1,001 - $15,000",NEW, DANIEL GOLDMAN 12/9/2011 TRUST > APERIO GROUP LLC,,Daniel Goldman,2023-04-17,D, NY10,House,,2023-04-17,-8.76139858038246,New York,2023-11-16,2023-03-01,2023-04-17,RITM,-15.500992701547434,-14.94910134710372,False,False
TSLA,ST,"TESLA, INC.","Wednesday, March 1, 2023",Purchase,"$15,001 - $50,000",NEW, DANIEL GOLDMAN 12/9/2011 TRUST > APERIO GROUP LLC,,Daniel Goldman,2023-04-17,D, NY10,House,,2023-04-17,-48.8901071175847,New York,2023-11-16,2023-03-01,2023-04-17,TSLA,-1.683601712116789,-7.22541102378208,False,False
NOV,ST,NOV INC.,"Wednesday, March 1, 2023",Purchase,"$1,001 - $15,000",NEW, DANIEL GOLDMAN 12/9/2011 TRUST > APERIO GROUP LLC,,Daniel Goldman,2023-04-17,D, NY10,House,,2023-04-17,-46.0295059220901,New York,2023-11-16,2023-03-01,2023-04-17,NOV,-20.69323435886409,-40.679832037580624,False,False
K,ST,KELLOGG COMPANY,"Wednesday, March 1, 2023",Sale,"$50,001 - $100,000",,,,Virginia Foxx,2023-04-04,R, NC05,House,,2023-04-05,-47.4861456099633,North Carolina,2023-11-16,2023-03-01,2023-04-04,K,1.3916087101496943,4.669227490453376,True,True
KHC,ST,THE KRAFT HEINZ COMPANY,"Wednesday, March 1, 2023",Sale,"$1,001 - $15,000",NEW,,,Daniel Goldman,2023-04-17,D, NY10,House,,2023-04-17,-40.0526504240403,New York,2023-11-16,2023-03-01,2023-04-17,KHC,3.2934520661737077,7.863707238891937,True,True
SR,ST,SPIRE INC.,"Wednesday, March 1, 2023",Purchase,"$1,001 - $15,000",NEW, DANIEL GOLDMAN 12/9/2011 TRUST > APERIO GROUP LLC,,Daniel Goldman,2023-04-17,D, NY10,House,,2023-04-17,-44.9730468340237,New York,2023-11-16,2023-03-01,2023-04-17,SR,-4.436593238763809,-14.337724127710171,False,False
X,ST,UNITED STATES STEEL CORPORATION,"Wednesday, March 1, 2023",Purchase,"$1,001 - $15,000",NEW, DANIEL GOLDMAN 12/9/2011 TRUST > APERIO GROUP LLC,,Daniel Goldman,2023-04-17,D, NY10,House,,2023-04-17,-2.76281959288276,New York,2023-11-16,2023-03-01,2023-04-17,X,-18.813797730344827,-36.97970692942214,False,False
AIG,ST,"AMERICAN INTERNATIONAL GROUP, INC. NEW","Wednesday, March 1, 2023",Purchase,"$1,001 - $15,000",NEW, DANIEL GOLDMAN 12/9/2011 TRUST > APERIO GROUP LLC,,Daniel Goldman,2023-04-17,D, NY10,House,,2023-04-17,-4.44302936104817,New York,2023-11-16,2023-03-01,2023-04-17,AIG,-21.385017497855486,-16.66762480371218,False,False
TAP,ST,MOLSON COORS BEVERAGE COMPANY CLASS B,"Wednesday, March 1, 2023",Purchase,"$1,001 - $15,000",NEW, DANIEL GOLDMAN 12/9/2011 TRUST > APERIO GROUP LLC,,Daniel Goldman,2023-04-17,D, NY10,House,,2023-04-17,-2.37595489309463,New York,2023-11-16,2023-03-01,2023-04-17,TAP,-6.5790356884675605,7.42345074325943,False,True
CEG,ST,CONSTELLATION ENERGY CORPORATION,"Wednesday, March 1, 2023",Purchase,"$1,001 - $15,000",NEW, DANIEL GOLDMAN 12/9/2011 TRUST > APERIO GROUP LLC,,Daniel Goldman,2023-04-17,D, NY10,House,,2023-04-17,93.0648715721489,New York,2023-11-16,2023-03-01,2023-04-17,CEG,1.5851420078138778,6.144246206526005,True,True
C,ST,"CITIGROUP, INC.","Wednesday, March 1, 2023",Purchase,"$1,001 - $15,000",NEW, MORGAN STANLEY IRA - X141,,Lois Frankel,2023-04-03,D, FL22,House,,2023-04-04,-17.6937810874707,Florida,2023-11-16,2023-03-01,2023-04-03,C,-12.94802579204809,-19.63528969556355,False,False
INTC,ST,INTEL CORPORATION,"Wednesday, March 1, 2023",Purchase,"$1,001 - $15,000",,,,Kevin Hern,2023-04-10,R, OK01,House,,2023-04-11,38.780080445153,Oklahoma,2023-11-16,2023-03-01,2023-04-10,INTC,24.980921902545816,11.965749291885007,True,True
RGA,ST,"REINSURANCE GROUP OF AMERICA, INCORPORATED","Wednesday, March 1, 2023",Purchase,"$1,001 - $15,000",NEW, DANIEL GOLDMAN 12/9/2011 TRUST > APERIO GROUP LLC,,Daniel Goldman,2023-04-17,D, NY10,House,,2023-04-17,-2.99183648809292,New York,2023-11-16,2023-03-01,2023-04-17,RGA,-13.307316940007507,-8.856438808678691,False,False
SLG,ST,SL GREEN REALTY CORP,"Wednesday, March 1, 2023",Purchase,"$1,001 - $15,000",NEW, DANIEL GOLDMAN 12/9/2011 TRUST > APERIO GROUP LLC,,Daniel Goldman,2023-04-17,D, NY10,House,,2023-04-17,19.1178328259107,New York,2023-11-16,2023-03-01,2023-04-17,SLG,-34.77937943625861,-38.950534774029435,False,False
ATUS,ST,"ALTICE USA, INC. CLASS A","Wednesday, March 1, 2023",Sale,"$1,001 - $15,000",NEW, DANIEL GOLDMAN 12/9/2011 TRUST > APERIO GROUP LLC,,Daniel Goldman,2023-04-17,D, NY10,House,,2023-04-17,-66.1374312039295,New York,2023-11-16,2023-03-01,2023-04-17,ATUS,22.761412825787687,46.57392649200347,True,True
VNO,ST,VORNADO REALTY TRUST,"Wednesday, March 1, 2023",Sale,"$1,001 - $15,000",NEW, DANIEL GOLDMAN 12/9/2011 TRUST > APERIO GROUP LLC,,Daniel Goldman,2023-04-17,D, NY10,House,,2023-04-17,0.523857279398598,New York,2023-11-16,2023-03-01,2023-04-17,VNO,25.498100750516738,36.25776199923675,True,True
NFG,ST,NATIONAL FUEL GAS COMPANY,"Wednesday, March 1, 2023",Sale,"$15,001 - $50,000",NEW, DANIEL GOLDMAN 12/9/2011 TRUST > APERIO GROUP LLC,,Daniel Goldman,2023-04-17,D, NY10,House,,2023-04-17,-40.1483482191399,New York,2023-11-16,2023-03-01,2023-04-17,NFG,3.4217523548650153,16.899964270439284,True,True
NVDA,ST,NVIDIA CORPORATION,"Wednesday, March 1, 2023",Purchase,"$1,001 - $15,000",NEW, DANIEL GOLDMAN 12/9/2011 TRUST > APERIO GROUP LLC,,Daniel Goldman,2023-04-17,D, NY10,House,,2023-04-17,257.421170231965,New York,2023-11-16,2023-03-01,2023-04-17,NVDA,18.37985466292007,70.28460316460551,True,True
LUMN,ST,"LUMEN TECHNOLOGIES, INC.","Wednesday, March 1, 2023",Sale,"$1,001 - $15,000",NEW,,,Daniel Goldman,2023-04-17,D, NY10,House,,2023-04-17,-80.9510476118628,New York,2023-11-16,2023-03-01,2023-04-17,LUMN,21.95322217489146,45.13109785580484,True,True
MPW,ST,"MEDICAL PROPERTIES TRUST, INC. COMMON STOCK","Wednesday, March 1, 2023",Sale,"$1,001 - $15,000",NEW, DANIEL GOLDMAN 12/9/2011 TRUST > APERIO GROUP LLC,,Daniel Goldman,2023-04-17,D, NY10,House,,2023-04-17,-85.863717744464,New York,2023-11-16,2023-03-01,2023-04-17,MPW,22.36796336931276,25.497943277488268,True,True
SBRA,ST,"SABRA HEALTH CARE REIT, INC.","Wednesday, March 1, 2023",Purchase,"$1,001 - $15,000",NEW, DANIEL GOLDMAN 12/9/2011 TRUST > APERIO GROUP LLC,,Daniel Goldman,2023-04-17,D, NY10,House,,2023-04-17,-9.81209604550922,New York,2023-11-16,2023-03-01,2023-04-17,SBRA,-6.53894275287803,-15.922931982323563,False,False
MOS,ST,MOSAIC COMPANY,"Wednesday, March 1, 2023",Purchase,"$1,001 - $15,000",NEW, DANIEL GOLDMAN 12/9/2011 TRUST > APERIO GROUP LLC,,Daniel Goldman,2023-04-17,D, NY10,House,,2023-04-17,-70.3982568406762,New York,2023-11-16,2023-03-01,2023-04-17,MOS,-19.440721471013312,-44.96808385995442,False,False
UNM,ST,UNUM GROUP,"Wednesday, March 1, 2023",Purchase,"$1,001 - $15,000",NEW, DANIEL GOLDMAN 12/9/2011 TRUST > APERIO GROUP LLC,,Daniel Goldman,2023-04-17,D, NY10,House,,2023-04-17,-15.2063116869325,New York,2023-11-16,2023-03-01,2023-04-17,UNM,-17.185065908204244,-7.506671818458921,False,False
CHX,ST,CHAMPIONX CORPORATION,"Wednesday, March 1, 2023",Purchase,"$1,001 - $15,000",NEW, DANIEL GOLDMAN 12/9/2011 TRUST > APERIO GROUP LLC,,Daniel Goldman,2023-04-17,D, NY10,House,,2023-04-17,-27.2801676497293,New York,2023-11-16,2023-03-01,2023-04-17,CHX,-19.347582940253805,-24.496927638195988,False,False
CRM,ST,"SALESFORCE, INC.","Tuesday, February 28, 2023",Sale,"$1,001 - $15,000",NEW, PROEQUITIES,,Dwight Evans,2023-03-09,D, PA03,House,,2023-03-10,50.8126995039422,Pennsylvania,2023-11-16,2023-02-28,2023-03-09,CRM,-18.131642419154304,-27.846946748624624,False,False
NVDA,ST,NVIDIA CORPORATION,"Tuesday, February 28, 2023",Sale,"$1,001 - $15,000",NEW, CHRIS IRA,,Morgan Mcgarvey,2023-03-23,D, KY03,House,,2023-03-24,249.260058799473,Kentucky,2023-11-16,2023-02-28,2023-03-23,NVDA,-15.916662880679189,-66.84459937436769,False,False
UNH,ST,UNITEDHEALTH GROUP INCORPORATED COMMON STOCK,"Tuesday, February 28, 2023",Sale,"$15,001 - $50,000",NEW, MORGAN STANLEY TRUST ACCOUNT,,Jonathan Jackson,2023-05-12,D, IL01,House,,2023-05-15,-25.9581727761728,Illinois,2023-11-16,2023-02-28,2023-05-12,UNH,3.26761589776009,5.106958475693202,True,True
CSX,ST,CSX CORPORATION,"Tuesday, February 28, 2023",Sale,"$1,001 - $15,000",NEW, PROEQUITIES,,Dwight Evans,2023-03-09,D, PA03,House,,2023-03-10,-7.83174749261012,Pennsylvania,2023-11-16,2023-02-28,2023-03-09,CSX,5.2791305236760895,4.354206205002775,True,True
BHF,ST,"BRIGHTHOUSE FINANCIAL, INC.","Tuesday, February 28, 2023",Purchase,"$15,001 - $50,000",NEW, MORGAN STANLEY TRUST ACCOUNT,,Jonathan Jackson,2023-05-12,D, IL01,House,,2023-05-15,-46.8089818026718,Illinois,2023-11-16,2023-02-28,2023-05-12,BHF,-27.192121094258027,-34.16643242510359,False,False
NVDA,ST,NVIDIA CORPORATION,"Tuesday, February 28, 2023",Sale,"$1,001 - $15,000",NEW, CHRIS SEP,,Morgan Mcgarvey,2023-03-23,D, KY03,House,,2023-03-24,249.260058799473,Kentucky,2023-11-16,2023-02-28,2023-03-23,NVDA,-15.916662880679189,-66.84459937436769,False,False
RHHBY,ST,ROCHE HOLDINGS AG BASEL AMERICAN DEPOSITARY SHARES,"Tuesday, February 28, 2023",Sale,"$1,001 - $15,000",NEW, SCHWAB BROKERAGE ACCOUNT,,Daniel Meuser,2023-03-30,R, PA09,House,,2023-03-31,-39.2167758762934,Pennsylvania,2023-11-16,2023-02-28,2023-03-30,RHHBY,2.72564632222988,-4.612422135203698,True,False
ERIC,ST,ERICSSON - AMERICAN DEPOSITARY SHARES EACH REPRESENTING 1 UNDERLYING CLASS B SHARE,"Monday, February 27, 2023",Purchase,"$1,001 - $15,000",NEW, DANIEL GOLDMAN GRANDCHILDREN 1986 TRUST > TLH ADR,,Daniel Goldman,2023-03-20,D, NY10,House,,2023-03-21,-24.9871173390393,New York,2023-11-16,2023-02-27,2023-03-20,ERIC,-0.6028107925097892,-11.383071035630232,False,False
NVDA,ST,NVIDIA CORPORATION,"Monday, February 27, 2023",Purchase,"$1,001 - $15,000",NEW, MORGAN STANLEY - SELECT UMA ACCOUNT # 1,,Josh Gottheimer,2023-03-17,D, NJ05,House,,2023-03-20,245.159210254056,New Jersey,2023-11-16,2023-02-27,2023-03-17,NVDA,13.67631460343317,65.07095313311014,True,True
TSM,ST,TAIWAN SEMICONDUCTOR MANUFACTURING COMPANY LTD.,"Monday, February 27, 2023",Sale,"$50,001 - $100,000",NEW, DANIEL GOLDMAN GRANDCHILDREN 1986 TRUST > TLH ADR,,Daniel Goldman,2023-03-20,D, NY10,House,,2023-03-21,28.3099908525569,New York,2023-11-16,2023-02-27,2023-03-20,TSM,-5.109963436419607,-11.208683614732283,False,False
HSBC,ST,"HSBC HOLDINGS, PLC.","Monday, February 27, 2023",Purchase,"$1,001 - $15,000",NEW, DANIEL GOLDMAN GRANDCHILDREN 1986 TRUST > TLH ADR,,Daniel Goldman,2023-03-20,D, NY10,House,,2023-03-21,-27.9916437570857,New York,2023-11-16,2023-02-27,2023-03-20,HSBC,-11.044273869563614,-7.08135848790854,False,False
NRILY,ST,NOMURA RESH INST LTD ADR,"Monday, February 27, 2023",Sale,"$15,001 - $50,000",NEW, DANIEL GOLDMAN GRANDCHILDREN 1986 TRUST > TLH ADR,,Daniel Goldman,2023-03-20,D, NY10,House,,2023-03-21,-1.42532176058788,New York,2023-11-16,2023-02-27,2023-03-20,NRILY,-7.081180894086692,-8.210110265235038,False,False
SKLTY,ST,SEEK LTD UNSPONSORED ADR,"Monday, February 27, 2023",Purchase,"$1,001 - $15,000",NEW, DANIEL GOLDMAN GRANDCHILDREN 1986 TRUST > TLH ADR,,Daniel Goldman,2023-03-20,D, NY10,House,,2023-03-21,-25.3881791875207,New York,2023-11-16,2023-02-27,2023-03-20,SKLTY,-3.4862752545246067,-9.399051347886134,False,False
NGG,ST,"NATIONAL GRID TRANSCO, PLC NATIONAL GRID PLC","Monday, February 27, 2023",Purchase,"$1,001 - $15,000",NEW, DANIEL GOLDMAN GRANDCHILDREN 1986 TRUST > TLH ADR,,Daniel Goldman,2023-03-20,D, NY10,House,,2023-03-21,-22.568801466121,New York,2023-11-16,2023-02-27,2023-03-20,NGG,2.5414424888519305,1.9989195991146902,True,True
CHGCY,ST,CHUGAI PHARMACEUTICAL LTD UNSPONSORED ADR,"Monday, February 27, 2023",Purchase,"$1,001 - $15,000",NEW, DANIEL GOLDMAN GRANDCHILDREN 1986 TRUST > TLH ADR,,Daniel Goldman,2023-03-20,D, NY10,House,,2023-03-21,31.9605432820143,New York,2023-11-16,2023-02-27,2023-03-20,CHGCY,-2.8973209777666376,2.440915854311654,False,True
STBFY,ST,SUNTORY BEVERAGE & FOOD LTD AMERICAN DEPOSITARY SHARES,"Monday, February 27, 2023",Purchase,"$1,001 - $15,000",NEW, DANIEL GOLDMAN GRANDCHILDREN 1986 TRUST > TLH ADR,,Daniel Goldman,2023-03-20,D, NY10,House,,2023-03-21,-37.9593725349438,New York,2023-11-16,2023-02-27,2023-03-20,STBFY,3.770917161992071,0.8902780939154642,True,True
AAGIY,ST,"AIA GROUP, LTD. SPONSORED AMERICAN DEPOSITORY RECEIPT","Monday, February 27, 2023",Sale,"$1,001 - $15,000",NEW, DANIEL GOLDMAN GRANDCHILDREN 1986 TRUST > TLH ADR,,Daniel Goldman,2023-03-20,D, NY10,House,,2023-03-21,-54.2296838761786,New York,2023-11-16,2023-02-27,2023-03-20,AAGIY,-0.12058267946302159,13.339595233736713,False,True
MONOY,ST,"MONOTARO CO. LTD., OSAKA UNSPONSORED ADR","Monday, February 27, 2023",Purchase,"$1,001 - $15,000",NEW, DANIEL GOLDMAN GRANDCHILDREN 1986 TRUST > TLH ADR,,Daniel Goldman,2023-03-20,D, NY10,House,,2023-03-21,-48.8494511615763,New York,2023-11-16,2023-02-27,2023-03-20,MONOY,-6.040472296423738,-4.8650519943802095,False,False
OLCLY,ST,ORIENTAL LAND CO LTD UNSPONSORED ADR,"Monday, February 27, 2023",Purchase,"$1,001 - $15,000",NEW, DANIEL GOLDMAN GRANDCHILDREN 1986 TRUST > TLH ADR,,Daniel Goldman,2023-03-20,D, NY10,House,,2023-03-21,-23.643566326213,New York,2023-11-16,2023-02-27,2023-03-20,OLCLY,4.704176562659357,15.390227479932017,True,True
RHHBY,ST,ROCHE HOLDINGS AG BASEL AMERICAN DEPOSITARY SHARES,"Monday, February 27, 2023",Sale,"$15,001 - $50,000",NEW, DANIEL GOLDMAN GRANDCHILDREN 1986 TRUST > TLH ADR,,Daniel Goldman,2023-03-20,D, NY10,House,,2023-03-21,-39.7567248257397,New York,2023-11-16,2023-02-27,2023-03-20,RHHBY,4.655492659565208,-2.857984684531245,True,False
NTDOY,ST,NINTENDO CO LTD ADR,"Monday, February 27, 2023",Sale,"$15,001 - $50,000",NEW, DANIEL GOLDMAN GRANDCHILDREN 1986 TRUST > TLH ADR,,Daniel Goldman,2023-03-20,D, NY10,House,,2023-03-21,17.426104156227,New York,2023-11-16,2023-02-27,2023-03-20,NTDOY,-2.461184988561249,-7.11844759821374,False,False
HOCPY,ST,HOYA CORP SPONSORED ADR,"Monday, February 27, 2023",Purchase,"$15,001 - $50,000",NEW, DANIEL GOLDMAN GRANDCHILDREN 1986 TRUST > TLH ADR,,Daniel Goldman,2023-03-20,D, NY10,House,,2023-03-21,3.65652718518432,New York,2023-11-16,2023-02-27,2023-03-20,HOCPY,8.109216160964404,21.567688695205955,True,True
CRZBY,ST,COMMERZBANK JUNGE SHS AMERICAN DEPOSITARY SHARES,"Monday, February 27, 2023",Purchase,"$1,001 - $15,000",NEW, DANIEL GOLDMAN GRANDCHILDREN 1986 TRUST > TLH ADR,,Daniel Goldman,2023-03-20,D, NY10,House,,2023-03-21,-18.521019037716,New York,2023-11-16,2023-02-27,2023-03-20,CRZBY,-13.930107079774256,-18.307994922865632,False,False
KRYAY,ST,KERRY GROUP PLC SPONSORED ADR,"Monday, February 27, 2023",Purchase,"$15,001 - $50,000",NEW, DANIEL GOLDMAN GRANDCHILDREN 1986 TRUST > TLH ADR,,Daniel Goldman,2023-03-20,D, NY10,House,,2023-03-21,-36.4368395656892,New York,2023-11-16,2023-02-27,2023-03-20,KRYAY,1.699908096903524,-4.0153522961603905,True,False
AONNY,ST,AEON CO LTD AMERICAN DEPOSITARY SHARES,"Monday, February 27, 2023",Purchase,"$1,001 - $15,000",NEW, DANIEL GOLDMAN GRANDCHILDREN 1986 TRUST > TLH ADR,,Daniel Goldman,2023-03-20,D, NY10,House,,2023-03-21,-1.45130289550731,New York,2023-11-16,2023-02-27,2023-03-20,AONNY,3.5230558005235446,2.5476145485169965,True,True
INTU,ST,INTUIT INC.,"Monday, February 27, 2023",Purchase,"$1,001 - $15,000",NEW, MORGAN STANLEY - SELECT UMA ACCOUNT # 1,,Josh Gottheimer,2023-03-17,D, NJ05,House,,2023-03-20,22.9998855011365,New Jersey,2023-11-16,2023-02-27,2023-03-17,INTU,3.8651242805028962,-7.189464254017142,True,False
HLN,ST,HALEON PLC AMERICAN DEPOSITARY SHARES,"Monday, February 27, 2023",Purchase,"$1,001 - $15,000",NEW, DANIEL GOLDMAN GRANDCHILDREN 1986 TRUST > TLH ADR,,Daniel Goldman,2023-03-20,D, NY10,House,,2023-03-21,-23.672983218046,New York,2023-11-16,2023-02-27,2023-03-20,HLN,1.0021347602147346,-3.7129600529196116,True,False
BAYRY,ST,BAYER AKTIENGESELLSCHAFT AMERICAN DEPOSITARY SHARES,"Monday, February 27, 2023",Purchase,"$15,001 - $50,000",NEW, DANIEL GOLDMAN GRANDCHILDREN 1986 TRUST > TLH ADR,,Daniel Goldman,2023-03-20,D, NY10,House,,2023-03-21,-82.7339162897704,New York,2023-11-16,2023-02-27,2023-03-20,BAYRY,-1.208552250868089,-13.69937566476751,False,False
MSFT,ST,MICROSOFT CORPORATION,"Monday, February 27, 2023",Purchase,"$1,001 - $15,000",NEW, MORGAN STANLEY - SELECT UMA ACCOUNT # 1,,Josh Gottheimer,2023-03-17,D, NJ05,House,,2023-03-20,37.8642390203275,New Jersey,2023-11-16,2023-02-27,2023-03-17,MSFT,10.98790680272348,26.792364504676634,True,True
IHG,ST,INTERCONTINENTAL HOTELS GROUP AMERICAN DEPOSITARY SHARES,"Monday, February 27, 2023",Purchase,"$1,001 - $15,000",NEW, DANIEL GOLDMAN GRANDCHILDREN 1986 TRUST > TLH ADR,,Daniel Goldman,2023-03-20,D, NY10,House,,2023-03-21,24.0205372277714,New York,2023-11-16,2023-02-27,2023-03-20,IHG,-6.0298470736381615,-9.01946038180923,False,False
DEO,ST,DIAGEO PLC,"Monday, February 27, 2023",Sale,"$50,001 - $100,000",NEW, DANIEL GOLDMAN GRANDCHILDREN 1986 TRUST > TLH ADR,,Daniel Goldman,2023-03-20,D, NY10,House,,2023-03-21,-44.0067819562816,New York,2023-11-16,2023-02-27,2023-03-20,DEO,0.0294324096230536,8.866277790729848,True,True
KDDIY,ST,KDDI CORPORATION UNSPONSORED ADR,"Monday, February 27, 2023",Purchase,"$1,001 - $15,000",NEW, DANIEL GOLDMAN GRANDCHILDREN 1986 TRUST > TLH ADR,,Daniel Goldman,2023-03-20,D, NY10,House,,2023-03-21,-26.2259519295513,New York,2023-11-16,2023-02-27,2023-03-20,KDDIY,5.359734369360614,-0.39009588478053914,True,False
CJPRY,ST,CENTRAL JAPAN RAILWAY CO UNSPONSORED ADR,"Monday, February 27, 2023",Sale,"$15,001 - $50,000",NEW, DANIEL GOLDMAN GRANDCHILDREN 1986 TRUST > TLH ADR,,Daniel Goldman,2023-03-20,D, NY10,House,,2023-03-21,-11.2878086019297,New York,2023-11-16,2023-02-27,2023-03-20,CJPRY,-6.927423458078419,-2.1061156101139566,False,False
GVDNY,ST,GIVAUDAN SA UNSPONSORED ADR,"Monday, February 27, 2023",Purchase,"$1,001 - $15,000",NEW, DANIEL GOLDMAN GRANDCHILDREN 1986 TRUST > TLH ADR,,Daniel Goldman,2023-03-20,D, NY10,House,,2023-03-21,18.3041805319479,New York,2023-11-16,2023-02-27,2023-03-20,GVDNY,2.8317528007287374,2.2321265169802817,True,True
FANUY,ST,FANUC CORPORATION UNSPONSORED ADR,"Monday, February 27, 2023",Purchase,"$1,001 - $15,000",NEW, DANIEL GOLDMAN GRANDCHILDREN 1986 TRUST > TLH ADR,,Daniel Goldman,2023-03-20,D, NY10,House,,2023-03-21,-43.7718660884287,New York,2023-11-16,2023-02-27,2023-03-20,FANUY,2.6115339320497366,-5.254785089080438,True,False
TELNY,ST,TELENOR ASA AMERICAN DEPOSITARY SHARES,"Monday, February 27, 2023",Purchase,"$1,001 - $15,000",NEW, DANIEL GOLDMAN GRANDCHILDREN 1986 TRUST > TLH ADR,,Daniel Goldman,2023-03-20,D, NY10,House,,2023-03-21,-34.2978348677018,New York,2023-11-16,2023-02-27,2023-03-20,TELNY,1.4666369405792468,-17.53030551590361,True,False
TRUMY,ST,TERUMO CORP UNSPONSORED ADR,"Monday, February 27, 2023",Sale,"$15,001 - $50,000",NEW, DANIEL GOLDMAN GRANDCHILDREN 1986 TRUST > TLH ADR,,Daniel Goldman,2023-03-20,D, NY10,House,,2023-03-21,12.6986946087731,New York,2023-11-16,2023-02-27,2023-03-20,TRUMY,3.8390504232859612,-5.578046951520155,True,False
KNBWY,ST,"KIRIN HOLDINGS COMPANY, LIMITED SPONSORED ADR","Monday, February 27, 2023",Purchase,"$1,001 - $15,000",NEW, DANIEL GOLDMAN GRANDCHILDREN 1986 TRUST > TLH ADR,,Daniel Goldman,2023-03-20,D, NY10,House,,2023-03-21,-34.9559940492496,New York,2023-11-16,2023-02-27,2023-03-20,KNBWY,5.549109787497231,-6.878645520509908,True,False
NSRGY,ST,NESTLE SA SPONSORED ADR REPRESENTING REGISTERED SHARES SERIES B,"Monday, February 27, 2023",Purchase,"$15,001 - $50,000",NEW, DANIEL GOLDMAN GRANDCHILDREN 1986 TRUST > TLH ADR,,Daniel Goldman,2023-03-20,D, NY10,House,,2023-03-21,-35.4003874927485,New York,2023-11-16,2023-02-27,2023-03-20,NSRGY,4.047440418465764,-2.160110066346599,True,False
ALPMY,ST,ASTELLAS PHARMA INC UNSPONSORED ADR,"Monday, February 27, 2023",Purchase,"$15,001 - $50,000",NEW, DANIEL GOLDMAN GRANDCHILDREN 1986 TRUST > TLH ADR,,Daniel Goldman,2023-03-20,D, NY10,House,,2023-03-21,-51.76968838182,New York,2023-11-16,2023-02-27,2023-03-20,ALPMY,0.41706210686363043,8.516595448727383,True,True
SHECY,ST,SHIN-ETSU CHEMICAL CO LTD UNSPONSORED ADR,"Monday, February 27, 2023",Purchase,"$15,001 - $50,000",NEW, DANIEL GOLDMAN GRANDCHILDREN 1986 TRUST > TLH ADR,,Daniel Goldman,2023-03-20,D, NY10,House,,2023-03-21,-67.2155721881548,New York,2023-11-16,2023-02-27,2023-03-20,SHECY,11.879459861251075,5.19248750189929,True,True
TOTDY,ST,TOTO LTD ORD AMERICAN DEPOSITARY SHARES,"Monday, February 27, 2023",Sale,"$15,001 - $50,000",NEW, DANIEL GOLDMAN GRANDCHILDREN 1986 TRUST > TLH ADR,,Daniel Goldman,2023-03-20,D, NY10,House,,2023-03-21,-41.991588446432,New York,2023-11-16,2023-02-27,2023-03-20,TOTDY,-1.3248041227301943,15.091988575850301,False,True
WJRYY,ST,WEST JAPAN RAILWAY CO UNSPONSORED ADR,"Monday, February 27, 2023",Sale,"$1,001 - $15,000",NEW, DANIEL GOLDMAN GRANDCHILDREN 1986 TRUST > TLH ADR,,Daniel Goldman,2023-03-20,D, NY10,House,,2023-03-21,-17.0150126122988,New York,2023-11-16,2023-02-27,2023-03-20,WJRYY,-6.45649286169141,-3.3641529404706105,False,False
NCBDY,ST,NAMCO BANDAI HOLDINGS INC HAMAMATSU AMERICAN DEPOSITARY SHARES,"Monday, February 27, 2023",Purchase,"$1,001 - $15,000",NEW,,,Daniel Goldman,2023-03-20,D, NY10,House,,2023-03-21,-98.2844233204567,New York,2023-11-16,2023-02-27,2023-03-20,NCBDY,4.337761668421791,8.453081320640266,True,True
TOELY,ST,TOKYO ELECTRON LTD UNSPONSORED ADR,"Monday, February 27, 2023",Purchase,"$15,001 - $50,000",NEW, DANIEL GOLDMAN GRANDCHILDREN 1986 TRUST > TLH ADR,,Daniel Goldman,2023-03-20,D, NY10,House,,2023-03-21,9.35576729507408,New York,2023-11-16,2023-02-27,2023-03-20,TOELY,6.624566894571049,15.476813278846668,True,True
SOMMY,ST,SUMITOMO CHEMICAL CO LTD UNSPONSORED ADR,"Monday, February 27, 2023",Sale,"$1,001 - $15,000",NEW, DANIEL GOLDMAN GRANDCHILDREN 1986 TRUST > TLH ADR,,Daniel Goldman,2023-03-20,D, NY10,House,,2023-03-21,-67.1966654181988,New York,2023-11-16,2023-02-27,2023-03-20,SOMMY,5.177951026729454,21.293169855195128,True,True
NTDTY,ST,NTT DATA CORP LTD UNSPONSORED ADR,"Monday, February 27, 2023",Purchase,"$1,001 - $15,000",NEW, DANIEL GOLDMAN GRANDCHILDREN 1986 TRUST > TLH ADR,,Daniel Goldman,2023-03-20,D, NY10,House,,2023-03-21,-13.3387364326276,New York,2023-11-16,2023-02-27,2023-03-20,NTDTY,-3.282973549226298,0.440300590349918,False,True
RELX,ST,RELX PLC PLC AMERICAN DEPOSITARY SHARES,"Monday, February 27, 2023",Purchase,"$15,001 - $50,000",NEW, DANIEL GOLDMAN GRANDCHILDREN 1986 TRUST > TLH ADR,,Daniel Goldman,2023-03-20,D, NY10,House,,2023-03-21,12.4888064152844,New York,2023-11-16,2023-02-27,2023-03-20,RELX,3.468033781809754,-4.952655930572791,True,False
ASML,ST,ASML HOLDING N.V. - NEW YORK REGISTRY SHARES,"Monday, February 27, 2023",Sale,"$1,001 - $15,000",NEW, DANIEL GOLDMAN GRANDCHILDREN 1986 TRUST > TLH ADR,,Daniel Goldman,2023-03-20,D, NY10,House,,2023-03-21,20.1513504873154,New York,2023-11-16,2023-02-27,2023-03-20,ASML,-3.13360508053806,-9.60953211797515,False,False
SSDOY,ST,SHISEIDO CO LTD ORD AMERICAN DEPOSITARY SHARES,"Monday, February 27, 2023",Purchase,"$1,001 - $15,000",NEW, DANIEL GOLDMAN GRANDCHILDREN 1986 TRUST > TLH ADR,,Daniel Goldman,2023-03-20,D, NY10,House,,2023-03-21,-66.7922830121031,New York,2023-11-16,2023-02-27,2023-03-20,SSDOY,1.2387270668108519,-3.6430830594705865,True,False
JHX,ST,JAMES HARDIE INDUSTRIES PLC AMERICAN DEPOSITARY SHARES,"Monday, February 27, 2023",Purchase,"$1,001 - $15,000",NEW, DANIEL GOLDMAN GRANDCHILDREN 1986 TRUST > TLH ADR,,Daniel Goldman,2023-03-20,D, NY10,House,,2023-03-21,59.0052827995833,New York,2023-11-16,2023-02-27,2023-03-20,JHX,5.319731796194627,14.36416852548792,True,True
RIO,ST,RIO TINTO PLC,"Monday, February 27, 2023",Purchase,"$15,001 - $50,000",NEW, DANIEL GOLDMAN GRANDCHILDREN 1986 TRUST > TLH ADR,,Daniel Goldman,2023-03-20,D, NY10,House,,2023-03-21,-38.6897646821959,New York,2023-11-16,2023-02-27,2023-03-20,RIO,-4.513332719681495,-18.562363705088735,False,False
NCLTY,OT,"NITORI HOLDINGS CO., LTD. ADR CMN","Monday, February 27, 2023",Sale,"$15,001 - $50,000",NEW, DANIEL GOLDMAN GRANDCHILDREN 1986 TRUST > TLH ADR,ADR STOCK,Daniel Goldman,2023-03-20,D, NY10,House,,2023-03-21,7.28879394809447,New York,2023-11-16,2023-02-27,2023-03-20,NCLTY,-7.8494382722065215,-3.5649729625526927,False,False
SVNDY,ST,SEVEN & I HOLDINGS CO LTD UNSPONSORED ADR,"Monday, February 27, 2023",Purchase,"$1,001 - $15,000",NEW, DANIEL GOLDMAN GRANDCHILDREN 1986 TRUST > TLH ADR,,Daniel Goldman,2023-03-20,D, NY10,House,,2023-03-21,-64.1667889020813,New York,2023-11-16,2023-02-27,2023-03-20,SVNDY,0.20641073123126574,-8.803659298940547,True,False
MSLOY,ST,MITSUI OSK LINES LTD UNSPONSORED ADR,"Monday, February 27, 2023",Purchase,"$15,001 - $50,000",NEW, DANIEL GOLDMAN GRANDCHILDREN 1986 TRUST > TLH ADR,,Daniel Goldman,2023-03-20,D, NY10,House,,2023-03-21,-10.455961701768,New York,2023-11-16,2023-02-27,2023-03-20,MSLOY,-0.7725821936094723,-21.443326914282203,False,False
ATLKY,ST,ATLAS COPCO AB SPONSORED ADR REPSTG CLASS A,"Monday, February 27, 2023",Sale,"$1,001 - $15,000",NEW, DANIEL GOLDMAN GRANDCHILDREN 1986 TRUST > TLH ADR,,Daniel Goldman,2023-03-20,D, NY10,House,,2023-03-21,21.2341402936306,New York,2023-11-16,2023-02-27,2023-03-20,ATLKY,-0.12042951299835458,-18.676412283462284,False,False
DKILY,ST,DAIKIN INDS LTD UNSPONSORED ADR,"Monday, February 27, 2023",Purchase,"$15,001 - $50,000",NEW, DANIEL GOLDMAN GRANDCHILDREN 1986 TRUST > TLH ADR,,Daniel Goldman,2023-03-20,D, NY10,House,,2023-03-21,-50.883934870379,New York,2023-11-16,2023-02-27,2023-03-20,DKILY,1.9897430531510718,3.9694237998038506,True,True
SFTBY,ST,SOFTBANK CORP UNSPONSORED ADR,"Monday, February 27, 2023",Sale,"$15,001 - $50,000",NEW, DANIEL GOLDMAN GRANDCHILDREN 1986 TRUST > TLH ADR,,Daniel Goldman,2023-03-20,D, NY10,House,,2023-03-21,15.2711691732649,New York,2023-11-16,2023-02-27,2023-03-20,SFTBY,2.6398405250289247,8.099417111137985,True,True
JAPAY,ST,JAPAN TOBACCO UNSPONSORED AMERICAN DEPOSITORY RECEIPT,"Monday, February 27, 2023",Purchase,"$1,001 - $15,000",NEW, DANIEL GOLDMAN GRANDCHILDREN 1986 TRUST > TLH ADR,,Daniel Goldman,2023-03-20,D, NY10,House,,2023-03-21,-2.32520998671114,New York,2023-11-16,2023-02-27,2023-03-20,JAPAY,1.4975429190140055,1.2424184111659686,True,True
AJINY,ST,"AJINOMOTO COMPANY, INC. AMERICAN DEPOSITARY SHARES","Monday, February 27, 2023",Purchase,"$1,001 - $15,000",NEW, DANIEL GOLDMAN GRANDCHILDREN 1986 TRUST > TLH ADR,,Daniel Goldman,2023-03-20,D, NY10,House,,2023-03-21,-7.54905739262763,New York,2023-11-16,2023-02-27,2023-03-20,AJINY,17.003574096129515,25.29541458673887,True,True
CSLLY,ST,CSL LTD SPONSORED ADR,"Monday, February 27, 2023",Purchase,"$15,001 - $50,000",NEW, DANIEL GOLDMAN GRANDCHILDREN 1986 TRUST > TLH ADR,,Daniel Goldman,2023-03-20,D, NY10,House,,2023-03-21,-37.4935425855832,New York,2023-11-16,2023-02-27,2023-03-20,CSLLY,-6.766782461866027,-6.124355706833883,False,False
NOK,ST,NOKIA CORPORATION SPONSORED AMERICAN DEPOSITARY SHARES,"Monday, February 27, 2023",Purchase,"$1,001 - $15,000",NEW, DANIEL GOLDMAN GRANDCHILDREN 1986 TRUST > TLH ADR,,Daniel Goldman,2023-03-20,D, NY10,House,,2023-03-21,-49.5822363489265,New York,2023-11-16,2023-02-27,2023-03-20,NOK,0.3545919480069548,-19.52552597713886,True,False
UL,ST,UNILEVER PLC,"Monday, February 27, 2023",Purchase,"$1,001 - $15,000",NEW, DANIEL GOLDMAN GRANDCHILDREN 1986 TRUST > TLH ADR,,Daniel Goldman,2023-03-20,D, NY10,House,,2023-03-21,-31.6863345531795,New York,2023-11-16,2023-02-27,2023-03-20,UL,1.1328999154344377,-6.656397145338778,True,False
OTSKY,ST,"OTSUKA HOLDINGS CO. LTD, TOKYO UNSPONSORED ADR","Monday, February 27, 2023",Purchase,"$1,001 - $15,000",NEW, DANIEL GOLDMAN GRANDCHILDREN 1986 TRUST > TLH ADR,,Daniel Goldman,2023-03-20,D, NY10,House,,2023-03-21,5.08698488402738,New York,2023-11-16,2023-02-27,2023-03-20,OTSKY,3.855670739663064,15.906260290043672,True,True
HXGBY,ST,HEXAGON AB AMERICAN DEPOSITARY SHARES,"Monday, February 27, 2023",Purchase,"$1,001 - $15,000",NEW, DANIEL GOLDMAN GRANDCHILDREN 1986 TRUST > TLH ADR,,Daniel Goldman,2023-03-20,D, NY10,House,,2023-03-21,-20.6416621232058,New York,2023-11-16,2023-02-27,2023-03-20,HXGBY,-2.1477308889440994,-3.1431732401433488,False,False
VOD,ST,VODAFONE GROUP PLC - AMERICAN DEPOSITARY SHARES EACH REPRESENTING TEN ORDINARY SHARES,"Monday, February 27, 2023",Purchase,"$15,001 - $50,000",NEW, DANIEL GOLDMAN GRANDCHILDREN 1986 TRUST > TLH ADR,,Daniel Goldman,2023-03-20,D, NY10,House,,2023-03-21,-55.4628972840795,New York,2023-11-16,2023-02-27,2023-03-20,VOD,-9.767879134578239,-25.42447554213466,False,False
TTNDY,ST,TECHTRONIC INDUSTRIES COMPANY LTD AMERICAN DEPOSITARY SHARES,"Monday, February 27, 2023",Purchase,"$1,001 - $15,000",NEW, DANIEL GOLDMAN GRANDCHILDREN 1986 TRUST > TLH ADR,,Daniel Goldman,2023-03-20,D, NY10,House,,2023-03-21,2.49839188759205,New York,2023-11-16,2023-02-27,2023-03-20,TTNDY,8.19829577556279,-14.112871490301181,True,False
FRCOY,ST,FAST RETAILING CO LTD UNSPONSORED ADR,"Monday, February 27, 2023",Purchase,"$1,001 - $15,000",NEW, DANIEL GOLDMAN GRANDCHILDREN 1986 TRUST > TLH ADR,,Daniel Goldman,2023-03-20,D, NY10,House,,2023-03-21,-78.6478158615127,New York,2023-11-16,2023-02-27,2023-03-20,FRCOY,6.714016401080181,14.14015621841025,True,True
FJTSY,ST,FUJITSU LTD ADR,"Monday, February 27, 2023",Purchase,"$1,001 - $15,000",NEW, DANIEL GOLDMAN GRANDCHILDREN 1986 TRUST > TLH ADR,,Daniel Goldman,2023-03-20,D, NY10,House,,2023-03-21,0.0582036011455145,New York,2023-11-16,2023-02-27,2023-03-20,FJTSY,3.324502489113068,-5.332493615620693,True,False
QABSY,ST,QANTAS AIRWAYS LTD,"Monday, February 27, 2023",Purchase,"$1,001 - $15,000",NEW, DANIEL GOLDMAN GRANDCHILDREN 1986 TRUST > TLH ADR,,Daniel Goldman,2023-03-20,D, NY10,House,,2023-03-21,-50.0056763465138,New York,2023-11-16,2023-02-27,2023-03-20,QABSY,1.6725724714061307,-4.949611504041296,True,False
ADYEY,OT,ADYEN N.V. ADR CMN,"Monday, February 27, 2023",Purchase,"$1,001 - $15,000",NEW, DANIEL GOLDMAN GRANDCHILDREN 1986 TRUST > TLH ADR,ADR STOCK,Daniel Goldman,2023-03-20,D, NY10,House,,2023-03-21,-16.8823350283152,New York,2023-11-16,2023-02-27,2023-03-20,ADYEY,6.265691648758898,8.648577843021954,True,True
GRFS,ST,"GRIFOLS, S.A. - AMERICAN DEPOSITARY SHARES","Monday, February 27, 2023",Purchase,"$1,001 - $15,000",NEW, DANIEL GOLDMAN GRANDCHILDREN 1986 TRUST > TLH ADR,,Daniel Goldman,2023-03-20,D, NY10,House,,2023-03-21,-61.8942876662275,New York,2023-11-16,2023-02-27,2023-03-20,GRFS,-22.907112270480965,-11.9181019046667,False,False
UCBJY,ST,UCB UNSPONSORED ADR,"Monday, February 27, 2023",Purchase,"$1,001 - $15,000",NEW, DANIEL GOLDMAN GRANDCHILDREN 1986 TRUST > TLH ADR,,Daniel Goldman,2023-03-20,D, NY10,House,,2023-03-21,2.13671931184001,New York,2023-11-16,2023-02-27,2023-03-20,UCBJY,1.9978774154508105,-8.08853900563612,True,False
SGIOY,ST,SHIONOGI & CO LTD UNSPONSORED ADR,"Monday, February 27, 2023",Sale,"$1,001 - $15,000",NEW, DANIEL GOLDMAN GRANDCHILDREN 1986 TRUST > TLH ADR,,Daniel Goldman,2023-03-20,D, NY10,House,,2023-03-21,-13.6959689097929,New York,2023-11-16,2023-02-27,2023-03-20,SGIOY,-0.47146222277218985,7.940828372121722,False,True
DNTUY,ST,DENTSU INC TOKYO UNSPONSORED ADR,"Monday, February 27, 2023",Purchase,"$1,001 - $15,000",NEW, DANIEL GOLDMAN GRANDCHILDREN 1986 TRUST > TLH ADR,,Daniel Goldman,2023-03-20,D, NY10,House,,2023-03-21,-43.9288902230143,New York,2023-11-16,2023-02-27,2023-03-20,DNTUY,4.3312638210902366,-4.011143201439316,True,False
NVS,ST,NOVARTIS AG,"Monday, February 27, 2023",Sale,"$15,001 - $50,000",NEW, DANIEL GOLDMAN GRANDCHILDREN 1986 TRUST > TLH ADR,,Daniel Goldman,2023-03-20,D, NY10,House,,2023-03-21,-14.8976347597636,New York,2023-11-16,2023-02-27,2023-03-20,NVS,-4.27939707775844,-7.251082720015467,False,False
MSFT,ST,MICROSOFT CORPORATION,"Friday, February 24, 2023",Purchase,"$15,001 - $50,000",NEW,,,Michael C. Burgess,2023-03-03,R, TX26,House,,2023-03-06,38.0472298842135,Texas,2023-11-16,2023-02-24,2023-03-03,MSFT,10.709340095039277,26.21083263565078,True,True
AAP,ST,ADVANCE AUTO PARTS INC.,"Friday, February 24, 2023",Purchase,"$15,001 - $50,000",NEW,,,Michael C. Burgess,2023-03-14,R, TX26,House,,2023-03-15,-70.1511993410045,Texas,2023-11-16,2023-02-24,2023-03-14,AAP,-17.552730194856192,-24.176285958922218,False,False
PEG,ST,PUBLIC SERVICE ENTERPRISE GROUP INCORPORATED,"Friday, February 24, 2023",Purchase,"$1,001 - $15,000",NEW, MORGAN STANLEY ACTIVE ASSETS (1),,Jared Moskowitz,2023-03-10,D, FL23,House,,2023-03-13,-24.7411893624133,Florida,2023-11-16,2023-02-24,2023-03-10,PEG,-3.344836851058308,-6.723819073575177,False,False
BX,ST,BLACKSTONE INC.,"Friday, February 24, 2023",Purchase,"$15,001 - $50,000",NEW,,,Michael C. Burgess,2023-03-14,R, TX26,House,,2023-03-15,11.2790430311939,Texas,2023-11-16,2023-02-24,2023-03-14,BX,-5.656881423244853,-10.774489200440328,False,False
AAP,ST,ADVANCE AUTO PARTS INC.,"Friday, February 24, 2023",Purchase,"$15,001 - $50,000",NEW,,,Michael C. Burgess,2023-03-03,R, TX26,House,,2023-03-06,-70.1511993410045,Texas,2023-11-16,2023-02-24,2023-03-03,AAP,-17.552730194856192,-24.176285958922218,False,False
JNJ,ST,JOHNSON & JOHNSON,"Friday, February 24, 2023",Sale,"$15,001 - $50,000",NEW, STATE STREET BANK & TRUST CO.,,Thomas H. Kean,2023-03-11,R, NJ07,House,,2023-03-13,-27.6251496350845,New Jersey,2023-11-16,2023-02-24,2023-03-11,JNJ,1.9005295660002863,5.565384069349144,True,True
NEE,ST,"NEXTERA ENERGY, INC.","Friday, February 24, 2023",Purchase,"$1,001 - $15,000",NEW, MORGAN STANLEY ACTIVE ASSETS (1),,Jared Moskowitz,2023-03-10,D, FL23,House,,2023-03-13,-46.6504266946032,Florida,2023-11-16,2023-02-24,2023-03-10,NEE,3.2671848780176482,-3.920649643789176,True,False
AAP,ST,ADVANCE AUTO PARTS INC.,"Friday, February 24, 2023",Sale,"$1,001 - $15,000",NEW,,"THE TERMS OF THE CALL ARE A STRIKE PRICE OF $140, AND AN EXPIRATION OF 4/06/2023.",Michael C. Burgess,2023-03-03,R, TX26,House,,2023-03-06,-70.1511993410045,Texas,2023-11-16,2023-02-24,2023-03-03,AAP,17.552730194856192,24.176285958922218,True,True
BCC,ST,"BOISE CASCADE, L.L.C.","Friday, February 24, 2023",Purchase,"$15,001 - $50,000",NEW,,,Virginia Foxx,2023-03-03,R, NC05,House,,2023-03-06,55.823003958685,North Carolina,2023-11-16,2023-02-24,2023-03-03,BCC,-13.482651861573547,0.8873039671538852,False,True
SYK,ST,STRYKER CORPORATION,"Friday, February 24, 2023",Sale,"$15,001 - $50,000",NEW, STATE STREET BANK & TRUST CO.,,Thomas H. Kean,2023-03-11,R, NJ07,House,,2023-03-13,5.2379615320877,New Jersey,2023-11-16,2023-02-24,2023-03-11,SYK,-5.834739734580885,0.7186009331168863,False,True
BBY,ST,"BEST BUY CO., INC.","Friday, February 24, 2023",Sale,"$1,001 - $15,000",NEW, MORGAN STANLEY ACTIVE ASSETS (1),,Jared Moskowitz,2023-03-10,D, FL23,House,,2023-03-13,-35.9616783868052,Florida,2023-11-16,2023-02-24,2023-03-10,BBY,12.083200496446878,19.525824365783773,True,True
CI,ST,THE CIGNA GROUP,"Friday, February 24, 2023",Purchase,"$15,001 - $50,000",NEW,,,Michael C. Burgess,2023-03-14,R, TX26,House,,2023-03-15,-9.18711994110733,Texas,2023-11-16,2023-02-24,2023-03-14,CI,-11.066003164824956,-20.450530824404566,False,False
AAP,ST,ADVANCE AUTO PARTS INC.,"Friday, February 24, 2023",Sale,"$1,001 - $15,000",NEW,,"THE TERMS OF THE CALL ARE A STRIKE PRICE OF $139, WITH AN EXPIRATION OF 04/06/23.",Michael C. Burgess,2023-03-14,R, TX26,House,,2023-03-15,-70.1511993410045,Texas,2023-11-16,2023-02-24,2023-03-14,AAP,17.552730194856192,24.176285958922218,True,True
PEP,ST,"PEPSICO, INC.","Friday, February 24, 2023",Purchase,"$1,001 - $15,000",NEW, MORGAN STANLEY ACTIVE ASSETS (1),,Jared Moskowitz,2023-03-10,D, FL23,House,,2023-03-13,-35.4640028614301,Florida,2023-11-16,2023-02-24,2023-03-10,PEP,1.817473901779043,-0.10963746763996696,True,False
MRK,ST,"MERCK & COMPANY, INC. COMMON STOCK","Friday, February 24, 2023",Purchase,"$1,001 - $15,000",NEW, MORGAN STANLEY ACTIVE ASSETS (1),,Jared Moskowitz,2023-03-10,D, FL23,House,,2023-03-13,-18.4587782067397,Florida,2023-11-16,2023-02-24,2023-03-10,MRK,-2.882264961950809,-2.3720877599945123,False,False
SYK,ST,STRYKER CORPORATION,"Friday, February 24, 2023",Purchase,"$1,001 - $15,000",NEW,,,Michael C. Burgess,2023-03-14,R, TX26,House,,2023-03-15,5.2379615320877,Texas,2023-11-16,2023-02-24,2023-03-14,SYK,5.834739734580885,-0.7186009331168863,True,False
BX,ST,BLACKSTONE INC.,"Friday, February 24, 2023",Purchase,"$15,001 - $50,000",NEW,,,Michael C. Burgess,2023-03-03,R, TX26,House,,2023-03-06,11.2790430311939,Texas,2023-11-16,2023-02-24,2023-03-03,BX,-5.656881423244853,-10.774489200440328,False,False
PFE,ST,"PFIZER, INC.","Friday, February 24, 2023",Sale,"$1,001 - $15,000",NEW, MORGAN STANLEY ACTIVE ASSETS (1),,Jared Moskowitz,2023-03-10,D, FL23,House,,2023-03-13,-62.1199331014275,Florida,2023-11-16,2023-02-24,2023-03-10,PFE,3.853330821360834,13.954410468927014,True,True
SPGI,ST,S&P GLOBAL INC.,"Friday, February 24, 2023",Purchase,"$1,001 - $15,000",NEW, MORGAN STANLEY ACTIVE ASSETS (1),,Jared Moskowitz,2023-03-10,D, FL23,House,,2023-03-13,-5.91028146289082,Florida,2023-11-16,2023-02-24,2023-03-10,SPGI,-2.4106925507602406,-0.21432771769636094,False,False
BX,ST,BLACKSTONE INC.,"Friday, February 24, 2023",Sale,"$1,001 - $15,000",NEW,,"THE TERMS OF THE CALL ARE A STRIKE PRICE OF $89, AND AN EXPIRATION OF 04/6/2023.",Michael C. Burgess,2023-03-03,R, TX26,House,,2023-03-06,11.2790430311939,Texas,2023-11-16,2023-02-24,2023-03-03,BX,5.656881423244853,10.774489200440328,True,True
AMD,ST,"ADVANCED MICRO DEVICES, INC.","Thursday, February 23, 2023",Sale,"$1,001 - $15,000",NEW, MORGAN STANLEY - SELECT UMA ACCOUNT # 1,,Josh Gottheimer,2023-03-17,D, NJ05,House,,2023-03-20,111.912532909741,New Jersey,2023-11-16,2023-02-23,2023-03-17,AMD,-22.008145991514084,-33.19665178301248,False,False
MELI,ST,"MERCADOLIBRE, INC.","Thursday, February 23, 2023",Purchase,"$1,001 - $15,000",NEW, MORGAN STANLEY - SELECT UMA ACCOUNT # 1,,Josh Gottheimer,2023-03-17,D, NJ05,House,,2023-03-20,4.30778076324171,New Jersey,2023-11-16,2023-02-23,2023-03-17,MELI,5.754167634035912,10.448646818579444,True,True
GOOGL,ST,ALPHABET INC. - CLASS A,"Thursday, February 23, 2023",Sale,"$1,001 - $15,000",NEW, NORTHWESTERN MUTUAL - JOINT,,John Curtis,2023-03-13,R, UT03,House,,2023-03-14,27.6694846282225,Utah,2023-11-16,2023-02-23,2023-03-13,GOOGL,-13.596752376559973,-30.452836844602736,False,False
COST,ST,COSTCO WHOLESALE CORPORATION,"Thursday, February 23, 2023",Sale,"$1,001 - $15,000",NEW, NORTHWESTERN MUTUAL - JOINT,,John Curtis,2023-03-13,R, UT03,House,,2023-03-14,19.48369222495,Utah,2023-11-16,2023-02-23,2023-03-13,COST,-0.883299245786362,4.669979360226595,False,True
MCK,ST,MCKESSON CORPORATION,"Thursday, February 23, 2023",Sale,"$1,001 - $15,000",NEW, MORGAN STANLEY - SELECT UMA ACCOUNT # 1,,Josh Gottheimer,2023-03-17,D, NJ05,House,,2023-03-20,20.436442419023,New Jersey,2023-11-16,2023-02-23,2023-03-17,MCK,2.1662492430328917,-7.453496640202606,True,False
RTX,ST,RAYTHEON TECHNOLOGIES CORPORATION,"Thursday, February 23, 2023",Sale,"$1,001 - $15,000",NEW, NORTHWESTERN MUTUAL - JOINT,,John Curtis,2023-03-13,R, UT03,House,,2023-03-14,-34.3953780776507,Utah,2023-11-16,2023-02-23,2023-03-13,RTX,1.8727798420549169,8.5667010232366,True,True
MSFT,ST,MICROSOFT CORPORATION,"Thursday, February 23, 2023",Sale,"$1,001 - $15,000",NEW, NORTHWESTERN MUTUAL - JOINT,,John Curtis,2023-03-13,R, UT03,House,,2023-03-14,35.7882509185959,Utah,2023-11-16,2023-02-23,2023-03-13,MSFT,-9.349239872737414,-20.62444434609574,False,False
CVX,ST,CHEVRON CORPORATION,"Thursday, February 23, 2023",Sale,"$1,001 - $15,000",NEW, NORTHWESTERN MUTUAL - JOINT,,John Curtis,2023-03-13,R, UT03,House,,2023-03-14,-31.6011088647245,Utah,2023-11-16,2023-02-23,2023-03-13,CVX,1.776037366647898,5.44287916014119,True,True
NVDA,ST,NVIDIA CORPORATION,"Thursday, February 23, 2023",Purchase,"$1,001 - $15,000",NEW, MORGAN STANLEY - SELECT UMA ACCOUNT # 1,,Josh Gottheimer,2023-03-17,D, NJ05,House,,2023-03-20,243.520829363119,New Jersey,2023-11-16,2023-02-23,2023-03-17,NVDA,12.982531700420763,26.483246846267548,True,True
CBZ,ST,"CBIZ, INC.","Thursday, February 23, 2023",Purchase,"$1,001 - $15,000",NEW, MORGAN STANLEY - SELECT UMA ACCOUNT # 1,,Josh Gottheimer,2023-03-17,D, NJ05,House,,2023-03-20,21.5943744298277,New Jersey,2023-11-16,2023-02-23,2023-03-17,CBZ,-2.4285328392274153,-3.140833277517696,False,False
AAPL,ST,APPLE INC.,"Thursday, February 23, 2023",Sale,"$1,001 - $15,000",NEW, NORTHWESTERN MUTUAL - JOINT,,John Curtis,2023-03-13,R, UT03,House,,2023-03-14,-12.118966127159,Utah,2023-11-16,2023-02-23,2023-03-13,AAPL,-6.8108580069693225,-12.454983075489267,False,False
META,ST,"META PLATFORMS, INC. - CLASS A","Thursday, February 23, 2023",Sale,"$1,001 - $15,000",NEW, NORTHWESTERN MUTUAL - JOINT,,John Curtis,2023-03-13,R, UT03,House,,2023-03-14,153.726914489005,Utah,2023-11-16,2023-02-23,2023-03-13,META,-18.76989516721803,-42.290757539279646,False,False
BSX,ST,BOSTON SCIENTIFIC CORPORATION,"Thursday, February 23, 2023",Sale,"$1,001 - $15,000",NEW, NORTHWESTERN MUTUAL - JOINT,,John Curtis,2023-03-13,R, UT03,House,,2023-03-14,12.7161437059845,Utah,2023-11-16,2023-02-23,2023-03-13,BSX,-3.3045561195830464,-7.502725791042608,False,False
TMO,ST,THERMO FISHER SCIENTIFIC INC,"Thursday, February 23, 2023",Sale,"$1,001 - $15,000",NEW, NORTHWESTERN MUTUAL - JOINT,,John Curtis,2023-03-13,R, UT03,House,,2023-03-14,-21.6351796335123,Utah,2023-11-16,2023-02-23,2023-03-13,TMO,-2.816437775789815,9.86703435062103,False,True
APPF,ST,"APPFOLIO, INC. - CLASS A","Thursday, February 23, 2023",Purchase,"$1,001 - $15,000",NEW, MORGAN STANLEY - SELECT UMA ACCOUNT # 1,,Josh Gottheimer,2023-03-17,D, NJ05,House,,2023-03-20,41.0831504770206,New Jersey,2023-11-16,2023-02-23,2023-03-17,APPF,-7.743102392702006,5.496468159761991,False,True
TEL,ST,TE CONNECTIVITY LTD. NEW SWITZERLAND REGISTERED SHARES,"Thursday, February 23, 2023",Purchase,"$1,001 - $15,000",NEW, MORGAN STANLEY IRA - X142,,Lois Frankel,2023-03-13,D, FL22,House,,2023-03-14,-18.5502676229336,Florida,2023-11-16,2023-02-23,2023-03-13,TEL,-0.9833209443613211,-9.457055626874556,False,False
UNH,ST,UNITEDHEALTH GROUP INCORPORATED COMMON STOCK,"Thursday, February 23, 2023",Sale,"$1,001 - $15,000",NEW, NORTHWESTERN MUTUAL - JOINT,,John Curtis,2023-03-13,R, UT03,House,,2023-03-14,-27.8380755572118,Utah,2023-11-16,2023-02-23,2023-03-13,UNH,1.124014280698049,4.773811449307774,True,True
PG,ST,PROCTER & GAMBLE COMPANY,"Thursday, February 23, 2023",Sale,"$1,001 - $15,000",NEW, NORTHWESTERN MUTUAL - JOINT,,John Curtis,2023-03-13,R, UT03,House,,2023-03-14,-12.4308599000371,Utah,2023-11-16,2023-02-23,2023-03-13,PG,-5.0798560951553995,-1.9190123539607917,False,False
UBER,ST,"UBER TECHNOLOGIES, INC.","Thursday, February 23, 2023",Purchase,"$1,001 - $15,000",NEW, MORGAN STANLEY - SELECT UMA ACCOUNT # 1,,Josh Gottheimer,2023-03-17,D, NJ05,House,,2023-03-20,93.0235185198712,New Jersey,2023-11-16,2023-02-23,2023-03-17,UBER,-10.302053894725915,7.559640106604126,False,True
MA,ST,MASTERCARD INCORPORATED,"Thursday, February 23, 2023",Sale,"$1,001 - $15,000",NEW, NORTHWESTERN MUTUAL - JOINT,,John Curtis,2023-03-13,R, UT03,House,,2023-03-14,6.17567221864678,Utah,2023-11-16,2023-02-23,2023-03-13,MA,-0.6111224677107785,-1.0829755676826203,False,False
AMZN,ST,"AMAZON.COM, INC.","Thursday, February 23, 2023",Sale,"$1,001 - $15,000",NEW, NORTHWESTERN MUTUAL - JOINT,,John Curtis,2023-03-13,R, UT03,House,,2023-03-14,54.3676692056563,Utah,2023-11-16,2023-02-23,2023-03-13,AMZN,-3.183924759450263,-19.277939926013786,False,False
NVDA,ST,NVIDIA CORPORATION,"Thursday, February 23, 2023",Sale,"$1,001 - $15,000",NEW, NORTHWESTERN MUTUAL - JOINT,,John Curtis,2023-03-13,R, UT03,House,,2023-03-14,243.520829363119,Utah,2023-11-16,2023-02-23,2023-03-13,NVDA,-12.982531700420763,-26.483246846267548,False,False
JNJ,ST,JOHNSON & JOHNSON,"Thursday, February 23, 2023",Sale,"$1,001 - $15,000",,,,John Curtis,2023-03-13,R, UT03,House,,2023-03-14,-27.3758371412986,Utah,2023-11-16,2023-02-23,2023-03-13,JNJ,1.9415130066031128,3.243468918788228,True,True
JPM,ST,JP MORGAN CHASE & CO.,"Thursday, February 23, 2023",Sale,"$1,001 - $15,000",NEW, NORTHWESTERN MUTUAL - JOINT,,John Curtis,2023-03-13,R, UT03,House,,2023-03-14,8.58859670813002,Utah,2023-11-16,2023-02-23,2023-03-13,JPM,7.137497695072447,5.665265519063101,True,True
AMGN,ST,AMGEN INC.,"Wednesday, February 22, 2023",Sale,"$1,001 - $15,000",NEW, MORGAN STANLEY - SELECT UMA ACCOUNT # 1,,Josh Gottheimer,2023-03-17,D, NJ05,House,,2023-03-20,-14.4515712070662,New Jersey,2023-11-16,2023-02-22,2023-03-17,AMGN,-1.294458586088021,8.8346509735577,False,True
NXPI,ST,NXP SEMICONDUCTORS N.V.,"Wednesday, February 22, 2023",Sale,"$1,001 - $15,000",NEW, MORGAN STANLEY IRA - X141,,Lois Frankel,2023-04-03,D, FL22,House,,2023-04-04,5.37990527385176,Florida,2023-11-16,2023-02-22,2023-04-03,NXPI,0.13894179869412548,5.352021936088902,True,True
PNC,ST,"PNC FINANCIAL SERVICES GROUP, INC.","Wednesday, February 22, 2023",Sale,"$1,001 - $15,000",NEW, MORGAN STANLEY IRA - X141,,Lois Frankel,2023-04-03,D, FL22,House,,2023-04-04,-33.1136107365306,Florida,2023-11-16,2023-02-22,2023-04-03,PNC,20.06679373834749,26.14318948322848,True,True
C,ST,"CITIGROUP, INC.","Wednesday, February 22, 2023",Purchase,"$1,001 - $15,000",NEW, MORGAN STANLEY IRA - X141,,Lois Frankel,2023-04-03,D, FL22,House,,2023-04-04,-13.174452658003,Florida,2023-11-16,2023-02-22,2023-04-03,C,-13.346296597201345,-12.125312671940126,False,False
COST,ST,COSTCO WHOLESALE CORPORATION,"Tuesday, February 21, 2023",Purchase,"$1,001 - $15,000",NEW, MORGAN STANLEY ACTIVE ASSETS (5),,Jared Moskowitz,2023-03-10,D, FL23,House,,2023-03-13,16.4812696262058,Florida,2023-11-16,2023-02-21,2023-03-10,COST,-1.5699909793974953,-6.852652224877065,False,False
MSFT,ST,MICROSOFT CORPORATION,"Tuesday, February 21, 2023",Sale,"$15,001 - $50,000",NEW, FIDELITY JOINT TBE,,Scott Mr Franklin,2023-03-07,R, FL18,House,,2023-03-08,36.6664088064567,Florida,2023-11-16,2023-02-21,2023-03-07,MSFT,-11.106681930537599,-22.22891718130029,False,False
PNC,ST,"PNC FINANCIAL SERVICES GROUP, INC.","Tuesday, February 21, 2023",Purchase,"$1,001 - $15,000",NEW, MORGAN STANLEY ACTIVE ASSETS (6),,Jared Moskowitz,2023-03-10,D, FL23,House,,2023-03-13,-32.4506792472843,Florida,2023-11-16,2023-02-21,2023-03-10,PNC,-20.233394904650826,-27.43502196068448,False,False
QCOM,Stock,QUALCOMM Incorporated - Common Stock,"Tuesday, February 21, 2023",Sale (Partial),"$1,001 - $15,000",New,,,"Carper, Thomas R.",2023-03-01,D,,Senate,,2023-03-01,7.02428019195924,Delaware,2023-08-28,2023-02-21,2023-03-01,QCOM,-1.580095901759393,19.77636273982657,False,True
ABBV,ST,ABBVIE INC.,"Tuesday, February 21, 2023",Sale,"$1,001 - $15,000",NEW, MORGAN STANLEY - SELECT UMA ACCOUNT # 1,,Josh Gottheimer,2023-03-17,D, NJ05,House,,2023-03-20,-11.1151275432235,New Jersey,2023-11-16,2023-02-21,2023-03-17,ABBV,-3.3873634846965373,9.556555503789477,False,True
TTD,ST,"THE TRADE DESK, INC. - CLASS A","Tuesday, February 21, 2023",Purchase,"$1,001 - $15,000",NEW, MORGAN STANLEY - SELECT UMA ACCOUNT # 1,,Josh Gottheimer,2023-03-17,D, NJ05,House,,2023-03-20,7.04798398007815,New Jersey,2023-11-16,2023-02-21,2023-03-17,TTD,7.277980434296694,15.854583333685657,True,True
HRL,ST,HORMEL FOODS CORPORATION,"Tuesday, February 21, 2023",Purchase,"$1,001 - $15,000",NEW, MORGAN STANLEY ACTIVE ASSETS (5),,Jared Moskowitz,2023-03-10,D, FL23,House,,2023-03-13,-53.0754802720111,Florida,2023-11-16,2023-02-21,2023-03-10,HRL,-15.340416869410145,-19.37538500211643,False,False
DG,ST,DOLLAR GENERAL CORPORATION,"Tuesday, February 21, 2023",Purchase,"$1,001 - $15,000",NEW, MORGAN STANLEY ACTIVE ASSETS (5),,Jared Moskowitz,2023-03-10,D, FL23,House,,2023-03-13,-61.0879152447929,Florida,2023-11-16,2023-02-21,2023-03-10,DG,-9.268662887039515,-11.390068581581236,False,False
NFLX,ST,"NETFLIX, INC.","Tuesday, February 21, 2023",Purchase,"$1,001 - $15,000",NEW, MORGAN STANLEY - SELECT UMA ACCOUNT # 1,,Josh Gottheimer,2023-03-17,D, NJ05,House,,2023-03-20,51.3785566673028,New Jersey,2023-11-16,2023-02-21,2023-03-17,NFLX,-3.8592481569326265,2.673022555297311,False,True
PNC,ST,"PNC FINANCIAL SERVICES GROUP, INC.","Tuesday, February 21, 2023",Purchase,"$1,001 - $15,000",NEW, MORGAN STANLEY ACTIVE ASSETS (5),,Jared Moskowitz,2023-03-10,D, FL23,House,,2023-03-13,-32.4506792472843,Florida,2023-11-16,2023-02-21,2023-03-10,PNC,-20.233394904650826,-27.43502196068448,False,False
SPGI,ST,S&P GLOBAL INC.,"Tuesday, February 21, 2023",Purchase,"$1,001 - $15,000",NEW, MORGAN STANLEY ACTIVE ASSETS (5),,Jared Moskowitz,2023-03-10,D, FL23,House,,2023-03-13,-7.61064142842397,Florida,2023-11-16,2023-02-21,2023-03-10,SPGI,-4.068906837306696,1.2606276102097524,False,True
KO,ST,COCA-COLA COMPANY,"Tuesday, February 21, 2023",Sale,"$1,001 - $15,000",NEW, MORGAN STANLEY - SELECT UMA ACCOUNT # 1,,Josh Gottheimer,2023-03-17,D, NJ05,House,,2023-03-20,-28.0076640684831,New Jersey,2023-11-16,2023-02-21,2023-03-17,KO,-1.4169759581175279,2.025968578664239,False,True
TSM,Stock,Taiwan Semiconductor Manufacturing Company Ltd.,"Tuesday, February 21, 2023",Sale (Partial),"$1,001 - $15,000",New,,,"Carper, Thomas R.",2023-03-01,D,,Senate,,2023-03-01,28.1570505057328,Delaware,2023-08-28,2023-02-21,2023-03-01,TSM,-9.146474291119377,0.23008824575265763,False,True
UBER,ST,"UBER TECHNOLOGIES, INC.","Tuesday, February 21, 2023",Purchase,"$1,001 - $15,000",NEW, MORGAN STANLEY - SELECT UMA ACCOUNT # 1,,Josh Gottheimer,2023-03-17,D, NJ05,House,,2023-03-20,94.2854572520981,New Jersey,2023-11-16,2023-02-21,2023-03-17,UBER,-7.614101652842919,9.646656976986323,False,True
MOS,Stock,Mosaic Company (The) Common Stock,"Tuesday, February 21, 2023",Purchase,"$1,001 - $15,000",New,,,"Carper, Thomas R.",2023-03-01,D,,Senate,,2023-03-01,-62.4435309299137,Delaware,2023-08-28,2023-02-21,2023-03-01,MOS,-10.818077144513783,-31.246532232139344,False,False
NVDA,ST,NVIDIA CORPORATION,"Tuesday, February 21, 2023",Purchase,"$1,001 - $15,000",NEW, MORGAN STANLEY - SELECT UMA ACCOUNT # 1,,Josh Gottheimer,2023-03-17,D, NJ05,House,,2023-03-20,297.113942772362,New Jersey,2023-11-16,2023-02-21,2023-03-17,NVDA,32.859974208809426,46.05131817880566,True,True
CB,ST,CHUBB LIMITED,"Tuesday, February 21, 2023",Purchase,"$1,001 - $15,000",NEW, MORGAN STANLEY ACTIVE ASSETS (5),,Jared Moskowitz,2023-03-10,D, FL23,House,,2023-03-13,-5.3795522563931,Florida,2023-11-16,2023-02-21,2023-03-10,CB,-9.685645123024777,-9.948490238597463,False,False
WMT,ST,WALMART INC.,"Tuesday, February 21, 2023",Sale,"$15,001 - $50,000",NEW, FIDELITY JOINT TBE,,Scott Mr Franklin,2023-03-07,R, FL18,House,,2023-03-08,-4.58208678616897,Florida,2023-11-16,2023-02-21,2023-03-07,WMT,3.317735715501191,4.0302796269994,True,True
SBUX,Stock,Starbucks Corporation - Common Stock,"Tuesday, February 21, 2023",Sale (Full),"$1,001 - $15,000",New,,,"Carper, Thomas R.",2023-03-01,D,,Senate,,2023-03-01,-42.1326630311129,Delaware,2023-08-28,2023-02-21,2023-03-01,SBUX,4.853552468271694,6.6797317974919945,True,True
BRO,ST,"BROWN & BROWN, INC.","Tuesday, February 21, 2023",Purchase,"$1,001 - $15,000",NEW, MORGAN STANLEY ACTIVE ASSETS (5),,Jared Moskowitz,2023-03-10,D, FL23,House,,2023-03-13,22.8630011117473,Florida,2023-11-16,2023-02-21,2023-03-10,BRO,-0.8992442687671187,11.932277293433891,False,True
RTX,Stock,Raytheon Technologies Corporation Common Stock,"Tuesday, February 21, 2023",Purchase,"$1,001 - $15,000",New,,,"Carper, Thomas R.",2023-03-01,D,,Senate,,2023-03-01,-35.8115873962839,Delaware,2023-08-28,2023-02-21,2023-03-01,RTX,-3.4036627943433317,-9.843271125115216,False,False
ITW,ST,ILLINOIS TOOL WORKS INC.,"Tuesday, February 21, 2023",Purchase,"$1,001 - $15,000",,,,Jared Moskowitz,2023-03-10,D, FL23,House,,2023-03-13,-13.7798323644024,Florida,2023-11-16,2023-02-21,2023-03-10,ITW,0.3079990027830548,-7.486181043613227,True,False
PPG,ST,"PPG INDUSTRIES, INC.","Monday, February 20, 2023",Sale,"$1,001 - $15,000",NEW, MORGAN STANLEY IRA - X141,,Lois Frankel,2023-03-13,D, FL22,House,,2023-03-14,-18.9021406385609,Florida,2023-11-16,2023-02-20,2023-03-13,PPG,0.5420407684544104,-6.588349065362564,True,False
SHW,ST,SHERWIN-WILLIAMS COMPANY,"Monday, February 20, 2023",Purchase,"$1,001 - $15,000",NEW, MORGAN STANLEY IRA - X141,,Lois Frankel,2023-03-13,D, FL22,House,,2023-03-14,21.7823986169489,Florida,2023-11-16,2023-02-20,2023-03-13,SHW,-3.8118515933611374,-1.5614247915268331,False,False
DE,ST,DEERE & COMPANY,"Friday, February 17, 2023",Sale,"$1,001 - $15,000",NEW, MORGAN STANLEY - SELECT UMA ACCOUNT # 1,,Josh Gottheimer,2023-03-17,D, NJ05,House,,2023-03-20,-37.1178626050042,New Jersey,2023-11-16,2023-02-17,2023-03-17,DE,5.830448155116152,17.407119058408004,True,True
AMD,ST,"ADVANCED MICRO DEVICES, INC.","Friday, February 17, 2023",Sale,"$1,001 - $15,000",,,,Josh Gottheimer,2023-03-17,D, NJ05,House,,2023-03-20,117.791292767938,New Jersey,2023-11-16,2023-02-17,2023-03-17,AMD,-26.451025112736826,-34.57410951666438,False,False
IFF,ST,"INTERNATIONAL FLAVORS & FRAGRANCES, INC.","Friday, February 17, 2023",Purchase,"$1,001 - $15,000",,,,Lois Frankel,2023-03-13,D, FL22,House,,2023-03-14,-39.7423199841162,Florida,2023-11-16,2023-02-17,2023-03-13,IFF,-9.951535594975624,-15.693540701972042,False,False
LAMR,ST,LAMAR ADVERTISING COMPANY - CLASS A,"Friday, February 17, 2023",Purchase,"$1,001 - $15,000",NEW, MORGAN STANLEY IRA - X142,,Lois Frankel,2023-03-13,D, FL22,House,,2023-03-14,-17.8371011704345,Florida,2023-11-16,2023-02-17,2023-03-13,LAMR,-8.040624046051603,-15.020672115976152,False,False
LLY,ST,ELI LILLY AND COMPANY,"Friday, February 17, 2023",Sale,"$1,001 - $15,000",NEW, MORGAN STANLEY - SELECT UMA ACCOUNT # 1,,Josh Gottheimer,2023-03-17,D, NJ05,House,,2023-03-20,104.052575032072,New Jersey,2023-11-16,2023-02-17,2023-03-17,LLY,-4.709626040595616,-30.42410869644099,False,False
SNV,ST,SYNOVUS FINANCIAL CORP.,"Friday, February 17, 2023",Purchase,"$1,001 - $15,000",NEW, STOCK PLAN,EMPLOYEE STOCK PLAN DISTRIBUTION.,Greg Steube,2023-03-15,R, FL17,House,,2023-03-16,-37.9989081593277,Florida,2023-11-16,2023-02-17,2023-03-15,SNV,-31.27918139678879,-38.038964858836145,False,False
ET,ST,ENERGY TRANSFER LP COMMON UNITS,"Thursday, February 16, 2023",Sale,"$50,001 - $100,000",NEW, EQUITABLE RETIREMENT ACCOUNT,,Mark Dr Green,2023-02-27,R, TN07,House,,2023-02-28,-7.72463586521016,Tennessee,2023-11-16,2023-02-16,2023-02-27,ET,5.877750039217289,5.655903890838543,True,True
TAK,ST,TAKEDA PHARMACEUTICAL COMPANY LIMITED AMERICAN DEPOSITARY SHARES,"Thursday, February 16, 2023",Purchase,"$1,001 - $15,000",NEW,,,Virginia Foxx,2023-03-03,R, NC05,House,,2023-03-06,-32.2776699736915,North Carolina,2023-11-16,2023-02-16,2023-03-03,TAK,8.599938852293787,2.9560248368559527,True,True
PG,ST,PROCTER & GAMBLE COMPANY,"Thursday, February 16, 2023",Purchase,"$1,001 - $15,000",NEW,,REINVEST SHARES,Lloyd Doggett,2023-03-06,D, TX37,House,,2023-03-07,-7.59716034867839,Texas,2023-11-16,2023-02-16,2023-03-06,PG,9.22044784542927,11.410298258360951,True,True
PNC,ST,"PNC FINANCIAL SERVICES GROUP, INC.","Wednesday, February 15, 2023",Sale,"$15,001 - $50,000",NEW, FIDELITY JOINT TBE,,Scott Mr Franklin,2023-03-07,R, FL18,House,,2023-03-08,-30.543303195963,Florida,2023-11-16,2023-02-15,2023-03-07,PNC,17.106477682426522,29.347292890612152,True,True
VZ,ST,VERIZON COMMUNICATIONS INC.,"Wednesday, February 15, 2023",Sale,"$50,001 - $100,000",NEW, FIDELITY JOINT TBE,,Scott Mr Franklin,2023-03-07,R, FL18,House,,2023-03-08,-25.7348646125058,Florida,2023-11-16,2023-02-15,2023-03-07,VZ,3.322018459300302,9.814175115214429,True,True
UNH,ST,UNITEDHEALTH GROUP INCORPORATED COMMON STOCK,"Wednesday, February 15, 2023",Sale,"$15,001 - $50,000",NEW, FIDELITY JOINT TBE,,Scott Mr Franklin,2023-03-07,R, FL18,House,,2023-03-08,-23.6183350025788,Florida,2023-11-16,2023-02-15,2023-03-07,UNH,-1.1410406386034855,1.438114144653202,False,True
CMCSA,ST,COMCAST CORPORATION - CLASS A,"Wednesday, February 15, 2023",Sale,"$50,001 - $100,000",NEW, FIDELITY JOINT TBE,,Scott Mr Franklin,2023-03-07,R, FL18,House,,2023-03-08,-15.0325789443141,Florida,2023-11-16,2023-02-15,2023-03-07,CMCSA,3.031172882488098,-1.7207390135933531,True,False
FQAL,Other Securities,Fidelity Quality Factor ETF,"Wednesday, February 15, 2023",Sale (Full),"$1,001 - $15,000",New,,,"Carper, Thomas R.",2023-03-01,D,,Senate,,2023-03-01,-4.57545392458406,Delaware,2023-08-28,2023-02-15,2023-03-01,FQAL,0.6337719798624519,1.5947759316921273,True,True
MSFT,ST,MICROSOFT CORPORATION,"Wednesday, February 15, 2023",Sale,"$15,001 - $50,000",NEW, FIDELITY JOINT TBE,,Scott Mr Franklin,2023-03-07,R, FL18,House,,2023-03-08,31.0882373505987,Florida,2023-11-16,2023-02-15,2023-03-07,MSFT,-9.322414721357298,-16.659732365878565,False,False
ACN,ST,ACCENTURE PLC CLASS A ORDINARY SHARES,"Wednesday, February 15, 2023",Purchase,"$1,001 - $15,000",NEW, HERN FAMILY REVOCABLE TRUST > BROKERAGE INVESTMENT ACCOUNT,DIVIDEND REINVESTMENT,Kevin Hern,2023-03-15,R, OK01,House,,2023-03-16,6.69690408719364,Oklahoma,2023-11-16,2023-02-15,2023-03-15,ACN,-7.52029982390331,-2.032111915747159,False,False
IVV,Other Securities,iShares Core S&P 500 ETF,"Wednesday, February 15, 2023",Purchase,"$1,001 - $15,000",New,,,"Carper, Thomas R.",2023-03-01,D,,Senate,,2023-03-01,-0.122608524423111,Delaware,2023-08-28,2023-02-15,2023-03-01,IVV,0.1078138532677575,-0.02159630818751035,True,False
SBUX,ST,STARBUCKS CORPORATION,"Wednesday, February 15, 2023",Sale,"$50,001 - $100,000",NEW, FIDELITY JOINT TBE,,Scott Mr Franklin,2023-03-07,R, FL18,House,,2023-03-08,-40.8519041133942,Florida,2023-11-16,2023-02-15,2023-03-07,SBUX,3.881022529547451,2.503885758402158,True,True
ARLP,ST,"ALLIANCE RESOURCE PARTNERS, L.P. - COMMON UNITS REPRESENTING LIMITED PARTNERSHIP INTERESTS","Wednesday, February 15, 2023",Purchase,"$1,001 - $15,000",NEW,,,Virginia Foxx,2023-03-03,R, NC05,House,,2023-03-06,-31.794498646288,North Carolina,2023-11-16,2023-02-15,2023-03-03,ARLP,-6.873447764150353,-12.647214938764373,False,False
NWN,ST,NORTHWEST NATURAL HOLDING COMPANY,"Wednesday, February 15, 2023",Purchase,"$1,001 - $15,000",NEW,,DIVIDEND REINVESTMENT. PART OF MY SPOUSE'S RETIREMENT PORTFOLIO.,Earl Blumenauer,2023-03-09,D, OR03,House,,2023-03-10,-48.7211715845203,Oregon,2023-11-16,2023-02-15,2023-03-09,NWN,2.913652422145163,-8.37278233336487,True,False
PFE,ST,"PFIZER, INC.","Wednesday, February 15, 2023",Sale,"$15,001 - $50,000",NEW, FIDELITY JOINT TBE,,Scott Mr Franklin,2023-03-07,R, FL18,House,,2023-03-08,-59.0340349595826,Florida,2023-11-16,2023-02-15,2023-03-07,PFE,1.8645376406268954,13.657064188458135,True,True
JPM,ST,JP MORGAN CHASE & CO.,"Wednesday, February 15, 2023",Sale,"$50,001 - $100,000",NEW, FIDELITY JOINT TBE,,Scott Mr Franklin,2023-03-07,R, FL18,House,,2023-03-08,8.80577538540001,Florida,2023-11-16,2023-02-15,2023-03-07,JPM,6.941913154250456,5.683527059618787,True,True
CSCO,ST,"CISCO SYSTEMS, INC.","Wednesday, February 15, 2023",Sale,"$15,001 - $50,000",NEW, FIDELITY JOINT TBE,,Scott Mr Franklin,2023-03-07,R, FL18,House,,2023-03-08,-22.5400911216596,Florida,2023-11-16,2023-02-15,2023-03-07,CSCO,-9.159848358287014,2.24894064286969,False,True
NEE,ST,"NEXTERA ENERGY, INC.","Wednesday, February 15, 2023",Sale,"$15,001 - $50,000",NEW, FIDELITY JOINT TBE,,Scott Mr Franklin,2023-03-07,R, FL18,House,,2023-03-08,-45.4439822965609,Florida,2023-11-16,2023-02-15,2023-03-07,NEE,-3.9178791941426594,0.5207339584496262,False,True
MDT,ST,MEDTRONIC PLC. ORDINARY SHARES,"Wednesday, February 15, 2023",Sale,"$50,001 - $100,000",NEW, FIDELITY JOINT TBE,,Scott Mr Franklin,2023-03-07,R, FL18,House,,2023-03-08,-24.6196894546918,Florida,2023-11-16,2023-02-15,2023-03-07,MDT,1.769621545143274,-6.128516474323087,True,False
UPS,ST,"UNITED PARCEL SERVICE, INC.","Wednesday, February 15, 2023",Sale,"$15,001 - $50,000",NEW, FIDELITY JOINT TBE,,Scott Mr Franklin,2023-03-07,R, FL18,House,,2023-03-08,-41.4445261674894,Florida,2023-11-16,2023-02-15,2023-03-07,UPS,-5.5417590558447305,9.918484470372213,False,True
FLNG,ST,FLEX LNG LTD. ORDINARY SHARES,"Wednesday, February 15, 2023",Purchase,"$1,001 - $15,000",NEW,,,Virginia Foxx,2023-03-03,R, NC05,House,,2023-03-06,-50.0914968375815,North Carolina,2023-11-16,2023-02-15,2023-03-03,FLNG,-5.1540196248042625,-10.969650093863514,False,False
AAPL,ST,APPLE INC.,"Wednesday, February 15, 2023",Sale,"$15,001 - $50,000",NEW, FIDELITY JOINT TBE,,Scott Mr Franklin,2023-03-07,R, FL18,House,,2023-03-08,-12.3996630427408,Florida,2023-11-16,2023-02-15,2023-03-07,AAPL,-5.3560694673588145,-11.686018109228048,False,False
MSFT,OP,MICROSOFT CORPORATION,"Tuesday, February 14, 2023",Purchase,"$1,000,001 - $5,000,000",NEW, MORGAN STANLEY - PORTFOLIO MANAGEMENT ACTIVE ASSETS ACCOUNT,CALL OPTIONS; STRIKE PRICE $155; EXPIRES 09/15/23,Josh Gottheimer,2023-03-17,D, NJ05,House,,2023-03-20,29.0554470271456,New Jersey,2023-11-16,2023-02-14,2023-03-17,MSFT,5.7322505171776506,13.697360373661516,True,True
UBER,ST,"UBER TECHNOLOGIES, INC.","Tuesday, February 14, 2023",Purchase,"$1,001 - $15,000",NEW, MORGAN STANLEY - SELECT UMA ACCOUNT # 1,,Josh Gottheimer,2023-03-17,D, NJ05,House,,2023-03-20,91.9794122389419,New Jersey,2023-11-16,2023-02-14,2023-03-17,UBER,-2.8446660762956544,8.256378772719408,False,True
LLY,ST,ELI LILLY AND COMPANY,"Tuesday, February 14, 2023",Sale,"$1,001 - $15,000",NEW, MORGAN STANLEY - SELECT UMA ACCOUNT # 1,,Josh Gottheimer,2023-03-17,D, NJ05,House,,2023-03-20,93.0453560211609,New Jersey,2023-11-16,2023-02-14,2023-03-17,LLY,0.9360343699417739,-25.01364031582465,True,False
KO,ST,COCA-COLA COMPANY,"Tuesday, February 14, 2023",Sale,"$1,001 - $15,000",NEW, MORGAN STANLEY - SELECT UMA ACCOUNT # 1,,Josh Gottheimer,2023-03-17,D, NJ05,House,,2023-03-20,-23.457857395737,New Jersey,2023-11-16,2023-02-14,2023-03-17,KO,-5.443032364594558,-7.296253372836237,False,False
LRCX,ST,LAM RESEARCH CORPORATION,"Tuesday, February 14, 2023",Purchase,"$1,001 - $15,000",NEW, MORGAN STANLEY - SELECT UMA ACCOUNT # 1,,Josh Gottheimer,2023-03-17,D, NJ05,House,,2023-03-20,52.3577638487004,New Jersey,2023-11-16,2023-02-14,2023-03-17,LRCX,4.05396104669542,6.981901796357404,True,True
OKE,ST,"ONEOK, INC.","Tuesday, February 14, 2023",Purchase,"$1,001 - $15,000",NEW, HERN FAMILY REVOCABLE TRUST > BROKERAGE INVESTMENT ACCOUNT,DIVIDEND REINVESTMENT,Kevin Hern,2023-03-15,R, OK01,House,,2023-03-16,-13.5818961938467,Oklahoma,2023-11-16,2023-02-14,2023-03-15,OKE,-8.289643133983581,-16.945000304765557,False,False
TXN,ST,TEXAS INSTRUMENTS INCORPORATED,"Tuesday, February 14, 2023",Purchase,"$1,001 - $15,000",NEW, HERN FAMILY REVOCABLE TRUST > BROKERAGE INVESTMENT ACCOUNT,DIVIDEND REINVESTMENT FILING ID #20022580,Kevin Hern,2023-03-15,R, OK01,House,,2023-03-16,-26.1107859373613,Oklahoma,2023-11-16,2023-02-14,2023-03-15,TXN,4.699561864647461,-6.286944068066003,True,False
MSFT,OP,MICROSOFT CORPORATION,"Tuesday, February 14, 2023",Sale,"$1,000,001 - $5,000,000",NEW, MORGAN STANLEY - PORTFOLIO MANAGEMENT ACTIVE ASSETS ACCOUNT,CALL OPTIONS; STRIKE PRICE $155; EXPIRES 01/19/24,Josh Gottheimer,2023-03-17,D, NJ05,House,,2023-03-20,29.0554470271456,New Jersey,2023-11-16,2023-02-14,2023-03-17,MSFT,-5.7322505171776506,-13.697360373661516,False,False
MSFT,OP,MICROSOFT CORPORATION,"Monday, February 13, 2023",Sale,"$1,000,001 - $5,000,000",NEW, MORGAN STANLEY - PORTFOLIO MANAGEMENT ACTIVE ASSETS ACCOUNT,CALL OPTIONS; STRIKE PRICE $155; EXPIRES 09/15/23,Josh Gottheimer,2023-03-17,D, NJ05,House,,2023-03-20,29.5805122323638,New Jersey,2023-11-16,2023-02-13,2023-03-17,MSFT,-3.7632676555113265,-14.081607714940825,False,False
MDB,ST,"MONGODB, INC. - CLASS A","Monday, February 13, 2023",Purchase,"$1,001 - $15,000",NEW, MORGAN STANLEY - SELECT UMA ACCOUNT # 1,,Josh Gottheimer,2023-03-17,D, NJ05,House,,2023-03-20,39.6723256428831,New Jersey,2023-11-16,2023-02-13,2023-03-17,MDB,3.5512536715599174,27.115994972612235,True,True
INTC,ST,INTEL CORPORATION,"Monday, February 13, 2023",Sale,"$1,001 - $15,000",NEW, MORGAN STANLEY ACTIVE ASSETS (5),,Jared Moskowitz,2023-03-10,D, FL23,House,,2023-03-13,25.453239791449,Florida,2023-11-16,2023-02-13,2023-03-10,INTC,-5.440086408096145,-4.402695944961987,False,False
INTC,ST,INTEL CORPORATION,"Monday, February 13, 2023",Sale,"$1,001 - $15,000",NEW, MORGAN STANLEY ACTIVE ASSETS (1),,Jared Moskowitz,2023-03-10,D, FL23,House,,2023-03-13,25.453239791449,Florida,2023-11-16,2023-02-13,2023-03-10,INTC,-5.440086408096145,-4.402695944961987,False,False
MSFT,OP,MICROSOFT CORPORATION,"Monday, February 13, 2023",Purchase,"$1,000,001 - $5,000,000",NEW, MORGAN STANLEY - PORTFOLIO MANAGEMENT ACTIVE ASSETS ACCOUNT,CALL OPTIONS; STRIKE PRICE $155; EXPIRES 07/21/23,Josh Gottheimer,2023-03-17,D, NJ05,House,,2023-03-20,29.5805122323638,New Jersey,2023-11-16,2023-02-13,2023-03-17,MSFT,3.7632676555113265,14.081607714940825,True,True
AAGIY,ST,"AIA GROUP, LTD. SPONSORED AMERICAN DEPOSITORY RECEIPT","Monday, February 13, 2023",Purchase,"$1,001 - $15,000",NEW, MORGAN STANLEY - SELECT UMA ACCOUNT # 1,,Josh Gottheimer,2023-03-17,D, NJ05,House,,2023-03-20,-52.9192753580111,New Jersey,2023-11-16,2023-02-13,2023-03-17,AAGIY,-2.7255910380161397,-3.415228166704065,False,False
MSFT,OP,MICROSOFT CORPORATION,"Monday, February 13, 2023",Sale,"$500,001 - $1,000,000",NEW, MORGAN STANLEY - PORTFOLIO MANAGEMENT ACTIVE ASSETS ACCOUNT,CALL OPTIONS; STRIKE PRICE $160; EXPIRES 09/15/23,Josh Gottheimer,2023-03-17,D, NJ05,House,,2023-03-20,29.5805122323638,New Jersey,2023-11-16,2023-02-13,2023-03-17,MSFT,-3.7632676555113265,-14.081607714940825,False,False
PNC,ST,"PNC FINANCIAL SERVICES GROUP, INC.","Monday, February 13, 2023",Purchase,"$1,001 - $15,000",NEW, BILL'S IRA,,William R. Keating,2023-02-28,D, MA09,House,,2023-03-01,-31.4773554092689,Massachusetts,2023-11-16,2023-02-13,2023-02-28,PNC,-16.389086783748052,-29.36433109156703,False,False
MSFT,OP,MICROSOFT CORPORATION,"Monday, February 13, 2023",Sale,"$250,001 - $500,000",NEW, MORGAN STANLEY - PORTFOLIO MANAGEMENT ACTIVE ASSETS ACCOUNT,CALL OPTIONS; STRIKE PRICE $155; EXPIRES 09/15/23,Josh Gottheimer,2023-03-17,D, NJ05,House,,2023-03-20,29.5805122323638,New Jersey,2023-11-16,2023-02-13,2023-03-17,MSFT,-3.7632676555113265,-14.081607714940825,False,False
MSFT,OP,MICROSOFT CORPORATION,"Monday, February 13, 2023",Purchase,"$500,001 - $1,000,000",NEW, MORGAN STANLEY - PORTFOLIO MANAGEMENT ACTIVE ASSETS ACCOUNT,CALL OPTIONS; STRIKE PRICE $165; EXPIRES 06/16/23,Josh Gottheimer,2023-03-17,D, NJ05,House,,2023-03-20,29.5805122323638,New Jersey,2023-11-16,2023-02-13,2023-03-17,MSFT,3.7632676555113265,14.081607714940825,True,True
MSFT,OP,MICROSOFT CORPORATION,"Monday, February 13, 2023",Sale,"$500,001 - $1,000,000",NEW, MORGAN STANLEY - PORTFOLIO MANAGEMENT ACTIVE ASSETS ACCOUNT,CALL OPTIONS; STRIKE PRICE $165; EXPIRES 08/18/23,Josh Gottheimer,2023-03-17,D, NJ05,House,,2023-03-20,29.5805122323638,New Jersey,2023-11-16,2023-02-13,2023-03-17,MSFT,-3.7632676555113265,-14.081607714940825,False,False
GOOGL,ST,ALPHABET INC. - CLASS A,"Monday, February 13, 2023",Purchase,"$1,001 - $15,000",NEW, BILL'S IRA,,William R. Keating,2023-02-28,D, MA09,House,,2023-03-01,25.3243523003365,Massachusetts,2023-11-16,2023-02-13,2023-02-28,GOOGL,7.515908131836535,23.172072388506116,True,True
LRCX,ST,LAM RESEARCH CORPORATION,"Monday, February 13, 2023",Purchase,"$1,001 - $15,000",NEW, BILL'S IRA,,William R. Keating,2023-02-28,D, MA09,House,,2023-03-01,54.4488320440464,Massachusetts,2023-11-16,2023-02-13,2023-02-28,LRCX,1.3761750083459812,8.251108755001923,True,True
UBER,ST,"UBER TECHNOLOGIES, INC.","Monday, February 13, 2023",Purchase,"$1,001 - $15,000",NEW, MORGAN STANLEY - SELECT UMA ACCOUNT # 1,,Josh Gottheimer,2023-03-17,D, NJ05,House,,2023-03-20,103.583283197209,New Jersey,2023-11-16,2023-02-13,2023-03-17,UBER,1.5345209176807595,14.079438897341557,True,True
INTC,ST,INTEL CORPORATION,"Monday, February 13, 2023",Sale,"$1,001 - $15,000",NEW, MORGAN STANLEY ACTIVE ASSETS (6),,Jared Moskowitz,2023-03-10,D, FL23,House,,2023-03-13,25.453239791449,Florida,2023-11-16,2023-02-13,2023-03-10,INTC,-5.440086408096145,-4.402695944961987,False,False
NXPI,ST,NXP SEMICONDUCTORS N.V.,"Monday, February 13, 2023",Purchase,"$1,001 - $15,000",NEW, BILL'S IRA,,William R. Keating,2023-02-28,D, MA09,House,,2023-03-01,2.1974143359894,Massachusetts,2023-11-16,2023-02-13,2023-02-28,NXPI,-1.3845486957222541,-10.83131125087402,False,False
VEEV,ST,VEEVA SYSTEMS INC. CLASS A,"Monday, February 13, 2023",Purchase,"$1,001 - $15,000",NEW, BILL'S IRA,,William R. Keating,2023-02-28,D, MA09,House,,2023-03-01,8.34312743556706,Massachusetts,2023-11-16,2023-02-13,2023-02-28,VEEV,5.464358459453001,2.885052804741828,True,True
JPM,ST,JP MORGAN CHASE & CO.,"Monday, February 13, 2023",Purchase,"$1,001 - $15,000",NEW, BILL'S IRA,,William R. Keating,2023-02-28,D, MA09,House,,2023-03-01,9.57951714658606,Massachusetts,2023-11-16,2023-02-13,2023-02-28,JPM,-4.106731136591657,-5.123943934204378,False,False
AMD,ST,"ADVANCED MICRO DEVICES, INC.","Monday, February 13, 2023",Purchase,"$1,001 - $15,000",NEW, MORGAN STANLEY - SELECT UMA ACCOUNT # 1,,Josh Gottheimer,2023-03-17,D, NJ05,House,,2023-03-20,105.934017793452,New Jersey,2023-11-16,2023-02-13,2023-03-17,AMD,13.809681300347343,17.190302580636008,True,True
ADBE,ST,ADOBE INC.,"Friday, February 10, 2023",Purchase,"$1,001 - $15,000",NEW, MORGAN STANLEY - SELECT UMA ACCOUNT # 1,,Josh Gottheimer,2023-03-17,D, NJ05,House,,2023-03-20,7.41280665935037,New Jersey,2023-11-16,2023-02-10,2023-03-17,ADBE,-6.8555910296096645,-8.909235261373027,False,False
GOOG,Stock,Alphabet Inc. - Class C Capital Stock,"Friday, February 10, 2023",Purchase,"$1,001 - $15,000",New,,,"Sullivan, Dan",2023-03-16,R,,Senate,,2023-03-16,24.5441820163856,Alaska,2023-08-28,2023-02-10,2023-03-16,GOOG,2.364351858689262,22.252444079827516,True,True
WDAY,ST,"WORKDAY, INC. - CLASS A","Friday, February 10, 2023",Purchase,"$1,001 - $15,000",NEW, MORGAN STANLEY - SELECT UMA ACCOUNT # 1,,Josh Gottheimer,2023-03-17,D, NJ05,House,,2023-03-20,18.245744438898,New Jersey,2023-11-16,2023-02-10,2023-03-17,WDAY,2.7406813565308163,-5.546955084541083,True,False
DE,ST,DEERE & COMPANY,"Friday, February 10, 2023",Sale,"$1,001 - $15,000",NEW, MORGAN STANLEY - SELECT UMA ACCOUNT # 1,,Josh Gottheimer,2023-03-17,D, NJ05,House,,2023-03-20,-33.5631174405214,New Jersey,2023-11-16,2023-02-10,2023-03-17,DE,-1.0535678565769757,11.752757935879243,False,True
SCHW,Stock,Charles Schwab Corporation (The) Common Stock,"Friday, February 10, 2023",Sale (Partial),"$1,001 - $15,000",New,,,"Sullivan, Dan",2023-03-16,R,,Senate,,2023-03-16,-42.0084109724107,Alaska,2023-08-28,2023-02-10,2023-03-16,SCHW,29.745728515194703,41.660394623428665,True,True
JNJ,ST,JOHNSON & JOHNSON,"Wednesday, February 8, 2023",Purchase,"$1,001 - $15,000",NEW, MORGAN STANLEY IRA - X141,,Lois Frankel,2023-03-13,D, FL22,House,,2023-03-14,-27.8776214187664,Florida,2023-11-16,2023-02-08,2023-03-13,JNJ,-1.1111368153900791,-1.596507676939929,False,False
KO,ST,COCA-COLA COMPANY,"Tuesday, February 7, 2023",Sale,"$1,001 - $15,000",NEW, MORGAN STANLEY - SELECT UMA ACCOUNT # 1,,Josh Gottheimer,2023-03-17,D, NJ05,House,,2023-03-20,-23.510363494634,New Jersey,2023-11-16,2023-02-07,2023-03-17,KO,-4.884613102513857,-7.030704542940825,False,False
LLY,ST,ELI LILLY AND COMPANY,"Tuesday, February 7, 2023",Sale,"$1,001 - $15,000",NEW, MORGAN STANLEY - SELECT UMA ACCOUNT # 1,,Josh Gottheimer,2023-03-17,D, NJ05,House,,2023-03-20,98.8296034939499,New Jersey,2023-11-16,2023-02-07,2023-03-17,LLY,0.8209316895005259,-28.012006040056303,True,False
AMZN,ST,"AMAZON.COM, INC.","Tuesday, February 7, 2023",Purchase,"$1,001 - $15,000",NEW, CHRIS IRA,,Morgan Mcgarvey,2023-03-23,D, KY03,House,,2023-03-24,47.6217210545886,Kentucky,2023-11-16,2023-02-07,2023-03-23,AMZN,-3.756157538965732,4.26464890296433,False,True
UBER,ST,"UBER TECHNOLOGIES, INC.","Tuesday, February 7, 2023",Purchase,"$1,001 - $15,000",NEW, MORGAN STANLEY - SELECT UMA ACCOUNT # 1,,Josh Gottheimer,2023-03-17,D, NJ05,House,,2023-03-20,94.7715502039497,New Jersey,2023-11-16,2023-02-07,2023-03-17,UBER,-1.4924590051488829,11.882263139139992,False,True
ABBV,ST,ABBVIE INC.,"Tuesday, February 7, 2023",Sale,"$1,001 - $15,000",NEW, MORGAN STANLEY - SELECT UMA ACCOUNT # 1,,Josh Gottheimer,2023-03-17,D, NJ05,House,,2023-03-20,-0.636535181843207,New Jersey,2023-11-16,2023-02-07,2023-03-17,ABBV,-7.422768462720097,-2.213082859087534,False,False
NFLX,ST,"NETFLIX, INC.","Monday, February 6, 2023",Purchase,"$1,001 - $15,000",NEW,,,Josh Gottheimer,2023-03-17,D, NJ05,House,,2023-03-20,42.8273083427629,New Jersey,2023-11-16,2023-02-06,2023-03-17,NFLX,-10.849946395764498,-9.031647125922426,False,False
SNV,ST,SYNOVUS FINANCIAL CORP.,"Monday, February 6, 2023",Purchase,"$1,001 - $15,000",NEW, STOCK PLAN,EMPLOYEE STOCK PLAN DISTRIBUTION.,Greg Steube,2023-03-15,R, FL17,House,,2023-03-16,-37.3471348815387,Florida,2023-11-16,2023-02-06,2023-03-15,SNV,-7.958186202054218,-36.82401674722529,False,False
LLY,ST,ELI LILLY AND COMPANY,"Friday, February 3, 2023",Sale,"$1,001 - $15,000",NEW, DANIEL GOLDMAN 1997 TRUST > DSG INVESTMENT HOLDINGS LLC > TACS,,Daniel Goldman,2023-03-20,D, NY10,House,,2023-03-21,98.3542450860638,New York,2023-11-16,2023-02-03,2023-03-20,LLY,3.8048385678882357,-28.173089919851623,True,False
ENPH,ST,"ENPHASE ENERGY, INC.","Friday, February 3, 2023",Sale,"$1,001 - $15,000",NEW, DANIEL GOLDMAN 1997 TRUST > DSG INVESTMENT HOLDINGS LLC > TACS,,Daniel Goldman,2023-03-20,D, NY10,House,,2023-03-21,-75.7377075908441,New York,2023-11-16,2023-02-03,2023-03-20,ENPH,-3.2144117939736816,28.463625677660243,False,True
MO,ST,"ALTRIA GROUP, INC.","Friday, February 3, 2023",Purchase,"$1,001 - $15,000",NEW,,,Daniel Goldman,2023-03-20,D, NY10,House,,2023-03-21,-30.5427883478783,New York,2023-11-16,2023-02-03,2023-03-20,MO,2.7257482449583703,0.15666546689331318,True,True
META,ST,"META PLATFORMS, INC. - CLASS A","Friday, February 3, 2023",Purchase,"$1,001 - $15,000",NEW, MORGAN STANLEY - SELECT UMA ACCOUNT # 1,,Josh Gottheimer,2023-03-17,D, NJ05,House,,2023-03-20,135.467004452389,New Jersey,2023-11-16,2023-02-03,2023-03-17,META,1.2550064928658067,27.011082631843962,True,True
TSLA,ST,"TESLA, INC.","Friday, February 3, 2023",Purchase,"$15,001 - $50,000",NEW, DANIEL GOLDMAN 1997 TRUST > DSG INVESTMENT HOLDINGS LLC > TACS,,Daniel Goldman,2023-03-20,D, NY10,House,,2023-03-21,-37.963757095747,New York,2023-11-16,2023-02-03,2023-03-20,TSLA,4.144865881564752,-13.329541403132872,True,False
KO,ST,COCA-COLA COMPANY,"Friday, February 3, 2023",Sale,"$1,001 - $15,000",NEW, DANIEL GOLDMAN 1997 TRUST > DSG INVESTMENT HOLDINGS LLC > TACS,,Daniel Goldman,2023-03-20,D, NY10,House,,2023-03-21,-23.9787236684927,New York,2023-11-16,2023-02-03,2023-03-20,KO,-3.0147043430916787,-8.321175097048494,False,False
JNJ,ST,JOHNSON & JOHNSON,"Friday, February 3, 2023",Purchase,"$1,001 - $15,000",NEW, DANIEL GOLDMAN 1997 TRUST > DSG INVESTMENT HOLDINGS LLC > TACS,,Daniel Goldman,2023-03-20,D, NY10,House,,2023-03-21,-27.9684963231548,New York,2023-11-16,2023-02-03,2023-03-20,JNJ,-3.368982032922885,0.31283260774271904,False,True
UNH,ST,UNITEDHEALTH GROUP INCORPORATED COMMON STOCK,"Friday, February 3, 2023",Sale,"$1,001 - $15,000",NEW, MORGAN STANLEY - SELECT UMA ACCOUNT # 1,,Josh Gottheimer,2023-03-17,D, NJ05,House,,2023-03-20,-20.0794117025517,New Jersey,2023-11-16,2023-02-03,2023-03-17,UNH,-3.984718865647441,-5.0523373474806625,False,False
MSFT,ST,MICROSOFT CORPORATION,"Friday, February 3, 2023",Sale,"$1,001 - $15,000",NEW, MORGAN STANLEY INH IRA,,Robert J. Wittman,2023-03-05,R, VA01,House,,2023-03-06,37.1221459297474,Virginia,2023-11-16,2023-02-03,2023-03-05,MSFT,-1.5559926823683567,-20.035018962021724,False,False
ADP,ST,"AUTOMATIC DATA PROCESSING, INC.","Friday, February 3, 2023",Sale,"$1,001 - $15,000",NEW, MORGAN STANLEY - SELECT UMA ACCOUNT # 1,,Josh Gottheimer,2023-03-17,D, NJ05,House,,2023-03-20,-16.6147770291259,New Jersey,2023-11-16,2023-02-03,2023-03-17,ADP,-2.2220710865389792,3.2846575362857733,False,True
PYPL,ST,"PAYPAL HOLDINGS, INC.","Friday, February 3, 2023",Purchase,"$1,001 - $15,000",NEW, MORGAN STANLEY - SELECT UMA ACCOUNT # 1,,Josh Gottheimer,2023-03-17,D, NJ05,House,,2023-03-20,-50.5707128670748,New Jersey,2023-11-16,2023-02-03,2023-03-17,PYPL,-8.09096633354045,-14.211915913772188,False,False
LLY,ST,ELI LILLY AND COMPANY,"Friday, February 3, 2023",Sale,"$1,001 - $15,000",NEW, MORGAN STANLEY - SELECT UMA ACCOUNT # 1,,Josh Gottheimer,2023-03-17,D, NJ05,House,,2023-03-20,98.3542450860638,New Jersey,2023-11-16,2023-02-03,2023-03-17,LLY,3.8048385678882357,-28.173089919851623,True,False
ADBE,ST,ADOBE INC.,"Thursday, February 2, 2023",Purchase,"$1,001 - $15,000",NEW, MORGAN STANLEY - SELECT UMA ACCOUNT # 1,,Josh Gottheimer,2023-03-17,D, NJ05,House,,2023-03-20,2.81664076820508,New Jersey,2023-11-16,2023-02-02,2023-03-17,ADBE,-8.38411992399356,-9.848120522732662,False,False
BLK,ST,"BLACKROCK, INC.","Thursday, February 2, 2023",Sale,"$1,001 - $15,000",NEW, MORGAN STANLEY IRA - X141,,Lois Frankel,2023-03-13,D, FL22,House,,2023-03-14,-18.61258239675,Florida,2023-11-16,2023-02-02,2023-03-13,BLK,7.541088250629957,14.519604069261938,True,True
T,ST,AT&T INC.,"Wednesday, February 1, 2023",Purchase,"$1,001 - $15,000",NEW, AT&T INC 5% PFD SER (T+A),,Virginia Foxx,2023-03-03,R, NC05,House,,2023-03-06,-40.0064728806724,North Carolina,2023-11-16,2023-02-01,2023-03-03,T,-5.002881879915111,-15.42028341149968,False,False
MSFT,ST,MICROSOFT CORPORATION,"Wednesday, February 1, 2023",Sale,"$1,001 - $15,000",NEW, FIDELITY BROKERAGE ACCOUNT,,Deborah Ross,2023-02-13,D, NC02,House,,2023-02-14,40.2596209004214,North Carolina,2023-11-16,2023-02-01,2023-02-13,MSFT,-2.79096501913888,-20.82583615690492,False,False
PFE,ST,"PFIZER, INC.","Wednesday, February 1, 2023",Purchase,"$1,001 - $15,000",NEW, MORGAN STANLEY IRA - X141,,Lois Frankel,2023-03-13,D, FL22,House,,2023-03-14,-60.9527415434443,Florida,2023-11-16,2023-02-01,2023-03-13,PFE,-4.627440776112213,-11.175686219118697,False,False
BLK,ST,"BLACKROCK, INC.","Wednesday, February 1, 2023",Sale,"$1,001 - $15,000",NEW, MORGAN STANLEY IRA - X141,,Lois Frankel,2023-03-13,D, FL22,House,,2023-03-14,-19.2654828995592,Florida,2023-11-16,2023-02-01,2023-03-13,BLK,7.050506018746905,14.586166810895062,True,True
CNC,ST,CENTENE CORPORATION,"Tuesday, January 31, 2023",Purchase,"$1,001 - $15,000",NEW, DANIEL GOLDMAN GRANDCHILDREN 1986 TRUST > TACS R3K,,Daniel Goldman,2023-02-24,D, NY10,House,,2023-02-27,-26.8695443559373,New York,2023-11-16,2023-01-31,2023-02-24,CNC,-7.697599203938099,-12.246742095979146,False,False
INTC,ST,INTEL CORPORATION,"Tuesday, January 31, 2023",Sale,"$1,001 - $15,000",NEW, KEVIN HERN INSURANCE TRUST,SELL TO CLOSE.,Kevin Hern,2023-02-14,R, OK01,House,,2023-02-15,25.0250667689122,Oklahoma,2023-11-16,2023-01-31,2023-02-14,INTC,4.9529471995276575,-4.979804550177214,True,False
KO,ST,COCA-COLA COMPANY,"Tuesday, January 31, 2023",Sale,"$50,001 - $100,000",NEW, DANIEL GOLDMAN GRANDCHILDREN 1986 TRUST > TACS R3K,,Daniel Goldman,2023-02-24,D, NY10,House,,2023-02-27,-28.2079124303875,New York,2023-11-16,2023-01-31,2023-02-24,KO,0.27275449604495794,-2.6208820851305603,True,False
SQ,ST,"BLOCK, INC. CLASS A COMMON STOCK,","Tuesday, January 31, 2023",Purchase,"$1,001 - $15,000",NEW, MORGAN STANLEY - SELECT UMA ACCOUNT # 1,,Josh Gottheimer,2023-02-17,D, NJ05,House,,2023-02-20,-27.7562963445309,New Jersey,2023-11-16,2023-01-31,2023-02-17,SQ,-2.1666759900772603,-28.54822413710719,False,False
MMM,ST,3M COMPANY,"Tuesday, January 31, 2023",Purchase,"$1,001 - $15,000",NEW, DANIEL GOLDMAN GRANDCHILDREN 1986 TRUST > TACS R3K,,Daniel Goldman,2023-02-24,D, NY10,House,,2023-02-27,-34.6186999230668,New York,2023-11-16,2023-01-31,2023-02-24,MMM,-2.164707392149512,-10.259383874739726,False,False
MTCH,ST,"MATCH GROUP, INC.","Tuesday, January 31, 2023",Purchase,"$1,001 - $15,000",NEW, MORGAN STANLEY - SELECT UMA ACCOUNT # 1,,Josh Gottheimer,2023-02-17,D, NJ05,House,,2023-02-20,-63.8677059167764,New Jersey,2023-11-16,2023-01-31,2023-02-17,MTCH,-20.575537613540895,-35.775457332111884,False,False
SHW,ST,SHERWIN-WILLIAMS COMPANY,"Tuesday, January 31, 2023",Purchase,"$15,001 - $50,000",NEW, DANIEL GOLDMAN GRANDCHILDREN 1986 TRUST > TACS R3K,,Daniel Goldman,2023-02-24,D, NY10,House,,2023-02-27,15.5918802700234,New York,2023-11-16,2023-01-31,2023-02-24,SHW,-2.9764795313812598,-4.204298403671192,False,False
MDLZ,ST,"MONDELEZ INTERNATIONAL, INC. - CLASS A","Tuesday, January 31, 2023",Sale,"$1,001 - $15,000",NEW, KEVIN HERN INSURANCE TRUST,SELL TO CLOSE.,Kevin Hern,2023-02-14,R, OK01,House,,2023-02-15,-17.7452726569915,Oklahoma,2023-11-16,2023-01-31,2023-02-14,MDLZ,-2.2142537295306575,-15.762344423395591,False,False
DLTR,ST,"DOLLAR TREE, INC.","Tuesday, January 31, 2023",Purchase,"$15,001 - $50,000",NEW, DANIEL GOLDMAN GRANDCHILDREN 1986 TRUST > TACS R3K,,Daniel Goldman,2023-02-24,D, NY10,House,,2023-02-27,-41.0147229922208,New York,2023-11-16,2023-01-31,2023-02-24,DLTR,-0.05395654191520105,0.08500625057306088,False,True
TTD,ST,"THE TRADE DESK, INC. - CLASS A","Tuesday, January 31, 2023",Purchase,"$15,001 - $50,000",NEW, DANIEL GOLDMAN GRANDCHILDREN 1986 TRUST > TACS R3K,,Daniel Goldman,2023-02-24,D, NY10,House,,2023-02-27,25.4619231783311,New York,2023-11-16,2023-01-31,2023-02-24,TTD,13.559382718663448,21.90313172402263,True,True
CRM,ST,"SALESFORCE, INC.","Tuesday, January 31, 2023",Purchase,"$100,001 - $250,000",NEW, DANIEL GOLDMAN GRANDCHILDREN 1986 TRUST > TACS R3K,,Daniel Goldman,2023-02-24,D, NY10,House,,2023-02-27,49.3681434001022,New York,2023-11-16,2023-01-31,2023-02-24,CRM,13.421815777758638,15.514289822611849,True,True
KR,ST,KROGER COMPANY,"Tuesday, January 31, 2023",Sale,"$1,001 - $15,000",NEW, DANIEL GOLDMAN GRANDCHILDREN 1986 TRUST > TACS R3K,,Daniel Goldman,2023-02-24,D, NY10,House,,2023-02-27,-0.248999989631976,New York,2023-11-16,2023-01-31,2023-02-24,KR,-4.801212270281708,-8.180119760876249,False,False
JPM,ST,JP MORGAN CHASE & CO.,"Tuesday, January 31, 2023",Purchase,"$1,001 - $15,000",NEW, HERN FAMILY REVOCABLE TRUST > BROKERAGE INVESTMENT ACCOUNT,DIVIDEND REINVESTMENT,Kevin Hern,2023-02-14,R, OK01,House,,2023-02-15,10.1078434271709,Oklahoma,2023-11-16,2023-01-31,2023-02-14,JPM,3.1295900480459715,-1.352915134209609,True,False
HPQ,ST,HP INC.,"Tuesday, January 31, 2023",Purchase,"$1,001 - $15,000",NEW, DANIEL GOLDMAN GRANDCHILDREN 1986 TRUST > TACS R3K,,Daniel Goldman,2023-02-24,D, NY10,House,,2023-02-27,-21.4669883268963,New York,2023-11-16,2023-01-31,2023-02-24,HPQ,1.2040421828322434,0.5751248508168993,True,True
UNH,ST,UNITEDHEALTH GROUP INCORPORATED COMMON STOCK,"Tuesday, January 31, 2023",Sale,"$1,001 - $15,000",NEW, MORGAN STANLEY - SELECT UMA ACCOUNT # 1,,Josh Gottheimer,2023-02-17,D, NJ05,House,,2023-02-20,-27.5362921158498,New Jersey,2023-11-16,2023-01-31,2023-02-17,UNH,1.9684661688360028,2.938006168622953,True,True
EQR,ST,EQUITY RESIDENTIAL COMMON SHARES OF BENEFICIAL INTEREST,"Tuesday, January 31, 2023",Purchase,"$1,001 - $15,000",NEW, DANIEL GOLDMAN GRANDCHILDREN 1986 TRUST > TACS R3K,,Daniel Goldman,2023-02-24,D, NY10,House,,2023-02-27,-26.8336528189791,New York,2023-11-16,2023-01-31,2023-02-24,EQR,-1.2141650733663467,-2.2231672518462364,False,False
VTRS,ST,VIATRIS INC.,"Tuesday, January 31, 2023",Purchase,"$1,001 - $15,000",NEW, DANIEL GOLDMAN GRANDCHILDREN 1986 TRUST > TACS R3K,,Daniel Goldman,2023-02-24,D, NY10,House,,2023-02-27,-27.6687863617914,New York,2023-11-16,2023-01-31,2023-02-24,VTRS,-6.133886735381699,-25.265193180492005,False,False
TJX,ST,"TJX COMPANIES, INC.","Tuesday, January 31, 2023",Sale,"$1,001 - $15,000",NEW, KEVIN HERN INSURANCE TRUST,SELL TO CLOSE.,Kevin Hern,2023-02-14,R, OK01,House,,2023-02-15,-6.69270556916725,Oklahoma,2023-11-16,2023-01-31,2023-02-14,TJX,3.954724832750567,6.563333008652494,True,True
RJF,ST,"RAYMOND JAMES FINANCIAL, INC.","Tuesday, January 31, 2023",Purchase,"$15,001 - $50,000",NEW, DANIEL GOLDMAN GRANDCHILDREN 1986 TRUST > TACS R3K,,Daniel Goldman,2023-02-24,D, NY10,House,,2023-02-27,-18.7743581357327,New York,2023-11-16,2023-01-31,2023-02-24,RJF,-3.134805919915673,-22.643234132270717,False,False
JNJ,ST,JOHNSON & JOHNSON,"Tuesday, January 31, 2023",Sale,"$100,001 - $250,000",NEW, DANIEL GOLDMAN GRANDCHILDREN 1986 TRUST > TACS R3K,,Daniel Goldman,2023-02-24,D, NY10,House,,2023-02-27,-29.0660377128468,New York,2023-11-16,2023-01-31,2023-02-24,JNJ,4.376259565886409,2.1287250399658175,True,True
UNP,ST,UNION PACIFIC CORPORATION,"Tuesday, January 31, 2023",Sale,"$50,001 - $100,000",NEW, DANIEL GOLDMAN GRANDCHILDREN 1986 TRUST > TACS R3K,,Daniel Goldman,2023-02-24,D, NY10,House,,2023-02-27,-6.29936230885821,New York,2023-11-16,2023-01-31,2023-02-24,UNP,-5.847940400851847,4.96182841668843,False,True
DG,ST,DOLLAR GENERAL CORPORATION,"Tuesday, January 31, 2023",Sale,"$1,001 - $15,000",NEW, KEVIN HERN INSURANCE TRUST,SELL TO CLOSE.,Kevin Hern,2023-02-14,R, OK01,House,,2023-02-15,-60.8124867943797,Oklahoma,2023-11-16,2023-01-31,2023-02-14,DG,5.0992860069315915,8.017984971576997,True,True
MSFT,ST,MICROSOFT CORPORATION,"Tuesday, January 31, 2023",Sale,"$50,001 - $100,000",NEW, DANIEL GOLDMAN GRANDCHILDREN 1986 TRUST > TACS R3K,,Daniel Goldman,2023-02-24,D, NY10,House,,2023-02-27,42.1804548331819,New York,2023-11-16,2023-01-31,2023-02-24,MSFT,-3.6681725452056724,-21.065269000161855,False,False
SYY,ST,SYSCO CORPORATION,"Tuesday, January 31, 2023",Purchase,"$1,001 - $15,000",NEW, DANIEL GOLDMAN GRANDCHILDREN 1986 TRUST > TACS R3K,,Daniel Goldman,2023-02-24,D, NY10,House,,2023-02-27,-21.3927542501412,New York,2023-11-16,2023-01-31,2023-02-24,SYY,-0.12927778985002414,-3.0651076497383856,False,False
DG,ST,DOLLAR GENERAL CORPORATION,"Tuesday, January 31, 2023",Purchase,"$15,001 - $50,000",NEW, DANIEL GOLDMAN GRANDCHILDREN 1986 TRUST > TACS R3K,,Daniel Goldman,2023-02-24,D, NY10,House,,2023-02-27,-60.8124867943797,New York,2023-11-16,2023-01-31,2023-02-24,DG,-5.0992860069315915,-8.017984971576997,False,False
LIN,ST,LINDE PLC ORDINARY SHARE,"Tuesday, January 31, 2023",Sale,"$15,001 - $50,000",NEW, DANIEL GOLDMAN GRANDCHILDREN 1986 TRUST > TACS R3K,,Daniel Goldman,2023-02-24,D, NY10,House,,2023-02-27,15.6252854686883,New York,2023-11-16,2023-01-31,2023-02-24,LIN,-8.624654036849522,-10.261878322753294,False,False
LIN,ST,LINDE PLC ORDINARY SHARE,"Tuesday, January 31, 2023",Sale,"$1,001 - $15,000",NEW, KEVIN HERN INSURANCE TRUST,SELL TO CLOSE.,Kevin Hern,2023-02-14,R, OK01,House,,2023-02-15,15.6252854686883,Oklahoma,2023-11-16,2023-01-31,2023-02-14,LIN,-8.624654036849522,-10.261878322753294,False,False
LLY,ST,ELI LILLY AND COMPANY,"Tuesday, January 31, 2023",Purchase,"$15,001 - $50,000",NEW, DANIEL GOLDMAN GRANDCHILDREN 1986 TRUST > TACS R3K,,Daniel Goldman,2023-02-24,D, NY10,House,,2023-02-27,93.2803340875231,New York,2023-11-16,2023-01-31,2023-02-24,LLY,-6.1191112957091125,15.677731979369192,False,True
UNH,ST,UNITEDHEALTH GROUP INCORPORATED COMMON STOCK,"Tuesday, January 31, 2023",Sale,"$15,001 - $50,000",NEW, DANIEL GOLDMAN GRANDCHILDREN 1986 TRUST > TACS R3K,,Daniel Goldman,2023-02-24,D, NY10,House,,2023-02-27,-27.5362921158498,New York,2023-11-16,2023-01-31,2023-02-24,UNH,1.9684661688360028,2.938006168622953,True,True
AMT,ST,AMERICAN TOWER CORPORATION,"Tuesday, January 31, 2023",Sale,"$1,001 - $15,000",NEW, KEVIN HERN INSURANCE TRUST,SELL TO CLOSE.,Kevin Hern,2023-02-14,R, OK01,House,,2023-02-15,-37.5207961228653,Oklahoma,2023-11-16,2023-01-31,2023-02-14,AMT,9.23966163420964,12.933176735431429,True,True
LHX,ST,"L3HARRIS TECHNOLOGIES, INC.","Tuesday, January 31, 2023",Purchase,"$15,001 - $50,000",NEW, DANIEL GOLDMAN GRANDCHILDREN 1986 TRUST > TACS R3K,,Daniel Goldman,2023-02-24,D, NY10,House,,2023-02-27,-26.7719676053294,New York,2023-11-16,2023-01-31,2023-02-24,LHX,1.107563281481505,-11.600201259586084,True,False
NVS,ST,NOVARTIS AG,"Tuesday, January 31, 2023",Sale,"$1,001 - $15,000",NEW, KEVIN HERN INSURANCE TRUST,SELL TO CLOSE.,Kevin Hern,2023-02-14,R, OK01,House,,2023-02-15,-18.5212399272875,Oklahoma,2023-11-16,2023-01-31,2023-02-14,NVS,3.7327942794507907,-10.914951223987202,True,False
GM,ST,GENERAL MOTORS COMPANY,"Tuesday, January 31, 2023",Purchase,"$15,001 - $50,000",NEW, DANIEL GOLDMAN GRANDCHILDREN 1986 TRUST > TACS R3K,,Daniel Goldman,2023-02-24,D, NY10,House,,2023-02-27,-22.3753438924441,New York,2023-11-16,2023-01-31,2023-02-24,GM,2.8705829364650604,-17.091368407169917,True,False
VFC,ST,V.F. CORPORATION,"Tuesday, January 31, 2023",Sale,"$50,001 - $100,000",NEW, DANIEL GOLDMAN GRANDCHILDREN 1986 TRUST > TACS R3K,,Daniel Goldman,2023-02-24,D, NY10,House,,2023-02-27,-78.0896986538337,New York,2023-11-16,2023-01-31,2023-02-24,VFC,12.692581154359084,28.677143678265193,True,True
SRPT,ST,"SAREPTA THERAPEUTICS, INC.","Tuesday, January 31, 2023",Sale,"$1,001 - $15,000",NEW, DANIEL GOLDMAN GRANDCHILDREN 1986 TRUST > TACS R3K,,Daniel Goldman,2023-02-24,D, NY10,House,,2023-02-27,-27.3959445639704,New York,2023-11-16,2023-01-31,2023-02-24,SRPT,-24.76588776783525,2.126849136572817,False,True
EWBC,ST,"EAST WEST BANCORP, INC.","Tuesday, January 31, 2023",Purchase,"$15,001 - $50,000",NEW, DANIEL GOLDMAN GRANDCHILDREN 1986 TRUST > TACS R3K,,Daniel Goldman,2023-02-24,D, NY10,House,,2023-02-27,-30.0750623357303,New York,2023-11-16,2023-01-31,2023-02-24,EWBC,-2.923297233888389,-37.84763313049888,False,False
LNT,ST,ALLIANT ENERGY CORPORATION,"Tuesday, January 31, 2023",Purchase,"$1,001 - $15,000",NEW, MORGAN STANLEY IRA - X142,,Lois Frankel,2023-03-13,D, FL22,House,,2023-03-14,-36.2982210325883,Florida,2023-11-16,2023-01-31,2023-03-13,LNT,-2.1795012728045737,0.09316622974269162,False,True
PG,ST,PROCTER & GAMBLE COMPANY,"Tuesday, January 31, 2023",Purchase,"$50,001 - $100,000",NEW, DANIEL GOLDMAN GRANDCHILDREN 1986 TRUST > TACS R3K,,Daniel Goldman,2023-02-24,D, NY10,House,,2023-02-27,-12.5150049687808,New York,2023-11-16,2023-01-31,2023-02-24,PG,0.6157501012751365,7.72741323930819,True,True
MDLZ,ST,"MONDELEZ INTERNATIONAL, INC. - CLASS A","Tuesday, January 31, 2023",Purchase,"$15,001 - $50,000",NEW, DANIEL GOLDMAN GRANDCHILDREN 1986 TRUST > TACS R3K,,Daniel Goldman,2023-02-24,D, NY10,House,,2023-02-27,-17.7452726569915,New York,2023-11-16,2023-01-31,2023-02-24,MDLZ,2.2142537295306575,15.762344423395591,True,True
MRK,ST,"MERCK & COMPANY, INC. COMMON STOCK","Tuesday, January 31, 2023",Purchase,"$1,001 - $15,000",NEW, DANIEL GOLDMAN GRANDCHILDREN 1986 TRUST > TACS R3K,,Daniel Goldman,2023-02-24,D, NY10,House,,2023-02-27,-12.7229963736005,New York,2023-11-16,2023-01-31,2023-02-24,MRK,1.9640996998527616,6.075054613861286,True,True
ANET,ST,"ARISTA NETWORKS, INC.","Tuesday, January 31, 2023",Purchase,"$1,001 - $15,000",NEW, DANIEL GOLDMAN GRANDCHILDREN 1986 TRUST > TACS R3K,,Daniel Goldman,2023-02-24,D, NY10,House,,2023-02-27,94.5260772354656,New York,2023-11-16,2023-01-31,2023-02-24,ANET,10.71613253398157,24.852068704261153,True,True
TEAM,ST,ATLASSIAN CORPORATION - CLASS A,"Tuesday, January 31, 2023",Purchase,"$1,001 - $15,000",NEW, DANIEL GOLDMAN GRANDCHILDREN 1986 TRUST > TACS R3K,,Daniel Goldman,2023-02-24,D, NY10,House,,2023-02-27,-5.55887047722783,New York,2023-11-16,2023-01-31,2023-02-24,TEAM,5.114630914149531,-9.707005981549477,True,False
BAC,ST,BANK OF AMERICA CORPORATION,"Tuesday, January 31, 2023",Sale,"$1,001 - $15,000",NEW, DANIEL GOLDMAN GRANDCHILDREN 1986 TRUST > TACS R3K,,Daniel Goldman,2023-02-24,D, NY10,House,,2023-02-27,-26.0568700857574,New York,2023-11-16,2023-01-31,2023-02-24,BAC,3.2722818262167497,20.38994292304236,True,True
RTX,ST,RAYTHEON TECHNOLOGIES CORPORATION,"Tuesday, January 31, 2023",Sale,"$1,001 - $15,000",NEW, KEVIN HERN INSURANCE TRUST,SELL TO CLOSE.,Kevin Hern,2023-02-14,R, OK01,House,,2023-02-15,-32.7899714288657,Oklahoma,2023-11-16,2023-01-31,2023-02-14,RTX,-1.4852305115783948,1.7581510825875668,False,True
LMT,ST,LOCKHEED MARTIN CORPORATION,"Tuesday, January 31, 2023",Purchase,"$15,001 - $50,000",NEW, DANIEL GOLDMAN GRANDCHILDREN 1986 TRUST > TACS R3K,,Daniel Goldman,2023-02-24,D, NY10,House,,2023-02-27,-31.7828154849165,New York,2023-11-16,2023-01-31,2023-02-24,LMT,5.585218832333128,-0.9070137755369689,True,False
MDT,ST,MEDTRONIC PLC. ORDINARY SHARES,"Tuesday, January 31, 2023",Sale,"$1,001 - $15,000",NEW, KEVIN HERN INSURANCE TRUST,SELL TO CLOSE.,Kevin Hern,2023-02-14,R, OK01,House,,2023-02-15,-26.0029621420833,Oklahoma,2023-11-16,2023-01-31,2023-02-14,MDT,-0.6278187765762056,-6.113374030163166,False,False
PH,ST,PARKER-HANNIFIN CORPORATION,"Tuesday, January 31, 2023",Sale,"$1,001 - $15,000",NEW, KEVIN HERN INSURANCE TRUST,SELL TO CLOSE.,Kevin Hern,2023-02-14,R, OK01,House,,2023-02-15,38.3796879682054,Oklahoma,2023-11-16,2023-01-31,2023-02-14,PH,-11.385585666390464,1.8186316325550678,False,True
HON,ST,HONEYWELL INTERNATIONAL INC.,"Tuesday, January 31, 2023",Sale,"$1,001 - $15,000",NEW, KEVIN HERN INSURANCE TRUST,SELL TO CLOSE.,Kevin Hern,2023-02-14,R, OK01,House,,2023-02-15,-31.0351322437641,Oklahoma,2023-11-16,2023-01-31,2023-02-14,HON,4.393155958327332,6.076174153998625,True,True
ABNB,ST,"AIRBNB, INC. - CLASS A","Tuesday, January 31, 2023",Purchase,"$15,001 - $50,000",NEW, DANIEL GOLDMAN GRANDCHILDREN 1986 TRUST > TACS R3K,,Daniel Goldman,2023-02-24,D, NY10,House,,2023-02-27,18.7178699389822,New York,2023-11-16,2023-01-31,2023-02-24,ABNB,12.479604265814814,7.040215009135409,True,True
CTAS,ST,CINTAS CORPORATION,"Tuesday, January 31, 2023",Sale,"$15,001 - $50,000",NEW, DANIEL GOLDMAN GRANDCHILDREN 1986 TRUST > TACS R3K,,Daniel Goldman,2023-02-24,D, NY10,House,,2023-02-27,15.5250187469375,New York,2023-11-16,2023-01-31,2023-02-24,CTAS,-0.4299859583791976,-1.9482650214643016,False,False
AAPL,ST,APPLE INC.,"Tuesday, January 31, 2023",Sale,"$15,001 - $50,000",NEW, DANIEL GOLDMAN GRANDCHILDREN 1986 TRUST > TACS R3K,,Daniel Goldman,2023-02-24,D, NY10,House,,2023-02-27,-6.22550556033523,New York,2023-11-16,2023-01-31,2023-02-24,AAPL,-3.4592520836349894,-15.295260046879111,False,False
JPM,ST,JP MORGAN CHASE & CO.,"Tuesday, January 31, 2023",Sale,"$1,001 - $15,000",NEW, KEVIN HERN INSURANCE TRUST,SELL TO CLOSE.,Kevin Hern,2023-02-14,R, OK01,House,,2023-02-15,10.1078434271709,Oklahoma,2023-11-16,2023-01-31,2023-02-14,JPM,-3.1295900480459715,1.352915134209609,False,True
RIVN,ST,"RIVIAN AUTOMOTIVE, INC. - CLASS A","Tuesday, January 31, 2023",Purchase,"$15,001 - $50,000",NEW, DANIEL GOLDMAN GRANDCHILDREN 1986 TRUST > TACS R3K,,Daniel Goldman,2023-02-24,D, NY10,House,,2023-02-27,-68.9523593406302,New York,2023-11-16,2023-01-31,2023-02-24,RIVN,-16.632563283379454,-37.03269065068683,False,False
IBM,ST,INTERNATIONAL BUSINESS MACHINES CORPORATION,"Tuesday, January 31, 2023",Sale,"$1,001 - $15,000",NEW, MORGAN STANLEY - SELECT UMA ACCOUNT # 1,,Josh Gottheimer,2023-02-17,D, NJ05,House,,2023-02-20,15.9573914323935,New Jersey,2023-11-16,2023-01-31,2023-02-17,IBM,1.968402598329777,8.651700935176043,True,True
LOW,ST,"LOWE'S COMPANIES, INC.","Tuesday, January 31, 2023",Sale,"$1,001 - $15,000",NEW, KEVIN HERN INSURANCE TRUST,SELL TO CLOSE.,Kevin Hern,2023-02-14,R, OK01,House,,2023-02-15,-8.34216887269047,Oklahoma,2023-11-16,2023-01-31,2023-02-14,LOW,3.9780169676750687,2.2532807096657836,True,True
COST,ST,COSTCO WHOLESALE CORPORATION,"Tuesday, January 31, 2023",Sale,"$15,001 - $50,000",NEW, DANIEL GOLDMAN GRANDCHILDREN 1986 TRUST > TACS R3K,,Daniel Goldman,2023-02-24,D, NY10,House,,2023-02-27,16.1034871218355,New York,2023-11-16,2023-01-31,2023-02-24,COST,2.6425627343107494,5.6723806021230505,True,True
MSFT,ST,MICROSOFT CORPORATION,"Tuesday, January 31, 2023",Sale,"$15,001 - $50,000",NEW, KEVIN HERN INSURANCE TRUST,SELL TO CLOSE.,Kevin Hern,2023-02-14,R, OK01,House,,2023-02-15,42.1804548331819,Oklahoma,2023-11-16,2023-01-31,2023-02-14,MSFT,-3.6681725452056724,-21.065269000161855,False,False
CMCSA,ST,COMCAST CORPORATION - CLASS A,"Tuesday, January 31, 2023",Sale,"$1,001 - $15,000",NEW, KEVIN HERN INSURANCE TRUST,SELL TO CLOSE.,Kevin Hern,2023-02-14,R, OK01,House,,2023-02-15,-17.168343306886,Oklahoma,2023-11-16,2023-01-31,2023-02-14,CMCSA,3.762599054529925,-3.580694998428924,True,False
UPS,ST,"UNITED PARCEL SERVICE, INC.","Tuesday, January 31, 2023",Sale,"$1,001 - $15,000",NEW, MORGAN STANLEY - SELECT UMA ACCOUNT # 1,,Josh Gottheimer,2023-02-17,D, NJ05,House,,2023-02-20,-43.0598133779903,New Jersey,2023-11-16,2023-01-31,2023-02-17,UPS,-2.039576114000541,3.874679047642815,False,True
PSX,ST,PHILLIPS 66,"Tuesday, January 31, 2023",Sale,"$1,001 - $15,000",NEW, KEVIN HERN INSURANCE TRUST,SELL TO CLOSE.,Kevin Hern,2023-02-14,R, OK01,House,,2023-02-15,32.7421993714657,Oklahoma,2023-11-16,2023-01-31,2023-02-14,PSX,-7.861589287675075,4.1038353218972095,False,True
COST,ST,COSTCO WHOLESALE CORPORATION,"Tuesday, January 31, 2023",Sale,"$1,001 - $15,000",NEW, KEVIN HERN INSURANCE TRUST,SELL TO CLOSE.,Kevin Hern,2023-02-14,R, OK01,House,,2023-02-15,16.1034871218355,Oklahoma,2023-11-16,2023-01-31,2023-02-14,COST,2.6425627343107494,5.6723806021230505,True,True
NEE,ST,"NEXTERA ENERGY, INC.","Tuesday, January 31, 2023",Sale,"$1,001 - $15,000",NEW, KEVIN HERN INSURANCE TRUST,SELL TO CLOSE.,Kevin Hern,2023-02-14,R, OK01,House,,2023-02-15,-45.3557569958668,Oklahoma,2023-11-16,2023-01-31,2023-02-14,NEE,0.9061555621591388,-0.6688102204559288,True,False
ACN,ST,ACCENTURE PLC CLASS A ORDINARY SHARES,"Tuesday, January 31, 2023",Sale,"$1,001 - $15,000",NEW, KEVIN HERN INSURANCE TRUST,SELL TO CLOSE.,Kevin Hern,2023-02-14,R, OK01,House,,2023-02-15,8.38159958111644,Oklahoma,2023-11-16,2023-01-31,2023-02-14,ACN,2.605253138770103,2.1062736159723983,True,True
ADM,ST,ARCHER-DANIELS-MIDLAND COMPANY,"Tuesday, January 31, 2023",Sale,"$15,001 - $50,000",NEW, DANIEL GOLDMAN GRANDCHILDREN 1986 TRUST > TACS R3K,,Daniel Goldman,2023-02-24,D, NY10,House,,2023-02-27,-54.2723700418727,New York,2023-11-16,2023-01-31,2023-02-24,ADM,0.4154540414859076,8.334223168259335,True,True
KDP,ST,KEURIG DR PEPPER INC.,"Tuesday, January 31, 2023",Purchase,"$15,001 - $50,000",NEW, DANIEL GOLDMAN GRANDCHILDREN 1986 TRUST > TACS R3K,,Daniel Goldman,2023-02-24,D, NY10,House,,2023-02-27,-44.0001654046366,New York,2023-11-16,2023-01-31,2023-02-24,KDP,0.3523875091180795,-9.920279099972152,True,False
ZTS,ST,ZOETIS INC. CLASS A,"Tuesday, January 31, 2023",Purchase,"$1,001 - $15,000",NEW, DANIEL GOLDMAN GRANDCHILDREN 1986 TRUST > TACS R3K,,Daniel Goldman,2023-02-24,D, NY10,House,,2023-02-27,-21.5813717143807,New York,2023-11-16,2023-01-31,2023-02-24,ZTS,4.203685944010738,6.263143681162808,True,True
MDT,ST,MEDTRONIC PLC. ORDINARY SHARES,"Tuesday, January 31, 2023",Purchase,"$15,001 - $50,000",NEW, DANIEL GOLDMAN GRANDCHILDREN 1986 TRUST > TACS R3K,,Daniel Goldman,2023-02-24,D, NY10,House,,2023-02-27,-26.0029621420833,New York,2023-11-16,2023-01-31,2023-02-24,MDT,0.6278187765762056,6.113374030163166,True,True
SBAC,ST,SBA COMMUNICATIONS CORPORATION - CLASS A,"Tuesday, January 31, 2023",Purchase,"$15,001 - $50,000",NEW, DANIEL GOLDMAN GRANDCHILDREN 1986 TRUST > TACS R3K,,Daniel Goldman,2023-02-24,D, NY10,House,,2023-02-27,-53.4366268891508,New York,2023-11-16,2023-01-31,2023-02-24,SBAC,-11.164658203608713,-14.503181783015496,False,False
VZ,ST,VERIZON COMMUNICATIONS INC.,"Tuesday, January 31, 2023",Purchase,"$1,001 - $15,000",NEW, DANIEL GOLDMAN GRANDCHILDREN 1986 TRUST > TACS R3K,,Daniel Goldman,2023-02-24,D, NY10,House,,2023-02-27,-30.8631842068973,New York,2023-11-16,2023-01-31,2023-02-24,VZ,-5.265129571998262,-9.11883856299529,False,False
NOC,ST,NORTHROP GRUMMAN CORPORATION,"Tuesday, January 31, 2023",Sale,"$15,001 - $50,000",NEW, DANIEL GOLDMAN GRANDCHILDREN 1986 TRUST > TACS R3K,,Daniel Goldman,2023-02-24,D, NY10,House,,2023-02-27,-22.7995811921402,New York,2023-11-16,2023-01-31,2023-02-24,NOC,-6.851723321602677,-1.037615939506975,False,False
CNP,ST,"CENTERPOINT ENERGY, INC","Tuesday, January 31, 2023",Sale,"$15,001 - $50,000",NEW, DANIEL GOLDMAN GRANDCHILDREN 1986 TRUST > TACS R3K,,Daniel Goldman,2023-02-24,D, NY10,House,,2023-02-27,-33.3296953573879,New York,2023-11-16,2023-01-31,2023-02-24,CNP,4.735210584781246,0.37964761076019204,True,True
LMT,ST,LOCKHEED MARTIN CORPORATION,"Tuesday, January 31, 2023",Sale,"$1,001 - $15,000",NEW, KEVIN HERN INSURANCE TRUST,SELL TO CLOSE.,Kevin Hern,2023-02-14,R, OK01,House,,2023-02-15,-31.7828154849165,Oklahoma,2023-11-16,2023-01-31,2023-02-14,LMT,-5.585218832333128,0.9070137755369689,False,True
INTC,ST,INTEL CORPORATION,"Tuesday, January 31, 2023",Purchase,"$15,001 - $50,000",NEW, DANIEL GOLDMAN GRANDCHILDREN 1986 TRUST > TACS R3K,,Daniel Goldman,2023-02-24,D, NY10,House,,2023-02-27,25.0250667689122,New York,2023-11-16,2023-01-31,2023-02-24,INTC,-4.9529471995276575,4.979804550177214,False,True
ADBE,ST,ADOBE INC.,"Tuesday, January 31, 2023",Sale,"$1,001 - $15,000",NEW, KEVIN HERN INSURANCE TRUST,SELL TO CLOSE.,Kevin Hern,2023-02-14,R, OK01,House,,2023-02-15,7.11552812304903,Oklahoma,2023-11-16,2023-01-31,2023-02-14,ADBE,7.611108902214969,1.2100918222758938,True,True
PEP,ST,"PEPSICO, INC.","Tuesday, January 31, 2023",Sale,"$15,001 - $50,000",NEW, DANIEL GOLDMAN GRANDCHILDREN 1986 TRUST > TACS R3K,,Daniel Goldman,2023-02-24,D, NY10,House,,2023-02-27,-29.5784391263188,New York,2023-11-16,2023-01-31,2023-02-24,PEP,-3.681379607438051,-9.841575809694714,False,False
F,ST,FORD MOTOR COMPANY,"Tuesday, January 31, 2023",Purchase,"$15,001 - $50,000",NEW, DANIEL GOLDMAN GRANDCHILDREN 1986 TRUST > TACS R3K,,Daniel Goldman,2023-02-24,D, NY10,House,,2023-02-27,-36.5923663610122,New York,2023-11-16,2023-01-31,2023-02-24,F,-4.769341770542212,-12.971664465433152,False,False
MO,ST,"ALTRIA GROUP, INC.","Tuesday, January 31, 2023",Purchase,"$15,001 - $50,000",NEW, DANIEL GOLDMAN GRANDCHILDREN 1986 TRUST > TACS R3K,,Daniel Goldman,2023-02-24,D, NY10,House,,2023-02-27,-28.457266776861,New York,2023-11-16,2023-01-31,2023-02-24,MO,5.48925489065476,3.8446009497567823,True,True
SCHW,ST,CHARLES SCHWAB CORPORATION,"Tuesday, January 31, 2023",Sale,"$15,001 - $50,000",NEW, DANIEL GOLDMAN GRANDCHILDREN 1986 TRUST > TACS R3K,,Daniel Goldman,2023-02-24,D, NY10,House,,2023-02-27,-39.26696410724,New York,2023-11-16,2023-01-31,2023-02-24,SCHW,-0.6186011552528514,35.318179849413035,False,True
AMZN,ST,"AMAZON.COM, INC.","Tuesday, January 31, 2023",Sale,"$50,001 - $100,000",NEW, DANIEL GOLDMAN GRANDCHILDREN 1986 TRUST > TACS R3K,,Daniel Goldman,2023-02-24,D, NY10,House,,2023-02-27,43.2667695538389,New York,2023-11-16,2023-01-31,2023-02-24,AMZN,8.329643892297412,3.2860918919375814,True,True
ALNY,,"ALNYLAM PHARMACEUTICALS, INC.","Tuesday, January 31, 2023",Sale,"$15,001",,,,Daniel Goldman,2023-02-24,D, NY10,House,,2023-02-27,-59.927597036889,New York,2023-11-16,2023-01-31,2023-02-24,ALNY,11.780098468373001,13.073680940158694,True,True
ABBV,ST,ABBVIE INC.,"Tuesday, January 31, 2023",Purchase,"$1,001 - $15,000",NEW, DANIEL GOLDMAN GRANDCHILDREN 1986 TRUST > TACS R3K,,Daniel Goldman,2023-02-24,D, NY10,House,,2023-02-27,-5.46702084393582,New York,2023-11-16,2023-01-31,2023-02-24,ABBV,6.823818861239317,1.7949699580862344,True,True
SNAP,ST,SNAP INC. CLASS A,"Tuesday, January 31, 2023",Purchase,"$1,001 - $15,000",NEW, MORGAN STANLEY - SELECT UMA ACCOUNT # 1,,Josh Gottheimer,2023-02-17,D, NJ05,House,,2023-02-20,-29.0602678769981,New Jersey,2023-11-16,2023-01-31,2023-02-17,SNAP,-10.293251745221133,-26.71985109282444,False,False
AVGO,ST,BROADCOM INC.,"Tuesday, January 31, 2023",Purchase,"$1,001 - $15,000",NEW, DANIEL GOLDMAN GRANDCHILDREN 1986 TRUST > TACS R3K,,Daniel Goldman,2023-02-24,D, NY10,House,,2023-02-27,85.3333952248482,New York,2023-11-16,2023-01-31,2023-02-24,AVGO,4.668093817279717,6.810540319139147,True,True
V,ST,VISA INC.,"Tuesday, January 31, 2023",Sale,"$1,001 - $15,000",NEW, KEVIN HERN INSURANCE TRUST,SELL TO CLOSE.,Kevin Hern,2023-02-14,R, OK01,House,,2023-02-15,-2.91096369873086,Oklahoma,2023-11-16,2023-01-31,2023-02-14,V,2.506901772539649,1.239793075823914,True,True
JNJ,ST,JOHNSON & JOHNSON,"Tuesday, January 31, 2023",Sale,"$1,001 - $15,000",NEW, KEVIN HERN INSURANCE TRUST,SELL TO CLOSE.,Kevin Hern,2023-02-14,R, OK01,House,,2023-02-15,-29.0660377128468,Oklahoma,2023-11-16,2023-01-31,2023-02-14,JNJ,4.376259565886409,2.1287250399658175,True,True
RTX,ST,RAYTHEON TECHNOLOGIES CORPORATION,"Tuesday, January 31, 2023",Sale,"$15,001 - $50,000",NEW, DANIEL GOLDMAN GRANDCHILDREN 1986 TRUST > TACS R3K,,Daniel Goldman,2023-02-24,D, NY10,House,,2023-02-27,-32.7899714288657,New York,2023-11-16,2023-01-31,2023-02-24,RTX,-1.4852305115783948,1.7581510825875668,False,True
KO,ST,COCA-COLA COMPANY,"Tuesday, January 31, 2023",Sale,"$1,001 - $15,000",NEW, KEVIN HERN INSURANCE TRUST,SELL TO CLOSE.,Kevin Hern,2023-02-14,R, OK01,House,,2023-02-15,-28.2079124303875,Oklahoma,2023-11-16,2023-01-31,2023-02-14,KO,0.27275449604495794,-2.6208820851305603,True,False
CB,ST,CHUBB LIMITED,"Tuesday, January 31, 2023",Sale,"$1,001 - $15,000",NEW, KEVIN HERN INSURANCE TRUST,SELL TO CLOSE.,Kevin Hern,2023-02-14,R, OK01,House,,2023-02-15,-13.1996786971398,Oklahoma,2023-11-16,2023-01-31,2023-02-14,CB,6.055076635011192,13.382224907744089,True,True
USB,ST,U.S. BANCORP,"Tuesday, January 31, 2023",Purchase,"$1,001 - $15,000",NEW, DANIEL GOLDMAN GRANDCHILDREN 1986 TRUST > TACS R3K,,Daniel Goldman,2023-02-24,D, NY10,House,,2023-02-27,-41.3615838676041,New York,2023-11-16,2023-01-31,2023-02-24,USB,-4.671522034468878,-36.094298964552806,False,False
UAL,ST,"UNITED AIRLINES HOLDINGS, INC.","Tuesday, January 31, 2023",Purchase,"$1,001 - $15,000",NEW, DANIEL GOLDMAN GRANDCHILDREN 1986 TRUST > TACS R3K,,Daniel Goldman,2023-02-24,D, NY10,House,,2023-02-27,-36.7664385805736,New York,2023-11-16,2023-01-31,2023-02-24,UAL,9.689451900630319,-11.532174802616257,True,False
TSLA,ST,"TESLA, INC.","Tuesday, January 31, 2023",Sale,"$100,001 - $250,000",NEW, DANIEL GOLDMAN GRANDCHILDREN 1986 TRUST > TACS R3K,,Daniel Goldman,2023-02-24,D, NY10,House,,2023-02-27,-31.4305260721688,New York,2023-11-16,2023-01-31,2023-02-24,TSLA,-12.543175205859292,8.814328315764497,False,True
CEG,ST,CONSTELLATION ENERGY CORPORATION,"Tuesday, January 31, 2023",Sale,"$1,001 - $15,000",NEW, DANIEL GOLDMAN GRANDCHILDREN 1986 TRUST > TACS R3K,,Daniel Goldman,2023-02-24,D, NY10,House,,2023-02-27,68.0485778664926,New York,2023-11-16,2023-01-31,2023-02-24,CEG,8.417946102662288,11.974111591609905,True,True
HD,ST,"HOME DEPOT, INC.","Tuesday, January 31, 2023",Sale,"$1,001 - $15,000",NEW, KEVIN HERN INSURANCE TRUST,SELL TO CLOSE.,Kevin Hern,2023-02-14,R, OK01,House,,2023-02-15,-10.7255412240063,Oklahoma,2023-11-16,2023-01-31,2023-02-14,HD,7.272656911349751,10.40434430740632,True,True
FITB,ST,FIFTH THIRD BANCORP,"Tuesday, January 31, 2023",Purchase,"$1,001 - $15,000",NEW, DANIEL GOLDMAN GRANDCHILDREN 1986 TRUST > TACS R3K,,Daniel Goldman,2023-02-24,D, NY10,House,,2023-02-27,-28.752934887556,New York,2023-11-16,2023-01-31,2023-02-24,FITB,0.4902618590482355,-31.089801288740915,True,False
PG,ST,PROCTER & GAMBLE COMPANY,"Tuesday, January 31, 2023",Sale,"$1,001 - $15,000",NEW, KEVIN HERN INSURANCE TRUST,SELL TO CLOSE.,Kevin Hern,2023-02-14,R, OK01,House,,2023-02-15,-12.5150049687808,Oklahoma,2023-11-16,2023-01-31,2023-02-14,PG,-0.6157501012751365,-7.72741323930819,False,False
AON,ST,AON PLC CLASS A ORDINARY SHARES,"Tuesday, January 31, 2023",Purchase,"$15,001 - $50,000",NEW, DANIEL GOLDMAN GRANDCHILDREN 1986 TRUST > TACS R3K,,Daniel Goldman,2023-02-24,D, NY10,House,,2023-02-27,-25.7622995708841,New York,2023-11-16,2023-01-31,2023-02-24,AON,-2.9634766785966327,-0.7483520902137775,False,False
ROK,ST,"ROCKWELL AUTOMATION, INC.","Tuesday, January 31, 2023",Sale,"$1,001 - $15,000",NEW, KEVIN HERN INSURANCE TRUST,SELL TO CLOSE.,Kevin Hern,2023-02-14,R, OK01,House,,2023-02-15,-26.2673338754004,Oklahoma,2023-11-16,2023-01-31,2023-02-14,ROK,-7.481352143902232,2.0190424945401686,False,True
CME,ST,CME GROUP INC. - CLASS A,"Tuesday, January 31, 2023",Purchase,"$1,001 - $15,000",NEW, DANIEL GOLDMAN GRANDCHILDREN 1986 TRUST > TACS R3K,,Daniel Goldman,2023-02-24,D, NY10,House,,2023-02-27,-2.74172233156977,New York,2023-11-16,2023-01-31,2023-02-24,CME,7.9065252335997265,3.4047342332666375,True,True
COF,ST,CAPITAL ONE FINANCIAL CORPORATION,"Tuesday, January 31, 2023",Purchase,"$1,001 - $15,000",NEW, DANIEL GOLDMAN GRANDCHILDREN 1986 TRUST > TACS R3K,,Daniel Goldman,2023-02-24,D, NY10,House,,2023-02-27,-11.9520128102655,New York,2023-11-16,2023-01-31,2023-02-24,COF,-6.747525650054264,-23.94475942517542,False,False
ADBE,ST,ADOBE INC.,"Tuesday, January 31, 2023",Purchase,"$1,001 - $15,000",NEW, MORGAN STANLEY - SELECT UMA ACCOUNT # 1,,Josh Gottheimer,2023-02-17,D, NJ05,House,,2023-02-20,7.11552812304903,New Jersey,2023-11-16,2023-01-31,2023-02-17,ADBE,-7.611108902214969,-1.2100918222758938,False,False
APTV,ST,APTIV PLC ORDINARY SHARES,"Tuesday, January 31, 2023",Purchase,"$15,001 - $50,000",NEW, DANIEL GOLDMAN GRANDCHILDREN 1986 TRUST > TACS R3K,,Daniel Goldman,2023-02-24,D, NY10,House,,2023-02-27,-57.5599914336717,New York,2023-11-16,2023-01-31,2023-02-24,APTV,5.732035217327425,-11.8772115928226,True,False
TXN,ST,TEXAS INSTRUMENTS INCORPORATED,"Tuesday, January 31, 2023",Sale,"$1,001 - $15,000",NEW, KEVIN HERN INSURANCE TRUST,SELL TO CLOSE.,Kevin Hern,2023-02-14,R, OK01,House,,2023-02-15,-28.5061533423883,Oklahoma,2023-11-16,2023-01-31,2023-02-14,TXN,-0.5702372112488807,8.180985820277687,False,True
CAG,ST,"CONAGRA BRANDS, INC.","Tuesday, January 31, 2023",Purchase,"$1,001 - $15,000",NEW, DANIEL GOLDMAN GRANDCHILDREN 1986 TRUST > TACS R3K,,Daniel Goldman,2023-02-24,D, NY10,House,,2023-02-27,-50.3822969970782,New York,2023-11-16,2023-01-31,2023-02-24,CAG,-1.2666137495960905,0.5306932538519105,False,True
TMO,ST,THERMO FISHER SCIENTIFIC INC,"Tuesday, January 31, 2023",Sale,"$1,001 - $15,000",NEW, KEVIN HERN INSURANCE TRUST,SELL TO CLOSE.,Kevin Hern,2023-02-14,R, OK01,House,,2023-02-15,-23.4364173132165,Oklahoma,2023-11-16,2023-01-31,2023-02-14,TMO,1.4472712774173946,6.066486992812714,True,True
ISRG,ST,"INTUITIVE SURGICAL, INC.","Tuesday, January 31, 2023",Purchase,"$1,001 - $15,000",NEW, DANIEL GOLDMAN GRANDCHILDREN 1986 TRUST > TACS R3K,,Daniel Goldman,2023-02-24,D, NY10,House,,2023-02-27,35.4331100695266,New York,2023-11-16,2023-01-31,2023-02-24,ISRG,-4.497312468316017,21.09540180888285,False,True
SHOP,ST,SHOPIFY INC. CLASS A SUBORDINATE VOTING SHARES,"Tuesday, January 31, 2023",Purchase,"$1,001 - $15,000",NEW, MORGAN STANLEY - SELECT UMA ACCOUNT # 1,,Josh Gottheimer,2023-02-17,D, NJ05,House,,2023-02-20,30.7265820699435,New Jersey,2023-11-16,2023-01-31,2023-02-17,SHOP,-14.083222274580443,-6.277847849298701,False,False
ALLY,ST,ALLY FINANCIAL INC.,"Tuesday, January 31, 2023",Purchase,"$15,001 - $50,000",NEW, DANIEL GOLDMAN GRANDCHILDREN 1986 TRUST > TACS R3K,,Daniel Goldman,2023-02-24,D, NY10,House,,2023-02-27,-10.0701021512651,New York,2023-11-16,2023-01-31,2023-02-24,ALLY,-4.711819102749237,-22.121918494724014,False,False
ADP,ST,"AUTOMATIC DATA PROCESSING, INC.","Tuesday, January 31, 2023",Sale,"$1,001 - $15,000",NEW,,,Josh Gottheimer,2023-02-17,D, NJ05,House,,2023-02-20,-18.6499748434912,New Jersey,2023-11-16,2023-01-31,2023-02-17,ADP,-0.8928167296971101,4.315843999107194,False,True
PEG,ST,PUBLIC SERVICE ENTERPRISE GROUP INCORPORATED,"Tuesday, January 31, 2023",Purchase,"$1,001 - $15,000",NEW, DANIEL GOLDMAN GRANDCHILDREN 1986 TRUST > TACS R3K,,Daniel Goldman,2023-02-24,D, NY10,House,,2023-02-27,-22.8723321732763,New York,2023-11-16,2023-01-31,2023-02-24,PEG,-0.9898324753249921,-0.2850581937781538,False,False
MTB,ST,M&T BANK CORPORATION,"Tuesday, January 31, 2023",Purchase,"$15,001 - $50,000",NEW, DANIEL GOLDMAN GRANDCHILDREN 1986 TRUST > TACS R3K,,Daniel Goldman,2023-02-24,D, NY10,House,,2023-02-27,-35.7762425021422,New York,2023-11-16,2023-01-31,2023-02-24,MTB,-0.6634893931987462,-24.23246371211858,False,False
DAL,ST,"DELTA AIR LINES, INC.","Tuesday, January 31, 2023",Purchase,"$15,001 - $50,000",NEW, DANIEL GOLDMAN GRANDCHILDREN 1986 TRUST > TACS R3K,,Daniel Goldman,2023-02-24,D, NY10,House,,2023-02-27,-15.5782459122019,New York,2023-11-16,2023-01-31,2023-02-24,DAL,0.5973746286362602,-13.44091498199197,True,False
INVH,ST,INVITATION HOMES INC.,"Tuesday, January 31, 2023",Purchase,"$1,001 - $15,000",NEW, DANIEL GOLDMAN GRANDCHILDREN 1986 TRUST > TACS R3K,,Daniel Goldman,2023-02-24,D, NY10,House,,2023-02-27,-18.2903450662448,New York,2023-11-16,2023-01-31,2023-02-24,INVH,-3.571186630653689,0.5918880632219681,False,True
LCID,ST,"LUCID GROUP, INC.","Tuesday, January 31, 2023",Purchase,"$15,001 - $50,000",NEW, DANIEL GOLDMAN GRANDCHILDREN 1986 TRUST > TACS R3K,,Daniel Goldman,2023-02-24,D, NY10,House,,2023-02-27,-102.762912020249,New York,2023-11-16,2023-01-31,2023-02-24,LCID,-24.69514473698262,-39.62124991834558,False,False
CRM,ST,"SALESFORCE, INC.","Tuesday, January 31, 2023",Sale,"$1,001 - $15,000",NEW, KEVIN HERN INSURANCE TRUST,SELL TO CLOSE.,Kevin Hern,2023-02-14,R, OK01,House,,2023-02-15,49.3681434001022,Oklahoma,2023-11-16,2023-01-31,2023-02-14,CRM,-13.421815777758638,-15.514289822611849,False,False
GOOGL,ST,ALPHABET INC. - CLASS A,"Tuesday, January 31, 2023",Purchase,"$50,001 - $100,000",NEW, DANIEL GOLDMAN GRANDCHILDREN 1986 TRUST > TACS R3K,,Daniel Goldman,2023-02-24,D, NY10,House,,2023-02-27,16.977332298883,New York,2023-11-16,2023-01-31,2023-02-24,GOOGL,-4.583765831754416,6.219239521199049,False,True
SR,ST,SPIRE INC.,"Tuesday, January 31, 2023",Purchase,"$1,001 - $15,000",NEW, DANIEL GOLDMAN GRANDCHILDREN 1986 TRUST > TACS R3K,,Daniel Goldman,2023-02-24,D, NY10,House,,2023-02-27,-43.347806242565,New York,2023-11-16,2023-01-31,2023-02-24,SR,-1.1389885410008516,-8.580611553528572,False,False
AMZN,ST,"AMAZON.COM, INC.","Tuesday, January 31, 2023",Sale,"$1,001 - $15,000",NEW, KEVIN HERN INSURANCE TRUST,SELL TO CLOSE.,Kevin Hern,2023-02-14,R, OK01,House,,2023-02-15,43.2667695538389,Oklahoma,2023-11-16,2023-01-31,2023-02-14,AMZN,8.329643892297412,3.2860918919375814,True,True
CVS,ST,CVS HEALTH CORPORATION,"Tuesday, January 31, 2023",Purchase,"$1,001 - $15,000",NEW, DANIEL GOLDMAN GRANDCHILDREN 1986 TRUST > TACS R3K,,Daniel Goldman,2023-02-24,D, NY10,House,,2023-02-27,-38.12436839952,New York,2023-11-16,2023-01-31,2023-02-24,CVS,-5.360162441842453,-18.482359587908228,False,False
LLY,ST,ELI LILLY AND COMPANY,"Tuesday, January 31, 2023",Sale,"$1,001 - $15,000",NEW,,,Josh Gottheimer,2023-02-17,D, NJ05,House,,2023-02-20,93.2803340875231,New Jersey,2023-11-16,2023-01-31,2023-02-17,LLY,6.1191112957091125,-15.677731979369192,True,False
JAZZ,ST,JAZZ PHARMACEUTICALS PLC - ORDINARY SHARES,"Tuesday, January 31, 2023",Sale,"$1,001 - $15,000",NEW, DANIEL GOLDMAN GRANDCHILDREN 1986 TRUST > TACS R3K,,Daniel Goldman,2023-02-24,D, NY10,House,,2023-02-27,-48.6860790909332,New York,2023-11-16,2023-01-31,2023-02-24,JAZZ,5.527663012137918,11.998870546618612,True,True
URI,ST,"UNITED RENTALS, INC.","Tuesday, January 31, 2023",Purchase,"$1,001 - $15,000",NEW, DANIEL GOLDMAN GRANDCHILDREN 1986 TRUST > TACS R3K,,Daniel Goldman,2023-02-24,D, NY10,House,,2023-02-27,27.3505386899808,New York,2023-11-16,2023-01-31,2023-02-24,URI,9.060622722236966,-20.225040713942633,True,False
NEE,ST,"NEXTERA ENERGY, INC.","Tuesday, January 31, 2023",Sale,"$50,001 - $100,000",NEW, DANIEL GOLDMAN GRANDCHILDREN 1986 TRUST > TACS R3K,,Daniel Goldman,2023-02-24,D, NY10,House,,2023-02-27,-45.3557569958668,New York,2023-11-16,2023-01-31,2023-02-24,NEE,0.9061555621591388,-0.6688102204559288,True,False
RBLX,ST,ROBLOX CORPORATION CLASS A,"Tuesday, January 31, 2023",Purchase,"$15,001 - $50,000",NEW, DANIEL GOLDMAN GRANDCHILDREN 1986 TRUST > TACS R3K,,Daniel Goldman,2023-02-24,D, NY10,House,,2023-02-27,-20.4040531265264,New York,2023-11-16,2023-01-31,2023-02-24,RBLX,7.765155488420373,-5.490687181594867,True,False
META,ST,"META PLATFORMS, INC. - CLASS A","Tuesday, January 31, 2023",Purchase,"$1,001 - $15,000",NEW, MORGAN STANLEY - SELECT UMA ACCOUNT # 1,,Josh Gottheimer,2023-02-17,D, NJ05,House,,2023-02-20,199.105182169492,New Jersey,2023-11-16,2023-01-31,2023-02-17,META,19.494321142471772,61.0020392030546,True,True
D,ST,"DOMINION ENERGY, INC.","Tuesday, January 31, 2023",Purchase,"$15,001 - $50,000",NEW, DANIEL GOLDMAN GRANDCHILDREN 1986 TRUST > TACS R3K,,Daniel Goldman,2023-02-24,D, NY10,House,,2023-02-27,-50.6867285696051,New York,2023-11-16,2023-01-31,2023-02-24,D,-11.255571074604697,-12.484005200872527,False,False
KO,ST,COCA-COLA COMPANY,"Tuesday, January 31, 2023",Sale,"$1,001 - $15,000",NEW, MORGAN STANLEY - SELECT UMA ACCOUNT # 1,,Josh Gottheimer,2023-02-17,D, NJ05,House,,2023-02-20,-28.2079124303875,New Jersey,2023-11-16,2023-01-31,2023-02-17,KO,0.27275449604495794,-2.6208820851305603,True,False
PLUG,ST,"PLUG POWER, INC.","Tuesday, January 31, 2023",Purchase,"$15,001 - $50,000",NEW, DANIEL GOLDMAN GRANDCHILDREN 1986 TRUST > TACS R3K,,Daniel Goldman,2023-02-24,D, NY10,House,,2023-02-27,-106.294358444171,New York,2023-11-16,2023-01-31,2023-02-24,PLUG,-19.343872671129205,-50.35873636656677,False,False
MCK,ST,MCKESSON CORPORATION,"Tuesday, January 31, 2023",Sale,"$1,001 - $15,000",NEW, MORGAN STANLEY - SELECT UMA ACCOUNT # 1,,Josh Gottheimer,2023-02-17,D, NJ05,House,,2023-02-20,15.0615184921889,New Jersey,2023-11-16,2023-01-31,2023-02-17,MCK,5.939610319343003,8.753606543174076,True,True
EL,ST,"ESTEE LAUDER COMPANIES, INC.","Tuesday, January 31, 2023",Sale,"$1,001 - $15,000",NEW, DANIEL GOLDMAN GRANDCHILDREN 1986 TRUST > TACS R3K,,Daniel Goldman,2023-02-24,D, NY10,House,,2023-02-27,-71.8138128789287,New York,2023-11-16,2023-01-31,2023-02-24,EL,7.855493367454869,13.141861284616308,True,True
MELI,ST,"MERCADOLIBRE, INC.","Tuesday, January 31, 2023",Purchase,"$1,001 - $15,000",NEW, MORGAN STANLEY - SELECT UMA ACCOUNT # 1,,Josh Gottheimer,2023-02-17,D, NJ05,House,,2023-02-20,1.03580281713212,New Jersey,2023-11-16,2023-01-31,2023-02-17,MELI,5.453235337544616,7.066448913669987,True,True
BLK,ST,"BLACKROCK, INC.","Tuesday, January 31, 2023",Sale,"$1,001 - $15,000",NEW, KEVIN HERN INSURANCE TRUST,SELL TO CLOSE.,Kevin Hern,2023-02-14,R, OK01,House,,2023-02-15,-20.1549618288108,Oklahoma,2023-11-16,2023-01-31,2023-02-14,BLK,7.318272964505024,14.915216530648578,True,True
ENPH,ST,"ENPHASE ENERGY, INC.","Tuesday, January 31, 2023",Sale,"$15,001 - $50,000",NEW, DANIEL GOLDMAN GRANDCHILDREN 1986 TRUST > TACS R3K,,Daniel Goldman,2023-02-24,D, NY10,House,,2023-02-27,-77.1966433212467,New York,2023-11-16,2023-01-31,2023-02-24,ENPH,2.0993090252539703,29.698450564756218,True,True
CELH,ST,"CELSIUS HOLDINGS, INC.","Tuesday, January 31, 2023",Sale,"$1,001 - $15,000",NEW,,,Daniel Goldman,2023-02-24,D, NY10,House,,2023-02-27,151.951428949213,New York,2023-11-16,2023-01-31,2023-02-24,CELH,3.554640602137449,-0.7814659069831587,True,False
DHR,ST,DANAHER CORPORATION,"Tuesday, January 31, 2023",Sale,"$1,001 - $15,000",NEW, KEVIN HERN INSURANCE TRUST,SELL TO CLOSE.,Kevin Hern,2023-02-14,R, OK01,House,,2023-02-15,-19.450906814222,Oklahoma,2023-11-16,2023-01-31,2023-02-14,DHR,3.2047628050599464,10.806089527069817,True,True
ADSK,ST,"AUTODESK, INC.","Tuesday, January 31, 2023",Purchase,"$1,001 - $15,000",NEW, MORGAN STANLEY IRA - X142,,Lois Frankel,2023-03-13,D, FL22,House,,2023-03-14,-7.69634846979422,Florida,2023-11-16,2023-01-31,2023-03-13,ADSK,-4.184222169871232,-10.925435360310543,False,False
EXAS,ST,EXACT SCIENCES CORPORATION,"Tuesday, January 31, 2023",Sale,"$1,001 - $15,000",NEW, KEVIN HERN INSURANCE TRUST,SELL TO CLOSE.,Kevin Hern,2023-02-14,R, OK01,House,,2023-02-15,-40.3886042714945,Oklahoma,2023-11-16,2023-01-31,2023-02-14,EXAS,4.461474784440512,8.325956398452206,True,True
MSFT,ST,MICROSOFT CORPORATION,"Monday, January 30, 2023",Sale,"$1,001 - $15,000",NEW, FIDELITY BROKERAGE ACCOUNT,,Deborah Ross,2023-02-13,D, NC02,House,,2023-02-14,43.9237441656446,North Carolina,2023-11-16,2023-01-30,2023-02-13,MSFT,-3.1189302751291392,-22.159193411290712,False,False
TSLA,ST,"TESLA, INC.","Friday, January 27, 2023",Purchase,"$1,001 - $15,000",NEW, MORGAN STANLEY - SELECT UMA ACCOUNT # 1,,Josh Gottheimer,2023-02-17,D, NJ05,House,,2023-02-20,-34.1070623468451,New Jersey,2023-11-16,2023-01-27,2023-02-17,TSLA,18.881368532121723,-11.546699344789236,True,False
META,ST,"META PLATFORMS, INC. - CLASS A","Friday, January 27, 2023",Purchase,"$1,001 - $15,000",NEW, MORGAN STANLEY - SELECT UMA ACCOUNT # 1,,Josh Gottheimer,2023-02-17,D, NJ05,House,,2023-02-20,192.980580468115,New Jersey,2023-11-16,2023-01-27,2023-02-17,META,13.900309365184892,55.62461083355124,True,True
AAPL,ST,APPLE INC.,"Friday, January 27, 2023",Sale,"$1,001 - $15,000",NEW, MORGAN STANLEY - SELECT UMA ACCOUNT # 1,,Josh Gottheimer,2023-02-17,D, NJ05,House,,2023-02-20,-7.76238431949886,New Jersey,2023-11-16,2023-01-27,2023-02-17,AAPL,-3.53339737729097,-13.812981474614961,False,False
ABBV,ST,ABBVIE INC.,"Friday, January 27, 2023",Sale,"$1,001 - $15,000",NEW, MORGAN STANLEY - SELECT UMA ACCOUNT # 1,,Josh Gottheimer,2023-02-17,D, NJ05,House,,2023-02-20,-4.4495688752475,New Jersey,2023-11-16,2023-01-27,2023-02-17,ABBV,-7.638689709811963,-0.17890159672904193,False,False
SPGI,ST,S&P GLOBAL INC.,"Friday, January 27, 2023",Sale,"$15,001 - $50,000",NEW, STATE STREET BANK & TRUST CO.,,Thomas H. Kean,2023-02-11,R, NJ07,House,,2023-02-13,-12.816484177707,New Jersey,2023-11-16,2023-01-27,2023-02-11,SPGI,6.368264709372651,6.361491947360043,True,True
AMGN,ST,AMGEN INC.,"Friday, January 27, 2023",Sale,"$1,001 - $15,000",NEW, MORGAN STANLEY - SELECT UMA ACCOUNT # 1,,Josh Gottheimer,2023-02-17,D, NJ05,House,,2023-02-20,-20.0515809752083,New Jersey,2023-11-16,2023-01-27,2023-02-17,AMGN,5.399758457755177,6.8390601872277745,True,True
SYK,ST,STRYKER CORPORATION,"Friday, January 27, 2023",Sale,"$15,001 - $50,000",NEW, STATE STREET BANK & TRUST CO.,,Thomas H. Kean,2023-02-11,R, NJ07,House,,2023-02-13,12.5285024138349,New Jersey,2023-11-16,2023-01-27,2023-02-11,SYK,-5.494271419379859,-15.7392486855384,False,False
GOOG,ST,ALPHABET INC. - CLASS C CAPITAL STOCK,"Friday, January 27, 2023",Sale,"$1,001 - $15,000",NEW, MORGAN STANLEY - SELECT UMA ACCOUNT # 1,,Josh Gottheimer,2023-02-17,D, NJ05,House,,2023-02-20,15.1157340449787,New Jersey,2023-11-16,2023-01-27,2023-02-17,GOOG,8.365474748475544,-6.014328233549082,True,False
COF,ST,CAPITAL ONE FINANCIAL CORPORATION,"Friday, January 27, 2023",Purchase,"$1,001 - $15,000",NEW, MORGAN STANLEY - SELECT UMA ACCOUNT # 1,,Josh Gottheimer,2023-02-17,D, NJ05,House,,2023-02-20,-10.7687637887299,New Jersey,2023-11-16,2023-01-27,2023-02-17,COF,-5.101921287009004,-19.953642299187045,False,False
HUBS,ST,"HUBSPOT, INC.","Friday, January 27, 2023",Purchase,"$1,001 - $15,000",NEW, MORGAN STANLEY - SELECT UMA ACCOUNT # 1,,Josh Gottheimer,2023-02-17,D, NJ05,House,,2023-02-20,41.4600078372702,New Jersey,2023-11-16,2023-01-27,2023-02-17,HUBS,10.457539692876438,17.98529754700613,True,True
AON,ST,AON PLC CLASS A ORDINARY SHARES,"Friday, January 27, 2023",Sale,"$15,001 - $50,000",NEW, STATE STREET BANK & TRUST CO.,,Thomas H. Kean,2023-02-11,R, NJ07,House,,2023-02-13,-26.1490625978861,New Jersey,2023-11-16,2023-01-27,2023-02-11,AON,3.0635943849793623,-2.6551163603316663,True,False
ALGN,ST,"ALIGN TECHNOLOGY, INC.","Friday, January 27, 2023",Purchase,"$1,001 - $15,000",NEW, MORGAN STANLEY - SELECT UMA ACCOUNT # 1,,Josh Gottheimer,2023-02-17,D, NJ05,House,,2023-02-20,-9.28005842875496,New Jersey,2023-11-16,2023-01-27,2023-02-17,ALGN,15.334659477937285,16.435814694729856,True,True
MSFT,ST,MICROSOFT CORPORATION,"Friday, January 27, 2023",Sale,"$1,001 - $15,000",NEW, MORGAN STANLEY - SELECT UMA ACCOUNT # 1,,Josh Gottheimer,2023-02-17,D, NJ05,House,,2023-02-20,41.751055083785,New Jersey,2023-11-16,2023-01-27,2023-02-17,MSFT,-2.975657677884058,-21.24439338713453,False,False
BX,ST,BLACKSTONE INC.,"Friday, January 27, 2023",Purchase,"$1,001 - $15,000",NEW, MORGAN STANLEY - SELECT UMA ACCOUNT # 1,,Josh Gottheimer,2023-02-17,D, NJ05,House,,2023-02-20,4.31522695058569,New Jersey,2023-11-16,2023-01-27,2023-02-17,BX,-4.016378982259772,-10.688273312897467,False,False
JNJ,ST,JOHNSON & JOHNSON,"Friday, January 27, 2023",Sale,"$15,001 - $50,000",NEW, STATE STREET BANK & TRUST CO.,,Thomas H. Kean,2023-02-11,R, NJ07,House,,2023-02-13,-32.0259394349024,New Jersey,2023-11-16,2023-01-27,2023-02-11,JNJ,5.32001489613868,4.700509518857688,True,True
LLY,ST,ELI LILLY AND COMPANY,"Friday, January 27, 2023",Sale,"$1,001 - $15,000",NEW, MORGAN STANLEY - SELECT UMA ACCOUNT # 1,,Josh Gottheimer,2023-02-17,D, NJ05,House,,2023-02-20,94.401108674353,New Jersey,2023-11-16,2023-01-27,2023-02-17,LLY,5.2783916321498925,-12.51238999758122,True,False
SQ,ST,"BLOCK, INC. CLASS A COMMON STOCK,","Friday, January 27, 2023",Purchase,"$1,001 - $15,000",NEW, MORGAN STANLEY - SELECT UMA ACCOUNT # 1,,Josh Gottheimer,2023-02-17,D, NJ05,House,,2023-02-20,-30.4179539857967,New Jersey,2023-11-16,2023-01-27,2023-02-17,SQ,-8.196493997750398,-29.32637346538356,False,False
ET,ST,ENERGY TRANSFER LP COMMON UNITS,"Thursday, January 26, 2023",Sale,"$15,001 - $50,000",NEW, EQUITABLE RETIREMENT ACCOUNT,,Mark Dr Green,2023-02-05,R, TN07,House,,2023-02-06,-12.7817094951922,Tennessee,2023-11-16,2023-01-26,2023-02-05,ET,3.5558216661076614,7.446210921680974,True,True
WMT,ST,WALMART INC.,"Monday, January 23, 2023",Sale,"$1,001 - $15,000",NEW,,,Shri Thanedar,2023-02-09,D, MI13,House,,2023-02-10,-0.0496420553355925,Michigan,2023-11-16,2023-01-23,2023-02-09,WMT,-1.8371686803934195,-4.178476553434307,False,False
SHOP,ST,SHOPIFY INC. CLASS A SUBORDINATE VOTING SHARES,"Monday, January 23, 2023",Purchase,"$1,001 - $15,000",NEW, MORGAN STANLEY - SELECT UMA ACCOUNT # 1,,Josh Gottheimer,2023-02-17,D, NJ05,House,,2023-02-20,47.5101150408414,New Jersey,2023-11-16,2023-01-23,2023-02-17,SHOP,-3.848580752637709,6.120930656819268,False,True
BX,ST,BLACKSTONE INC.,"Monday, January 23, 2023",Sale,"$50,001",,,,Shri Thanedar,2023-02-09,D, MI13,House,,2023-02-10,14.614696769871,Michigan,2023-11-16,2023-01-23,2023-02-09,BX,-4.210845099667104,2.0168410906726164,False,True
AXP,ST,AMERICAN EXPRESS COMPANY,"Monday, January 23, 2023",Sale,"$1,001 - $15,000",NEW,,,Shri Thanedar,2023-02-09,D, MI13,House,,2023-02-10,14.1856048552957,Michigan,2023-11-16,2023-01-23,2023-02-09,AXP,-14.157013160587361,-1.3629114115938368,False,False
TSLA,ST,"TESLA, INC.","Monday, January 23, 2023",Sale,"$1,001 - $15,000",NEW,,,Shri Thanedar,2023-02-09,D, MI13,House,,2023-02-10,-13.8837119148906,Michigan,2023-11-16,2023-01-23,2023-02-09,TSLA,-40.444152777456154,-10.161956002893335,False,False
SBUX,ST,STARBUCKS CORPORATION,"Monday, January 23, 2023",Sale,"$1,001 - $15,000",NEW,,,Shri Thanedar,2023-02-09,D, MI13,House,,2023-02-10,-42.8207706541397,Michigan,2023-11-16,2023-01-23,2023-02-09,SBUX,0.6403501478357665,0.016389978425634943,True,True
AXP,ST,AMERICAN EXPRESS COMPANY,"Monday, January 23, 2023",Sale,"$1,001 - $15,000",NEW,,,Shri Thanedar,2023-02-09,D, MI13,House,,2023-02-10,14.1856048552957,Michigan,2023-11-16,2023-01-23,2023-02-09,AXP,-14.157013160587361,-1.3629114115938368,False,False
ET,ST,ENERGY TRANSFER LP COMMON UNITS,"Monday, January 23, 2023",Sale,"$15,001 - $50,000",NEW, EQUITABLE RETIREMENT ACCOUNT,,Mark Dr Green,2023-01-30,R, TN07,House,,2023-01-31,-9.76223746379947,Tennessee,2023-11-16,2023-01-23,2023-01-30,ET,-0.6385909919588206,5.375958356804011,False,True
TSLA,ST,"TESLA, INC.","Monday, January 23, 2023",Sale,"$1,001 - $15,000",NEW,,,Shri Thanedar,2023-02-09,D, MI13,House,,2023-02-10,-13.8837119148906,Michigan,2023-11-16,2023-01-23,2023-02-09,TSLA,-40.444152777456154,-10.161956002893335,False,False
ALGM,ST,"ALLEGRO MICROSYSTEMS, INC.","Monday, January 23, 2023",Purchase,"$1,001 - $15,000",NEW, MORGAN STANLEY - SELECT UMA ACCOUNT # 1,,Josh Gottheimer,2023-02-17,D, NJ05,House,,2023-02-20,-45.434695896584,New Jersey,2023-11-16,2023-01-23,2023-02-17,ALGM,29.42359869550052,20.080112738876977,True,True
AME,ST,"AMETEK, INC.","Monday, January 23, 2023",Purchase,"$15,001 - $50,000",NEW, MORGAN STANLEY TRUST ACCOUNT,,Jonathan Jackson,2023-05-12,D, IL01,House,,2023-05-15,-0.778843139910741,Illinois,2023-11-16,2023-01-23,2023-05-12,AME,0.21912206334606665,-6.64227813073629,True,False
AXP,ST,AMERICAN EXPRESS COMPANY,"Monday, January 23, 2023",Sale,"$50,001 - $100,000",NEW,,,Shri Thanedar,2023-02-09,D, MI13,House,,2023-02-10,14.1856048552957,Michigan,2023-11-16,2023-01-23,2023-02-09,AXP,-14.157013160587361,-1.3629114115938368,False,False
SBUX,ST,STARBUCKS CORPORATION,"Monday, January 23, 2023",Sale,"$15,001 - $50,000",NEW,,,Shri Thanedar,2023-02-09,D, MI13,House,,2023-02-10,-42.8207706541397,Michigan,2023-11-16,2023-01-23,2023-02-09,SBUX,0.6403501478357665,0.016389978425634943,True,True
WMT,ST,WALMART INC.,"Monday, January 23, 2023",Sale,"$1,001 - $15,000",NEW,,,Shri Thanedar,2023-02-09,D, MI13,House,,2023-02-10,-0.0496420553355925,Michigan,2023-11-16,2023-01-23,2023-02-09,WMT,-1.8371686803934195,-4.178476553434307,False,False
SBUX,ST,STARBUCKS CORPORATION,"Monday, January 23, 2023",Sale,"$1,001 - $15,000",NEW,,,Shri Thanedar,2023-02-09,D, MI13,House,,2023-02-10,-42.8207706541397,Michigan,2023-11-16,2023-01-23,2023-02-09,SBUX,0.6403501478357665,0.016389978425634943,True,True
WDAY,ST,"WORKDAY, INC. - CLASS A","Monday, January 23, 2023",Purchase,"$1,001 - $15,000",NEW, MORGAN STANLEY - SELECT UMA ACCOUNT # 1,,Josh Gottheimer,2023-02-17,D, NJ05,House,,2023-02-20,24.3831012318433,New Jersey,2023-11-16,2023-01-23,2023-02-17,WDAY,5.215826689367031,4.2593457835169435,True,True
NFLX,ST,"NETFLIX, INC.","Friday, January 20, 2023",Purchase,"$1,001 - $15,000",NEW, MORGAN STANLEY - SELECT UMA ACCOUNT # 1,,Josh Gottheimer,2023-02-17,D, NJ05,House,,2023-02-20,47.6726884557702,New Jersey,2023-11-16,2023-01-20,2023-02-17,NFLX,-2.0823666700064525,-8.963890257010265,False,False
RBLX,OP,ROBLOX CORPORATION CLASS A,"Friday, January 20, 2023",Sale,$1.00 - $100,NEW,,100 CALL OPTIONS PURCHASED 12/20/21 WITH A STRIKE PRICE OF $100 AND AN EXPIRATION DATE OF 1/20/23 EXPIRED,Nancy Pelosi,2023-01-25,D, CA11,House,,2023-01-26,-18.3164629060863,California,2023-11-16,2023-01-20,2023-01-25,RBLX,-5.539161282867955,-12.804289441727335,False,False
MA,ST,MASTERCARD INCORPORATED,"Friday, January 20, 2023",Purchase,"$1,001 - $15,000",NEW,,,Josh Gottheimer,2023-02-17,D, NJ05,House,,2023-02-20,-2.77021933381653,New Jersey,2023-11-16,2023-01-20,2023-02-17,MA,-6.022748487803897,-4.29676465785811,False,False
IBM,ST,INTERNATIONAL BUSINESS MACHINES CORPORATION,"Friday, January 20, 2023",Sale,"$1,001 - $15,000",NEW, MORGAN STANLEY - SELECT UMA ACCOUNT # 1,,Josh Gottheimer,2023-02-17,D, NJ05,House,,2023-02-20,6.09211526663018,New Jersey,2023-11-16,2023-01-20,2023-02-17,IBM,7.343469057307573,14.466505416738961,True,True
EXAS,ST,EXACT SCIENCES CORPORATION,"Friday, January 20, 2023",Purchase,"$1,001 - $15,000",NEW, MORGAN STANLEY - SELECT UMA ACCOUNT # 1,,Josh Gottheimer,2023-02-17,D, NJ05,House,,2023-02-20,-44.6450192546254,New Jersey,2023-11-16,2023-01-20,2023-02-17,EXAS,-10.837967283100081,-6.741293681191918,False,False
ABBV,ST,ABBVIE INC.,"Friday, January 20, 2023",Sale,"$1,001 - $15,000",NEW, MORGAN STANLEY - SELECT UMA ACCOUNT # 1,,Josh Gottheimer,2023-02-17,D, NJ05,House,,2023-02-20,-10.3148896592039,New Jersey,2023-11-16,2023-01-20,2023-02-17,ABBV,-0.9885600908375647,-4.165614231961978,False,False
KO,ST,COCA-COLA COMPANY,"Friday, January 20, 2023",Sale,"$1,001 - $15,000",NEW, MORGAN STANLEY - SELECT UMA ACCOUNT # 1,,Josh Gottheimer,2023-02-17,D, NJ05,House,,2023-02-20,-29.5594710979149,New Jersey,2023-11-16,2023-01-20,2023-02-17,KO,1.088562231740331,-2.5014583880841323,True,False
SQ,ST,"BLOCK, INC. CLASS A COMMON STOCK,","Friday, January 20, 2023",Purchase,"$1,001 - $15,000",NEW, MORGAN STANLEY - SELECT UMA ACCOUNT # 1,,Josh Gottheimer,2023-02-17,D, NJ05,House,,2023-02-20,-23.9613505247855,New Jersey,2023-11-16,2023-01-20,2023-02-17,SQ,-6.150357339535373,-22.07634380390253,False,False
FMAO,ST,"FARMERS & MERCHANTS BANCORP, INC.","Friday, January 20, 2023",Purchase,"$1,001 - $15,000",NEW,,DIVIDEND REINVESTMENT,Robert E. Latta,2023-02-05,R, OH05,House,,2023-02-06,-59.4152608625055,Ohio,2023-11-16,2023-01-20,2023-02-05,FMAO,-6.176088509691635,-19.6917300145678,False,False
AAPL,ST,APPLE INC.,"Friday, January 20, 2023",Sale,"$1,001 - $15,000",NEW, MORGAN STANLEY - SELECT UMA ACCOUNT # 1,,Josh Gottheimer,2023-02-17,D, NJ05,House,,2023-02-20,-4.02167844756995,New Jersey,2023-11-16,2023-01-20,2023-02-17,AAPL,-7.073143387325098,-16.918144156067783,False,False
GOOG,ST,ALPHABET INC. - CLASS C CAPITAL STOCK,"Friday, January 20, 2023",Purchase,"$1,001 - $15,000",NEW, MORGAN STANLEY - SELECT UMA ACCOUNT # 1,,Josh Gottheimer,2023-02-17,D, NJ05,House,,2023-02-20,13.9744659250821,New Jersey,2023-11-16,2023-01-20,2023-02-17,GOOG,-7.90494196285747,2.7114197491234115,False,True
DIS,ST,WALT DISNEY COMPANY,"Friday, January 20, 2023",Sale,"$15,001 - $50,000",NEW,,,Michael C. Burgess,2023-02-09,R, TX26,House,,2023-02-10,-21.0414250652318,Texas,2023-11-16,2023-01-20,2023-02-09,DIS,1.9657741300412424,9.184659532231333,True,True
SCHW,ST,CHARLES SCHWAB CORPORATION,"Wednesday, January 18, 2023",Purchase,"$1,001 - $15,000",NEW, MORGAN STANLEY - SELECT UMA ACCOUNT # 1,,Josh Gottheimer,2023-02-17,D, NJ05,House,,2023-02-20,-48.2773626873715,New Jersey,2023-11-16,2023-01-18,2023-02-17,SCHW,-5.12628386984778,-39.397187157309276,False,False
RIO,Stock,Rio Tinto Plc,"Wednesday, January 18, 2023",Sale (Full),"$1,001 - $15,000",New,,,"Carper, Thomas R.",2023-02-02,D,,Senate,,2023-02-02,-49.2688910225426,Delaware,2023-08-28,2023-01-18,2023-02-02,RIO,6.38919926802094,13.59287044997961,True,True
TTWO,ST,"TAKE-TWO INTERACTIVE SOFTWARE, INC.","Wednesday, January 18, 2023",Purchase,"$1,001 - $15,000",NEW, KEAN FAMILY PARTNERSHIP,,Thomas H. Kean,2023-02-11,R, NJ07,House,,2023-02-13,8.76432933432233,New Jersey,2023-11-16,2023-01-18,2023-02-11,TTWO,5.1764390500129265,14.679523748824618,True,True
CLF,Stock,Cleveland-Cliffs Inc. Common Stock,"Wednesday, January 18, 2023",Purchase,"$100,001 - $250,000",New,,,"Tuberville, Tommy",2023-02-14,R,,Senate,,2023-02-14,-35.3814943335435,Alabama,2023-08-28,2023-01-18,2023-02-14,CLF,-8.259628617966651,-22.869238515531176,False,False
CLF,Stock Option,Cleveland-Cliffs Inc. Common Stock,"Wednesday, January 18, 2023",Sale (Partial),"$1,001 - $15,000",New,,Option Type: Put Strike price: $19.00  Expires: 07/21/2023,"Tuberville, Tommy",2023-02-14,R,,Senate,,2023-02-14,-35.3814943335435,Alabama,2023-08-28,2023-01-18,2023-02-14,CLF,8.259628617966651,22.869238515531176,True,True
ABNB,ST,"AIRBNB, INC. - CLASS A","Wednesday, January 18, 2023",Purchase,"$1,001 - $15,000",NEW, BILL'S IRA,,William R. Keating,2023-01-30,D, MA09,House,,2023-01-31,28.2201455924964,Massachusetts,2023-11-16,2023-01-18,2023-01-30,ABNB,26.33152619102099,12.12895761794095,True,True
CLF,Stock Option,Cleveland-Cliffs Inc. Common Stock,"Wednesday, January 18, 2023",Sale (Partial),"$1,001 - $15,000",New,,Option Type: Call Strike price: $23.00  Expires: 07/21/2023,"Tuberville, Tommy",2023-02-14,R,,Senate,,2023-02-14,-35.3814943335435,Alabama,2023-08-28,2023-01-18,2023-02-14,CLF,8.259628617966651,22.869238515531176,True,True
ADP,ST,"AUTOMATIC DATA PROCESSING, INC.","Tuesday, January 17, 2023",Sale,"$1,001 - $15,000",NEW, MORGAN STANLEY - SELECT UMA ACCOUNT # 1,,Josh Gottheimer,2023-02-17,D, NJ05,House,,2023-02-20,-26.2913359734393,New Jersey,2023-11-16,2023-01-17,2023-02-17,ADP,6.419322748186462,11.881658058874944,True,True
DE,ST,DEERE & COMPANY,"Tuesday, January 17, 2023",Purchase,"$15,001 - $50,000",NEW, MORGAN STANLEY TRUST ACCOUNT,,Jonathan Jackson,2023-05-12,D, IL01,House,,2023-05-15,-41.0419112503103,Illinois,2023-11-16,2023-01-17,2023-05-12,DE,-10.533619313704978,-14.693310296747564,False,False
UNH,ST,UNITEDHEALTH GROUP INCORPORATED COMMON STOCK,"Tuesday, January 17, 2023",Sale,"$1,001 - $15,000",NEW, MORGAN STANLEY - SELECT UMA ACCOUNT # 1,,Josh Gottheimer,2023-02-17,D, NJ05,House,,2023-02-20,-27.3506140603734,New Jersey,2023-11-16,2023-01-17,2023-02-17,UNH,2.0236567565640184,-0.16087608738954984,True,False
MELI,ST,"MERCADOLIBRE, INC.","Tuesday, January 17, 2023",Purchase,"$1,001 - $15,000",NEW, MORGAN STANLEY - SELECT UMA ACCOUNT # 1,,Josh Gottheimer,2023-02-17,D, NJ05,House,,2023-02-20,11.6071974654641,New Jersey,2023-11-16,2023-01-17,2023-02-17,MELI,2.1476288623782036,18.855076054419094,True,True
MO,ST,"ALTRIA GROUP, INC.","Tuesday, January 17, 2023",Purchase,"$1,001 - $15,000",NEW,,,Virginia Foxx,2023-02-03,R, NC05,House,,2023-02-06,-31.3904342158683,North Carolina,2023-11-16,2023-01-17,2023-02-03,MO,2.468520608722291,-3.397805215343297,True,False
SHOP,ST,SHOPIFY INC. CLASS A SUBORDINATE VOTING SHARES,"Tuesday, January 17, 2023",Purchase,"$1,001 - $15,000",NEW, MORGAN STANLEY - SELECT UMA ACCOUNT # 1,,Josh Gottheimer,2023-02-17,D, NJ05,House,,2023-02-20,64.4375617130085,New Jersey,2023-11-16,2023-01-17,2023-02-17,SHOP,9.839541644218851,17.34286264554199,True,True
SOMMY,ST,SUMITOMO CHEMICAL CO LTD UNSPONSORED ADR,"Friday, January 13, 2023",Purchase,"$1,001 - $15,000",NEW, DANIEL GOLDMAN GRANDCHILDREN 1986 TRUST > TLH ADR,,Daniel Goldman,2023-02-24,D, NY10,House,,2023-02-27,-68.2825890908438,New York,2023-11-16,2023-01-13,2023-02-24,SOMMY,-6.414695317535757,-7.89826758277663,False,False
CRM,ST,"SALESFORCE, INC.","Friday, January 13, 2023",Purchase,"$1,001 - $15,000",NEW, MORGAN STANLEY - SELECT UMA ACCOUNT # 1,,Josh Gottheimer,2023-02-17,D, NJ05,House,,2023-02-20,68.5257024698068,New Jersey,2023-11-16,2023-01-13,2023-02-17,CRM,10.971347857684943,26.09150454069862,True,True
ALPMY,ST,ASTELLAS PHARMA INC UNSPONSORED ADR,"Friday, January 13, 2023",Sale,"$1,001 - $15,000",NEW, DANIEL GOLDMAN GRANDCHILDREN 1986 TRUST > TLH ADR,,Daniel Goldman,2023-02-24,D, NY10,House,,2023-02-27,-54.294975950653,New York,2023-11-16,2023-01-13,2023-02-24,ALPMY,4.071382315109451,3.7474880111697972,True,True
SVNDY,ST,SEVEN & I HOLDINGS CO LTD UNSPONSORED ADR,"Friday, January 13, 2023",Purchase,"$1,001 - $15,000",NEW, DANIEL GOLDMAN GRANDCHILDREN 1986 TRUST > TLH ADR,,Daniel Goldman,2023-02-24,D, NY10,House,,2023-02-27,-68.2365856273514,New York,2023-11-16,2023-01-13,2023-02-24,SVNDY,-6.983718355433444,-12.078917181382632,False,False
TRYIY,ST,TORAY INDUSTRIES INC ADR,"Friday, January 13, 2023",Purchase,"$1,001 - $15,000",NEW, DANIEL GOLDMAN GRANDCHILDREN 1986 TRUST > TLH ADR,,Daniel Goldman,2023-02-24,D, NY10,House,,2023-02-27,-42.9281309423526,New York,2023-11-16,2023-01-13,2023-02-24,TRYIY,-0.34190373053257783,-4.7467016542361185,False,False
KNBWY,ST,"KIRIN HOLDINGS COMPANY, LIMITED SPONSORED ADR","Friday, January 13, 2023",Purchase,"$1,001 - $15,000",NEW,,,Daniel Goldman,2023-02-24,D, NY10,House,,2023-02-27,-34.3185664070907,New York,2023-11-16,2023-01-13,2023-02-24,KNBWY,1.5173305117791358,2.90693138606426,True,True
RHHBY,ST,ROCHE HOLDINGS AG BASEL AMERICAN DEPOSITARY SHARES,"Friday, January 13, 2023",Purchase,"$15,001 - $50,000",NEW, DANIEL GOLDMAN GRANDCHILDREN 1986 TRUST > TLH ADR,,Daniel Goldman,2023-02-24,D, NY10,House,,2023-02-27,-45.557774176951,New York,2023-11-16,2023-01-13,2023-02-24,RHHBY,-7.209272193848005,-4.744270812711493,False,False
GVDNY,ST,GIVAUDAN SA UNSPONSORED ADR,"Friday, January 13, 2023",Sale,"$1,001 - $15,000",NEW, DANIEL GOLDMAN GRANDCHILDREN 1986 TRUST > TLH ADR,,Daniel Goldman,2023-02-24,D, NY10,House,,2023-02-27,12.6177962893527,New York,2023-11-16,2023-01-13,2023-02-24,GVDNY,6.32489629139612,-4.1062671977173615,True,False
WJRYY,ST,WEST JAPAN RAILWAY CO UNSPONSORED ADR,"Friday, January 13, 2023",Purchase,"$1,001 - $15,000",NEW, DANIEL GOLDMAN GRANDCHILDREN 1986 TRUST > TLH ADR,,Daniel Goldman,2023-02-24,D, NY10,House,,2023-02-27,-24.6123175215095,New York,2023-11-16,2023-01-13,2023-02-24,WJRYY,-7.973933368812636,-1.0595240588628707,False,False
FANUY,ST,FANUC CORPORATION UNSPONSORED ADR,"Friday, January 13, 2023",Purchase,"$1,001 - $15,000",NEW, DANIEL GOLDMAN GRANDCHILDREN 1986 TRUST > TLH ADR,,Daniel Goldman,2023-02-24,D, NY10,House,,2023-02-27,-39.1673743549894,New York,2023-11-16,2023-01-13,2023-02-24,FANUY,3.272609495396428,3.0493086944642034,True,True
UL,ST,UNILEVER PLC,"Friday, January 13, 2023",Purchase,"$15,001 - $50,000",NEW, DANIEL GOLDMAN GRANDCHILDREN 1986 TRUST > TLH ADR,,Daniel Goldman,2023-02-24,D, NY10,House,,2023-02-27,-33.1974147155908,New York,2023-11-16,2023-01-13,2023-02-24,UL,-2.580979086084212,1.5114302217906772,False,True
SSDOY,ST,SHISEIDO CO LTD ORD AMERICAN DEPOSITARY SHARES,"Friday, January 13, 2023",Purchase,"$1,001 - $15,000",NEW, DANIEL GOLDMAN GRANDCHILDREN 1986 TRUST > TLH ADR,,Daniel Goldman,2023-02-24,D, NY10,House,,2023-02-27,-71.4873734632286,New York,2023-11-16,2023-01-13,2023-02-24,SSDOY,-5.566605971883753,-2.339529774348592,False,False
DNTUY,ST,DENTSU INC TOKYO UNSPONSORED ADR,"Friday, January 13, 2023",Purchase,"$1,001 - $15,000",NEW, DANIEL GOLDMAN GRANDCHILDREN 1986 TRUST > TLH ADR,,Daniel Goldman,2023-02-24,D, NY10,House,,2023-02-27,-43.3766300792096,New York,2023-11-16,2023-01-13,2023-02-24,DNTUY,-3.8953506978585795,9.633314013471828,False,True
HLN,ST,HALEON PLC AMERICAN DEPOSITARY SHARES,"Friday, January 13, 2023",Purchase,"$1,001 - $15,000",NEW, DANIEL GOLDMAN GRANDCHILDREN 1986 TRUST > TLH ADR,,Daniel Goldman,2023-02-24,D, NY10,House,,2023-02-27,-24.3323773535695,New York,2023-11-16,2023-01-13,2023-02-24,HLN,-1.2029662873275448,5.832806007118885,False,True
KDDIY,ST,KDDI CORPORATION UNSPONSORED ADR,"Friday, January 13, 2023",Purchase,"$1,001 - $15,000",NEW, DANIEL GOLDMAN GRANDCHILDREN 1986 TRUST > TLH ADR,,Daniel Goldman,2023-02-24,D, NY10,House,,2023-02-27,-28.469571317935,New York,2023-11-16,2023-01-13,2023-02-24,KDDIY,-3.9845365092762375,-3.084241308833091,False,False
MSADY,ST,"MS&AD INSURANCE GROUP HOLDINGS, INC. UNSPONSORED ADR","Friday, January 13, 2023",Purchase,"$1,001 - $15,000",NEW, DANIEL GOLDMAN GRANDCHILDREN 1986 TRUST > TLH ADR,,Daniel Goldman,2023-02-24,D, NY10,House,,2023-02-27,30.5878788963291,New York,2023-11-16,2023-01-13,2023-02-24,MSADY,-2.035153072940643,-4.605588388784543,False,False
AJINY,ST,"AJINOMOTO COMPANY, INC. AMERICAN DEPOSITARY SHARES","Friday, January 13, 2023",Purchase,"$1,001 - $15,000",NEW, DANIEL GOLDMAN GRANDCHILDREN 1986 TRUST > TLH ADR,,Daniel Goldman,2023-02-24,D, NY10,House,,2023-02-27,-13.8155607615843,New York,2023-11-16,2023-01-13,2023-02-24,AJINY,-5.188774030970345,11.596902561119094,False,True
AAPL,ST,APPLE INC.,"Friday, January 13, 2023",Sale,"$1,001 - $15,000",NEW, MORGAN STANLEY - SELECT UMA ACCOUNT # 1,,Josh Gottheimer,2023-02-17,D, NJ05,House,,2023-02-20,-0.242993584677571,New Jersey,2023-11-16,2023-01-13,2023-02-17,AAPL,-10.71014759822122,-19.176362924038393,False,False
BAYRY,ST,BAYER AKTIENGESELLSCHAFT AMERICAN DEPOSITARY SHARES,"Friday, January 13, 2023",Purchase,"$1,001 - $15,000",NEW, DANIEL GOLDMAN GRANDCHILDREN 1986 TRUST > TLH ADR,,Daniel Goldman,2023-02-24,D, NY10,House,,2023-02-27,-82.5974732974904,New York,2023-11-16,2023-01-13,2023-02-24,BAYRY,-0.6370828597726863,4.712972254528891,False,True
STBFY,ST,SUNTORY BEVERAGE & FOOD LTD AMERICAN DEPOSITARY SHARES,"Friday, January 13, 2023",Purchase,"$1,001 - $15,000",NEW, DANIEL GOLDMAN GRANDCHILDREN 1986 TRUST > TLH ADR,,Daniel Goldman,2023-02-24,D, NY10,House,,2023-02-27,-31.8097061144002,New York,2023-11-16,2023-01-13,2023-02-24,STBFY,-1.109219585129484,9.317301325050265,False,True
KO,ST,COCA-COLA COMPANY,"Friday, January 13, 2023",Sale,"$1,001 - $15,000",NEW, MORGAN STANLEY - SELECT UMA ACCOUNT # 1,,Josh Gottheimer,2023-02-17,D, NJ05,House,,2023-02-20,-30.8605807463421,New Jersey,2023-11-16,2023-01-13,2023-02-17,KO,4.806920534401604,0.8791501338203167,True,True
DEO,ST,DIAGEO PLC,"Friday, January 13, 2023",Purchase,"$15,001 - $50,000",NEW, DANIEL GOLDMAN GRANDCHILDREN 1986 TRUST > TLH ADR,,Daniel Goldman,2023-02-24,D, NY10,House,,2023-02-27,-47.1682334558325,New York,2023-11-16,2023-01-13,2023-02-24,DEO,-8.286311697171843,-1.1028161615791898,False,False
CLF,Stock Option,Cleveland-Cliffs Inc. Common Stock,"Thursday, January 12, 2023",Sale (Partial),"$1,001 - $15,000",New,,Option Type: Put Strike price: $20.00  Expires: 06/16/2023,"Tuberville, Tommy",2023-02-14,R,,Senate,,2023-02-14,-34.2914742668039,Alabama,2023-08-28,2023-01-12,2023-02-14,CLF,7.64917962523638,16.463043199439053,True,True
MA,ST,MASTERCARD INCORPORATED,"Thursday, January 12, 2023",Purchase,"$1,001 - $15,000",NEW, MORGAN STANLEY - SELECT UMA ACCOUNT # 1,,Josh Gottheimer,2023-02-17,D, NJ05,House,,2023-02-20,-3.55586722883515,New Jersey,2023-11-16,2023-01-12,2023-02-17,MA,-6.233622968133812,-7.478100749550776,False,False
ROK,ST,"ROCKWELL AUTOMATION, INC.","Thursday, January 12, 2023",Purchase,"$1,001 - $15,000",NEW, MORGAN STANLEY - SELECT UMA ACCOUNT # 1,,Josh Gottheimer,2023-02-17,D, NJ05,House,,2023-02-20,-29.0252661137047,New Jersey,2023-11-16,2023-01-12,2023-02-17,ROK,0.529996761359075,-2.834046163953907,True,False
CSCO,ST,"CISCO SYSTEMS, INC.","Wednesday, January 11, 2023",Sale,"$1,001 - $15,000",NEW, MORGAN STANLEY - SELECT UMA ACCOUNT # 1,,Josh Gottheimer,2023-02-17,D, NJ05,House,,2023-02-20,-29.8880160434997,New Jersey,2023-11-16,2023-01-11,2023-02-17,CSCO,7.006990524441936,0.6446455617465263,True,True
AMT,Stock,American Tower Corporation (REIT) Common Stock,"Wednesday, January 11, 2023",Purchase,"$1,001 - $15,000",New,,,"Carper, Thomas R.",2023-02-02,D,,Senate,,2023-02-02,-42.8119244753125,Delaware,2023-08-28,2023-01-11,2023-02-02,AMT,-8.0417469113374,-11.286521279226314,False,False
AAPL,Stock Option,Apple Inc. - Common Stock,"Wednesday, January 11, 2023",Sale (Partial),"$1,001 - $15,000",New,,Option Type: Put Strike price: $125.00  Expires: 09/15/2023,"Tuberville, Tommy",2023-02-14,R,,Senate,,2023-02-14,-0.0059688429858937,Alabama,2023-08-28,2023-01-11,2023-02-14,AAPL,-10.08019017538697,-16.948542045881698,False,False
MNST,ST,MONSTER BEVERAGE CORPORATION,"Wednesday, January 11, 2023",Purchase,"$1,001 - $15,000",NEW, MORGAN STANLEY - SELECT UMA ACCOUNT # 1,,Josh Gottheimer,2023-02-17,D, NJ05,House,,2023-02-20,-10.4282796147501,New Jersey,2023-11-16,2023-01-11,2023-02-17,MNST,-1.952826342192604,-0.6876183827432936,False,False
FIS,ST,"FIDELITY NATIONAL INFORMATION SERVICES, INC.","Wednesday, January 11, 2023",Purchase,"$1,001 - $15,000",NEW, MORGAN STANLEY - SELECT UMA ACCOUNT # 1,,Josh Gottheimer,2023-02-17,D, NJ05,House,,2023-02-20,-29.822840597054,New Jersey,2023-11-16,2023-01-11,2023-02-17,FIS,5.534861695431892,-22.899582611185608,True,False
PFE,ST,"PFIZER, INC.","Wednesday, January 11, 2023",Sale,"$1,001 - $15,000",NEW, CP-ROTH,,Michael Patrick Guest,2023-02-24,R, MS03,House,,2023-02-27,-70.4359912273797,Mississippi,2023-11-16,2023-01-11,2023-02-24,PFE,10.568088077997794,15.438261704908419,True,True
BLK,ST,"BLACKROCK, INC.","Wednesday, January 11, 2023",Sale,"$1,001 - $15,000",NEW, MORGAN STANLEY - SELECT UMA ACCOUNT # 1,,Josh Gottheimer,2023-02-17,D, NJ05,House,,2023-02-20,-23.154352490401,New Jersey,2023-11-16,2023-01-11,2023-02-17,BLK,7.331866958583333,14.918530225561211,True,True
MRK,ST,"MERCK & COMPANY, INC. COMMON STOCK","Wednesday, January 11, 2023",Sale,"$1,001 - $15,000",NEW, MORGAN STANLEY - SELECT UMA ACCOUNT # 1,,Josh Gottheimer,2023-02-17,D, NJ05,House,,2023-02-20,-19.9105448628044,New Jersey,2023-11-16,2023-01-11,2023-02-17,MRK,5.295212488901003,2.231445201325921,True,True
CVS,Stock,CVS Health Corporation Common Stock,"Wednesday, January 11, 2023",Sale (Partial),"$1,001 - $15,000",New,,,"Carper, Thomas R.",2023-02-02,D,,Senate,,2023-02-02,-43.0794716832767,Delaware,2023-08-28,2023-01-11,2023-02-02,CVS,3.1446541457649246,18.507130055895882,True,True
IBM,ST,INTERNATIONAL BUSINESS MACHINES CORPORATION,"Wednesday, January 11, 2023",Purchase,"$1,001 - $15,000",NEW, MORGAN STANLEY - SELECT UMA ACCOUNT # 1,,Josh Gottheimer,2023-02-17,D, NJ05,House,,2023-02-20,2.21752914167768,New Jersey,2023-11-16,2023-01-11,2023-02-17,IBM,-9.694516511024831,-13.726078576075329,False,False
MCD,Stock,McDonald&#39;s Corporation Common Stock,"Wednesday, January 11, 2023",Sale (Full),"$1,001 - $15,000",New,,,"Carper, Thomas R.",2023-02-02,D,,Senate,,2023-02-02,-25.4761630120973,Delaware,2023-08-28,2023-01-11,2023-02-02,MCD,5.421517500140238,-2.3194846847118145,True,False
NFLX,ST,"NETFLIX, INC.","Wednesday, January 11, 2023",Purchase,"$1,001 - $15,000",NEW, MORGAN STANLEY - SELECT UMA ACCOUNT # 1,,Josh Gottheimer,2023-02-17,D, NJ05,House,,2023-02-20,55.818173779166,New Jersey,2023-11-16,2023-01-11,2023-02-17,NFLX,3.0975182005500645,-0.16395883212025897,True,False
TMO,ST,THERMO FISHER SCIENTIFIC INC,"Wednesday, January 11, 2023",Sale,"$1,001 - $15,000",NEW, MORGAN STANLEY - SELECT UMA ACCOUNT # 1,,Josh Gottheimer,2023-02-17,D, NJ05,House,,2023-02-20,-29.046092740732,New Jersey,2023-11-16,2023-01-11,2023-02-17,TMO,4.958349816844542,4.570750273958346,True,True
TXN,Stock Option,Texas Instruments Incorporated - Common Stock,"Wednesday, January 11, 2023",Sale (Partial),"$1,001 - $15,000",New,,Option Type: Put Strike price: $170.00  Expires: 07/21/2023,"Tuberville, Tommy",2023-02-14,R,,Senate,,2023-02-14,-32.8690902933284,Alabama,2023-08-28,2023-01-11,2023-02-14,TXN,4.766301693436503,2.9508513331271358,True,True
ORCL,ST,ORACLE CORPORATION,"Wednesday, January 11, 2023",Purchase,"$1,001 - $15,000",NEW, MORGAN STANLEY - SELECT UMA ACCOUNT # 1,,Josh Gottheimer,2023-02-17,D, NJ05,House,,2023-02-20,12.3739762565109,New Jersey,2023-11-16,2023-01-11,2023-02-17,ORCL,-4.692234200104606,2.551034694323806,False,True
SHW,ST,SHERWIN-WILLIAMS COMPANY,"Wednesday, January 11, 2023",Purchase,"$1,001 - $15,000",NEW, MORGAN STANLEY IRA - X141,,Lois Frankel,2023-02-03,D, FL22,House,,2023-02-06,7.97175181341811,Florida,2023-11-16,2023-01-11,2023-02-03,SHW,-8.48825451569708,-10.68090285707739,False,False
JCI,ST,JOHNSON CONTROLS INTERNATIONAL PLC ORDINARY SHARE,"Wednesday, January 11, 2023",Purchase,"$1,001 - $15,000",NEW, MORGAN STANLEY IRA - X141,,Lois Frankel,2023-02-03,D, FL22,House,,2023-02-06,-35.8288647343659,Florida,2023-11-16,2023-01-11,2023-02-03,JCI,-7.48290632429457,-19.6661508872105,False,False
PAYX,ST,"PAYCHEX, INC.","Wednesday, January 11, 2023",Sale,"$1,001 - $15,000",NEW, MORGAN STANLEY - SELECT UMA ACCOUNT # 1,,Josh Gottheimer,2023-02-17,D, NJ05,House,,2023-02-20,-28.8176891024297,New Jersey,2023-11-16,2023-01-11,2023-02-17,PAYX,7.606544673366066,12.116202541748189,True,True
ADP,ST,"AUTOMATIC DATA PROCESSING, INC.","Wednesday, January 11, 2023",Purchase,"$1,001 - $15,000",NEW, MORGAN STANLEY - SELECT UMA ACCOUNT # 1,,Josh Gottheimer,2023-02-17,D, NJ05,House,,2023-02-20,-30.5269427525088,New Jersey,2023-11-16,2023-01-11,2023-02-17,ADP,-10.89175591944851,-15.687021658135647,False,False
CME,Stock,CME Group Inc. - Class A Common Stock,"Wednesday, January 11, 2023",Purchase,"$1,001 - $15,000",New,,,"Carper, Thomas R.",2023-02-02,D,,Senate,,2023-02-02,-5.48618610103038,Delaware,2023-08-28,2023-01-11,2023-02-02,CME,1.7722946269857154,5.565466292322063,True,True
LLY,ST,ELI LILLY AND COMPANY,"Wednesday, January 11, 2023",Purchase,"$1,001 - $15,000",NEW, MORGAN STANLEY - SELECT UMA ACCOUNT # 1,,Josh Gottheimer,2023-02-17,D, NJ05,House,,2023-02-20,79.9343243501637,New Jersey,2023-11-16,2023-01-11,2023-02-17,LLY,-7.286772613053449,-2.5027289866498714,False,False
COP,ST,CONOCOPHILLIPS,"Wednesday, January 11, 2023",Purchase,"$1,001 - $15,000",NEW, MORGAN STANLEY - SELECT UMA ACCOUNT # 1,,Josh Gottheimer,2023-02-17,D, NJ05,House,,2023-02-20,-27.796698531272,New Jersey,2023-11-16,2023-01-11,2023-02-17,COP,-5.733825177477215,-13.227438640827248,False,False
LRCX,ST,LAM RESEARCH CORPORATION,"Wednesday, January 11, 2023",Sale,"$1,001 - $15,000",NEW, MORGAN STANLEY - SELECT UMA ACCOUNT # 1,,Josh Gottheimer,2023-02-17,D, NJ05,House,,2023-02-20,66.6943274344535,New Jersey,2023-11-16,2023-01-11,2023-02-17,LRCX,-5.721507311656682,-5.796571263253303,False,False
JNJ,ST,JOHNSON & JOHNSON,"Wednesday, January 11, 2023",Sale,"$1,001 - $15,000",NEW, MORGAN STANLEY - SELECT UMA ACCOUNT # 1,,Josh Gottheimer,2023-02-17,D, NJ05,House,,2023-02-20,-38.8684313073213,New Jersey,2023-11-16,2023-01-11,2023-02-17,JNJ,10.323662972207048,9.576934154265837,True,True
ACN,ST,ACCENTURE PLC CLASS A ORDINARY SHARES,"Wednesday, January 11, 2023",Purchase,"$1,001 - $15,000",NEW, MORGAN STANLEY IRA - X141,,Lois Frankel,2023-02-03,D, FL22,House,,2023-02-06,3.95264042866086,Florida,2023-11-16,2023-01-11,2023-02-03,ACN,-2.0197585630093995,-1.6421208567063195,False,False
KO,Stock Option,Coca-Cola Company (The) Common Stock,"Wednesday, January 11, 2023",Sale (Partial),"$1,001 - $15,000",New,,Option Type: Put Strike price: $60.00  Expires: 12/15/2023,"Tuberville, Tommy",2023-02-14,R,,Senate,,2023-02-14,-32.7539558508496,Alabama,2023-08-28,2023-01-11,2023-02-14,KO,6.898595856387269,2.5907043272318298,True,True
V,Stock Option,Visa Inc.,"Wednesday, January 11, 2023",Sale (Partial),"$1,001 - $15,000",New,,Option Type: Put Strike price: $210.00  Expires: 09/15/2023,"Tuberville, Tommy",2023-02-14,R,,Senate,,2023-02-14,-1.8809350508029,Alabama,2023-08-28,2023-01-11,2023-02-14,V,0.7481209152016,0.6508483021430589,True,True
ETSY,ST,"ETSY, INC.","Wednesday, January 11, 2023",Purchase,"$1,001 - $15,000",NEW, MORGAN STANLEY - SELECT UMA ACCOUNT # 1,,Josh Gottheimer,2023-02-17,D, NJ05,House,,2023-02-20,-80.124579494032,New Jersey,2023-11-16,2023-01-11,2023-02-17,ETSY,-4.945038604112795,-26.562854811617154,False,False
FLNG,Stock,FLEX LNG Ltd. Ordinary Shares,"Wednesday, January 11, 2023",Purchase,"$1,001 - $15,000",New,,,"Carper, Thomas R.",2023-02-02,D,,Senate,,2023-02-02,-47.3248343260916,Delaware,2023-08-28,2023-01-11,2023-02-02,FLNG,2.634872477344352,5.589798229609011,True,True
DBSDY,ST,DBS GROUP HOLDINGS LTD ORD AMERICAN DEPOSITARY SHARES,"Wednesday, January 11, 2023",Sale,"$1,001 - $15,000",NEW, MORGAN STANLEY - SELECT UMA ACCOUNT # 1,,Josh Gottheimer,2023-02-17,D, NJ05,House,,2023-02-20,-30.3040121345158,New Jersey,2023-11-16,2023-01-11,2023-02-17,DBSDY,-0.43654086742734854,10.796897414454165,False,True
DE,ST,DEERE & COMPANY,"Wednesday, January 11, 2023",Purchase,"$1,001 - $15,000",NEW, MORGAN STANLEY - SELECT UMA ACCOUNT # 1,,Josh Gottheimer,2023-02-17,D, NJ05,House,,2023-02-20,-40.8743457387603,New Jersey,2023-11-16,2023-01-11,2023-02-17,DE,-6.663924300339163,-15.655810999273855,False,False
FCX,ST,"FREEPORT-MCMORAN, INC.","Wednesday, January 11, 2023",Purchase,"$1,001 - $15,000",NEW, MORGAN STANLEY - SELECT UMA ACCOUNT # 1,,Josh Gottheimer,2023-02-17,D, NJ05,House,,2023-02-20,-30.8856632470743,New Jersey,2023-11-16,2023-01-11,2023-02-17,FCX,-9.575710443343477,-12.755279907550399,False,False
AAPL,ST,APPLE INC.,"Wednesday, January 11, 2023",Purchase,"$1,001 - $15,000",NEW, MORGAN STANLEY - SELECT UMA ACCOUNT # 1,,Josh Gottheimer,2023-02-17,D, NJ05,House,,2023-02-20,-0.0059688429858937,New Jersey,2023-11-16,2023-01-11,2023-02-17,AAPL,10.08019017538697,16.948542045881698,True,True
SPGI,ST,S&P GLOBAL INC.,"Tuesday, January 10, 2023",Sale,"$15,001 - $50,000",NEW, STATE STREET BANK & TRUST CO.,,Thomas H. Kean,2023-02-11,R, NJ07,House,,2023-02-13,-11.6630179898191,New Jersey,2023-11-16,2023-01-10,2023-02-11,SPGI,1.5268880881133873,9.234945006685214,True,True
BMY,Stock,Bristol-Myers Squibb Company Common Stock,"Tuesday, January 10, 2023",Sale (Partial),"$1,001 - $15,000",New,,,"Sullivan, Dan",2023-02-13,R,,Senate,,2023-02-14,-57.9198854215404,Alaska,2023-08-28,2023-01-10,2023-02-13,BMY,4.363135522494133,6.756370556568026,True,True
ULTA,Stock,"Ulta Beauty, Inc. - Common Stock","Tuesday, January 10, 2023",Sale (Partial),"$1,001 - $15,000",New,,,"Sullivan, Dan",2023-02-13,R,,Senate,,2023-02-14,-21.276828168396,Alaska,2023-08-28,2023-01-10,2023-02-13,ULTA,-2.70803912572537,-3.513944782774181,False,False
V,ST,VISA INC.,"Tuesday, January 10, 2023",Purchase,"$15,001 - $50,000",NEW, MORGAN STANLEY TRUST ACCOUNT,,Jonathan Jackson,2023-05-12,D, IL01,House,,2023-05-15,-2.94916858646733,Illinois,2023-11-16,2023-01-10,2023-05-12,V,-0.40378309240585164,-2.4289898213324834,False,False
JPM,Stock,JP Morgan Chase & Co. Common Stock,"Tuesday, January 10, 2023",Sale (Partial),"$1,001 - $15,000",New,,,"Sullivan, Dan",2023-02-13,R,,Senate,,2023-02-14,6.33215547390598,Alaska,2023-08-28,2023-01-10,2023-02-13,JPM,2.826697139646628,12.571571419986526,True,True
SPG,ST,"SIMON PROPERTY GROUP, INC.","Tuesday, January 10, 2023",Purchase,"$15,001 - $50,000",NEW, TD AMERITRADE ROTH IRA,THIS TRANSACTION WAS MADE BY JASON SPARTZ'S ROTH IRA.,Victoria Spartz,2023-01-12,R, IN05,House,,2023-01-13,-1.94076259362055,Indiana,2023-11-16,2023-01-10,2023-01-12,SPG,2.3300149735862474,-11.08306270474868,True,False
CVS,Stock,CVS Health Corporation Common Stock,"Tuesday, January 10, 2023",Sale (Partial),"$1,001 - $15,000",New,,,"Sullivan, Dan",2023-02-13,R,,Senate,,2023-02-14,-45.5860893014817,Alaska,2023-08-28,2023-01-10,2023-02-13,CVS,4.7796481762670595,20.961227850744677,True,True
MKL,ST,MARKEL CORPORATION,"Tuesday, January 10, 2023",Sale,"$1,001 - $15,000",NEW, STATE STREET BANK & TRUST CO.,,Thomas H. Kean,2023-02-11,R, NJ07,House,,2023-02-13,-19.9339786939101,New Jersey,2023-11-16,2023-01-10,2023-02-11,MKL,5.355132723682699,9.735418565881538,True,True
AMZN,Stock,"Amazon.com, Inc. - Common Stock","Tuesday, January 10, 2023",Purchase,"$1,001 - $15,000",New,,,"Sullivan, Dan",2023-02-13,R,,Senate,,2023-02-14,63.1109064387034,Alaska,2023-08-28,2023-01-10,2023-02-13,AMZN,5.173624377121233,8.842136262217215,True,True
ZTS,Stock,Zoetis Inc. Class A Common Stock,"Tuesday, January 10, 2023",Purchase,"$1,001 - $15,000",New,,,"Sullivan, Dan",2023-02-13,R,,Senate,,2023-02-14,-19.1723341339783,Alaska,2023-08-28,2023-01-10,2023-02-13,ZTS,0.03871900044640775,5.851478317898162,True,True
SYK,ST,STRYKER CORPORATION,"Tuesday, January 10, 2023",Sale,"$15,001 - $50,000",NEW, STATE STREET BANK & TRUST CO.,,Thomas H. Kean,2023-02-11,R, NJ07,House,,2023-02-13,2.54711417133312,New Jersey,2023-11-16,2023-01-10,2023-02-11,SYK,3.93134391724117,-4.416155718898462,True,False
ALGN,Stock,"Align Technology, Inc. - Common Stock","Tuesday, January 10, 2023",Purchase,"$1,001 - $15,000",New,,,"Sullivan, Dan",2023-02-13,R,,Senate,,2023-02-14,4.38040670837896,Alaska,2023-08-28,2023-01-10,2023-02-13,ALGN,34.2369286249216,37.52815087547818,True,True
PH,ST,PARKER-HANNIFIN CORPORATION,"Monday, January 9, 2023",Purchase,"$15,001 - $50,000",NEW, MORGAN STANLEY TRUST ACCOUNT,,Jonathan Jackson,2023-05-12,D, IL01,House,,2023-05-15,41.0809639337737,Illinois,2023-11-16,2023-01-09,2023-05-12,PH,7.920507232894969,-3.750509468844232,True,False
MMC,ST,"THE ACCOUNT BEING ONE WHERE I DID NOT CONTROL SELECTIONS OR TRADES, I DID NOT NEED TO FILE PTRS. THAT GUIDANCE HAS SINCE CHANGED AND AM REPORTING PER NEW GUIDANCE MARSH & MCLENNAN COMPANIES, INC.","Friday, January 6, 2023",Purchase,"$1,001 - $15,000",NEW, RICHARD R LARSEN IRA > AMERIPRISE SPS MANAGED ACCOUNT,THIS MANAGED ACCOUNT WITHIN THE RRL IRA WAS SET UP LATE 2020. AT THE TIME I RECEIVED GUIDANCE THAT DUE TO,Rick Larsen,2023-05-26,D, WA02,House,,2023-05-29,-11.1119375919801,Washington,2023-11-16,2023-01-06,2023-05-26,MMC,-4.790898832226653,-6.314070287917717,False,False
BLK,ST,"BLACKROCK, INC.","Friday, January 6, 2023",Sale,"$1,001 - $15,000",NEW, RICHARD R LARSEN IRA > AMERIPRISE SPS MANAGED ACCOUNT,THIS MANAGED ACCOUNT WITHIN THE RRL IRA WAS SET UP LATE 2020. AT THE TIME I RECEIVED GUIDANCE THAT DUE TO,Rick Larsen,2023-05-26,D, WA02,House,,2023-05-29,-23.0642895581764,Washington,2023-11-16,2023-01-06,2023-05-26,BLK,4.9519607496035345,16.44678372050071,True,True
ABT,ST,ABBOTT LABORATORIES,"Friday, January 6, 2023",Sale,"$1,001 - $15,000",NEW, RICHARD R LARSEN IRA > AMERIPRISE SPS MANAGED ACCOUNT,THIS MANAGED ACCOUNT WITHIN THE RRL IRA WAS SET UP LATE 2020. AT THE TIME I RECEIVED GUIDANCE THAT DUE TO,Rick Larsen,2023-05-26,D, WA02,House,,2023-05-29,-28.9936971278686,Washington,2023-11-16,2023-01-06,2023-05-26,ABT,6.9520288812209285,11.97761028420542,True,True
ELV,ST,"THE ACCOUNT BEING ONE WHERE I DID NOT CONTROL SELECTIONS OR TRADES, I DID NOT NEED TO FILE PTRS. THAT GUIDANCE HAS SINCE CHANGED AND AM REPORTING PER NEW GUIDANCE ELEVANCE HEALTH, INC.","Friday, January 6, 2023",Purchase,"$1,001 - $15,000",NEW, RICHARD R LARSEN IRA > AMERIPRISE SPS MANAGED ACCOUNT,THIS MANAGED ACCOUNT WITHIN THE RRL IRA WAS SET UP LATE 2020. AT THE TIME I RECEIVED GUIDANCE THAT DUE TO,Rick Larsen,2023-05-26,D, WA02,House,,2023-05-29,-23.8990385483853,Washington,2023-11-16,2023-01-06,2023-05-26,ELV,-4.874555863962349,-3.694747879496263,False,False
DEO,ST,DIAGEO PLC,"Thursday, January 5, 2023",Purchase,"$1,001 - $15,000",NEW, MORGAN STANLEY IRA - X141,,Lois Frankel,2023-02-03,D, FL22,House,,2023-02-06,-50.948810697763,Florida,2023-11-16,2023-01-05,2023-02-03,DEO,-9.563275940379834,-3.1045120043890373,False,False
X,Stock,United States Steel Corporation Common Stock,"Thursday, January 5, 2023",Sale (Partial),"$1,001 - $15,000",New,,,"Tuberville, Tommy",2023-02-14,R,,Senate,,2023-02-14,17.8475785541885,Alabama,2023-08-28,2023-01-05,2023-02-14,X,-10.23633190894937,11.02755189603194,False,True
CLF,Stock Option,Cleveland-Cliffs Inc. Common Stock,"Thursday, January 5, 2023",Sale (Partial),"$1,001 - $15,000",New,,Option Type: Call Strike price: $18.00  Expires: 04/21/2023,"Tuberville, Tommy",2023-02-14,R,,Senate,,2023-02-14,-22.5319535051079,Alabama,2023-08-28,2023-01-05,2023-02-14,CLF,-10.45289058038199,11.276258480747071,False,True
X,Stock,United States Steel Corporation Common Stock,"Thursday, January 5, 2023",Sale (Partial),"$1,001 - $15,000",New,,,"Tuberville, Tommy",2023-02-14,R,,Senate,,2023-02-14,17.8475785541885,Alabama,2023-08-28,2023-01-05,2023-02-14,X,-10.23633190894937,11.02755189603194,False,True
CLF,Stock Option,Cleveland-Cliffs Inc. Common Stock,"Thursday, January 5, 2023",Sale (Partial),"$1,001 - $15,000",New,,Option Type: Call Strike price: $20.00  Expires: 07/21/2023,"Tuberville, Tommy",2023-02-14,R,,Senate,,2023-02-14,-22.5319535051079,Alabama,2023-08-28,2023-01-05,2023-02-14,CLF,-10.45289058038199,11.276258480747071,False,True
X,Stock,United States Steel Corporation Common Stock,"Thursday, January 5, 2023",Sale (Partial),"$1,001 - $15,000",New,,,"Tuberville, Tommy",2023-02-14,R,,Senate,,2023-02-14,17.8475785541885,Alabama,2023-08-28,2023-01-05,2023-02-14,X,-10.23633190894937,11.02755189603194,False,True
CLF,Stock Option,Cleveland-Cliffs Inc. Common Stock,"Thursday, January 5, 2023",Sale (Partial),"$15,001 - $50,000",New,,Option Type: Call Strike price: $20.00  Expires: 06/16/2023,"Tuberville, Tommy",2023-02-14,R,,Senate,,2023-02-14,-22.5319535051079,Alabama,2023-08-28,2023-01-05,2023-02-14,CLF,-10.45289058038199,11.276258480747071,False,True
X,Stock Option,United States Steel Corporation Common Stock,"Thursday, January 5, 2023",Purchase,"$1,001 - $15,000",New,,Option Type: Put Strike price: $23.00  Expires: 01/20/2023,"Tuberville, Tommy",2023-02-14,R,,Senate,,2023-02-14,17.8475785541885,Alabama,2023-08-28,2023-01-05,2023-02-14,X,10.23633190894937,-11.02755189603194,True,False
X,Stock,United States Steel Corporation Common Stock,"Thursday, January 5, 2023",Sale (Partial),"$50,001 - $100,000",New,,,"Tuberville, Tommy",2023-02-14,R,,Senate,,2023-02-14,17.8475785541885,Alabama,2023-08-28,2023-01-05,2023-02-14,X,-10.23633190894937,11.02755189603194,False,True
X,Stock,United States Steel Corporation Common Stock,"Thursday, January 5, 2023",Sale (Partial),"$15,001 - $50,000",New,,,"Tuberville, Tommy",2023-02-14,R,,Senate,,2023-02-14,17.8475785541885,Alabama,2023-08-28,2023-01-05,2023-02-14,X,-10.23633190894937,11.02755189603194,False,True
CLF,Stock Option,Cleveland-Cliffs Inc. Common Stock,"Thursday, January 5, 2023",Sale (Partial),"$1,001 - $15,000",New,,Option Type: Call Strike price: $20.00  Expires: 07/21/2023,"Tuberville, Tommy",2023-02-14,R,,Senate,,2023-02-14,-22.5319535051079,Alabama,2023-08-28,2023-01-05,2023-02-14,CLF,-10.45289058038199,11.276258480747071,False,True
FLNG,ST,FLEX LNG LTD. ORDINARY SHARES,"Wednesday, January 4, 2023",Purchase,"$1,001 - $15,000",NEW,,,Virginia Foxx,2023-02-03,R, NC05,House,,2023-02-06,-49.0537807685072,North Carolina,2023-11-16,2023-01-04,2023-02-03,FLNG,-5.932016410974894,1.3010362905610418,False,True
MSFT,OP,MICROSOFT CORPORATION,"Wednesday, January 4, 2023",Purchase,"$500,001 - $1,000,000",NEW, MORGAN STANLEY - PORTFOLIO MANAGEMENT ACTIVE ASSETS ACCOUNT,CALL OPTIONS; STRIKE PRICE $150; EXPIRES 06/16/23,Josh Gottheimer,2023-02-17,D, NJ05,House,,2023-02-20,48.4310343527438,New Jersey,2023-11-16,2023-01-04,2023-02-17,MSFT,5.409130398889639,18.924378320800162,True,True
DEO,ST,DIAGEO PLC,"Wednesday, January 4, 2023",Purchase,"$1,001 - $15,000",NEW, MORGAN STANLEY IRA - X141,,Lois Frankel,2023-02-03,D, FL22,House,,2023-02-06,-50.6054184412914,Florida,2023-11-16,2023-01-04,2023-02-03,DEO,-9.956127145920446,-4.635712095786526,False,False
MSFT,OP,MICROSOFT CORPORATION,"Wednesday, January 4, 2023",Sale,"$500,001 - $1,000,000",NEW, MORGAN STANLEY - PORTFOLIO MANAGEMENT ACTIVE ASSETS ACCOUNT,CALL OPTIONS; STRIKE PRICE $155; EXPIRES 09/15/23,Josh Gottheimer,2023-02-17,D, NJ05,House,,2023-02-20,48.4310343527438,New Jersey,2023-11-16,2023-01-04,2023-02-17,MSFT,-5.409130398889639,-18.924378320800162,False,False
MSFT,OP,MICROSOFT CORPORATION,"Wednesday, January 4, 2023",Sale,"$250,001 - $500,000",NEW, MORGAN STANLEY - PORTFOLIO MANAGEMENT ACTIVE ASSETS ACCOUNT,CALL OPTIONS; STRIKE PRICE $165; EXPIRES 06/16/23,Josh Gottheimer,2023-02-17,D, NJ05,House,,2023-02-20,48.4310343527438,New Jersey,2023-11-16,2023-01-04,2023-02-17,MSFT,-5.409130398889639,-18.924378320800162,False,False
MSFT,OP,MICROSOFT CORPORATION,"Wednesday, January 4, 2023",Purchase,"$250,001 - $500,000",NEW, MORGAN STANLEY - PORTFOLIO MANAGEMENT ACTIVE ASSETS ACCOUNT,CALL OPTIONS; STRIKE PRICE $160; EXPIRES 03/17/23,Josh Gottheimer,2023-02-17,D, NJ05,House,,2023-02-20,48.4310343527438,New Jersey,2023-11-16,2023-01-04,2023-02-17,MSFT,5.409130398889639,18.924378320800162,True,True
MSFT,OP,MICROSOFT CORPORATION,"Wednesday, January 4, 2023",Sale,"$500,001 - $1,000,000",NEW, MORGAN STANLEY - PORTFOLIO MANAGEMENT ACTIVE ASSETS ACCOUNT,CALL OPTIONS; STRIKE PRICE $155; EXPIRES 07/21/23,Josh Gottheimer,2023-02-17,D, NJ05,House,,2023-02-20,48.4310343527438,New Jersey,2023-11-16,2023-01-04,2023-02-17,MSFT,-5.409130398889639,-18.924378320800162,False,False
MSFT,ST,MICROSOFT CORPORATION,"Wednesday, January 4, 2023",Sale,"$1,000,001 - $5,000,000",NEW, HERN FAMILY REVOCABLE TRUST > BROKERAGE INVESTMENT ACCOUNT,SELL CLOSE,Kevin Hern,2023-02-14,R, OK01,House,,2023-02-15,48.4310343527438,Oklahoma,2023-11-16,2023-01-04,2023-02-14,MSFT,-5.409130398889639,-18.924378320800162,False,False
MSFT,OP,MICROSOFT CORPORATION,"Wednesday, January 4, 2023",Purchase,"$500,001 - $1,000,000",NEW, MORGAN STANLEY - PORTFOLIO MANAGEMENT ACTIVE ASSETS ACCOUNT,CALL OPTIONS; STRIKE PRICE $150; EXPIRES 06/16/23,Josh Gottheimer,2023-02-17,D, NJ05,House,,2023-02-20,48.4310343527438,New Jersey,2023-11-16,2023-01-04,2023-02-17,MSFT,5.409130398889639,18.924378320800162,True,True
ELV,ST,"ELEVANCE HEALTH, INC.","Tuesday, January 3, 2023",Sale,"$1,001 - $15,000",NEW, MORGAN STANLEY,,Robert J. Wittman,2023-02-15,R, VA01,House,,2023-02-15,-32.1259408117128,Virginia,2023-11-16,2023-01-03,2023-02-15,ELV,13.638256132556092,12.974055017653917,True,True
NGL,ST,NGL ENERGY PARTNERS LP COMMON UNITS REPRESENTING LIMITED PARTNER INTERESTS,"Tuesday, January 3, 2023",Sale,"$1,001 - $15,000",NEW, EQUITABLE RETIREMENT ACCOUNT,,Mark Dr Green,2023-01-09,R, TN07,House,,2023-01-10,391.146188136704,Tennessee,2023-11-16,2023-01-03,2023-01-09,NGL,-35.43749609482985,-172.847185637299,False,False
SYK,ST,STRYKER CORPORATION,"Tuesday, January 3, 2023",Sale,"$100,001 - $250,000",NEW,,,Michael C. Burgess,2023-01-25,R, TX26,House,,2023-01-26,8.87305927137488,Texas,2023-11-16,2023-01-03,2023-01-25,SYK,-5.515925730783011,-9.025478411612543,False,False
